expiry_date,observation_timestamp_ist,realized_direction,expiry_return,available_strikes,available_contracts,ce_open_sum,ce_open_count,ce_oi_sum,ce_oi_count,ce_volume_sum,ce_volume_count,ce_oi_weighted_dist,ce_oi_dist_sd,ce_oi_wall_dist,ce_oi_wall_share,ce_volume_weighted_dist,ce_volume_dist_sd,ce_volume_wall_dist,ce_volume_wall_share,ce_open_weighted_dist,ce_open_dist_sd,ce_open_wall_dist,ce_open_wall_share,pe_open_sum,pe_open_count,pe_oi_sum,pe_oi_count,pe_volume_sum,pe_volume_count,pe_oi_weighted_dist,pe_oi_dist_sd,pe_oi_wall_dist,pe_oi_wall_share,pe_volume_weighted_dist,pe_volume_dist_sd,pe_volume_wall_dist,pe_volume_wall_share,pe_open_weighted_dist,pe_open_dist_sd,pe_open_wall_dist,pe_open_wall_share,oi_pcr,oi_imbalance,volume_pcr,volume_imbalance,premium_pcr,premium_imbalance,ce_open_d-30,ce_oi_d-30,ce_volume_d-30,pe_open_d-30,pe_oi_d-30,pe_volume_d-30,ce_open_d-29,ce_oi_d-29,ce_volume_d-29,pe_open_d-29,pe_oi_d-29,pe_volume_d-29,ce_open_d-28,ce_oi_d-28,ce_volume_d-28,pe_open_d-28,pe_oi_d-28,pe_volume_d-28,ce_open_d-27,ce_oi_d-27,ce_volume_d-27,pe_open_d-27,pe_oi_d-27,pe_volume_d-27,ce_open_d-26,ce_oi_d-26,ce_volume_d-26,pe_open_d-26,pe_oi_d-26,pe_volume_d-26,ce_open_d-25,ce_oi_d-25,ce_volume_d-25,pe_open_d-25,pe_oi_d-25,pe_volume_d-25,ce_open_d-24,ce_oi_d-24,ce_volume_d-24,pe_open_d-24,pe_oi_d-24,pe_volume_d-24,ce_open_d-23,ce_oi_d-23,ce_volume_d-23,pe_open_d-23,pe_oi_d-23,pe_volume_d-23,ce_open_d-22,ce_oi_d-22,ce_volume_d-22,pe_open_d-22,pe_oi_d-22,pe_volume_d-22,ce_open_d-21,ce_oi_d-21,ce_volume_d-21,pe_open_d-21,pe_oi_d-21,pe_volume_d-21,ce_open_d-20,ce_oi_d-20,ce_volume_d-20,pe_open_d-20,pe_oi_d-20,pe_volume_d-20,ce_open_d-19,ce_oi_d-19,ce_volume_d-19,pe_open_d-19,pe_oi_d-19,pe_volume_d-19,ce_open_d-18,ce_oi_d-18,ce_volume_d-18,pe_open_d-18,pe_oi_d-18,pe_volume_d-18,ce_open_d-17,ce_oi_d-17,ce_volume_d-17,pe_open_d-17,pe_oi_d-17,pe_volume_d-17,ce_open_d-16,ce_oi_d-16,ce_volume_d-16,pe_open_d-16,pe_oi_d-16,pe_volume_d-16,ce_open_d-15,ce_oi_d-15,ce_volume_d-15,pe_open_d-15,pe_oi_d-15,pe_volume_d-15,ce_open_d-14,ce_oi_d-14,ce_volume_d-14,pe_open_d-14,pe_oi_d-14,pe_volume_d-14,ce_open_d-13,ce_oi_d-13,ce_volume_d-13,pe_open_d-13,pe_oi_d-13,pe_volume_d-13,ce_open_d-12,ce_oi_d-12,ce_volume_d-12,pe_open_d-12,pe_oi_d-12,pe_volume_d-12,ce_open_d-11,ce_oi_d-11,ce_volume_d-11,pe_open_d-11,pe_oi_d-11,pe_volume_d-11,ce_open_d-10,ce_oi_d-10,ce_volume_d-10,pe_open_d-10,pe_oi_d-10,pe_volume_d-10,ce_open_d-9,ce_oi_d-9,ce_volume_d-9,pe_open_d-9,pe_oi_d-9,pe_volume_d-9,ce_open_d-8,ce_oi_d-8,ce_volume_d-8,pe_open_d-8,pe_oi_d-8,pe_volume_d-8,ce_open_d-7,ce_oi_d-7,ce_volume_d-7,pe_open_d-7,pe_oi_d-7,pe_volume_d-7,ce_open_d-6,ce_oi_d-6,ce_volume_d-6,pe_open_d-6,pe_oi_d-6,pe_volume_d-6,ce_open_d-5,ce_oi_d-5,ce_volume_d-5,pe_open_d-5,pe_oi_d-5,pe_volume_d-5,ce_open_d-4,ce_oi_d-4,ce_volume_d-4,pe_open_d-4,pe_oi_d-4,pe_volume_d-4,ce_open_d-3,ce_oi_d-3,ce_volume_d-3,pe_open_d-3,pe_oi_d-3,pe_volume_d-3,ce_open_d-2,ce_oi_d-2,ce_volume_d-2,pe_open_d-2,pe_oi_d-2,pe_volume_d-2,ce_open_d-1,ce_oi_d-1,ce_volume_d-1,pe_open_d-1,pe_oi_d-1,pe_volume_d-1,ce_open_d+0,ce_oi_d+0,ce_volume_d+0,pe_open_d+0,pe_oi_d+0,pe_volume_d+0,ce_open_d+1,ce_oi_d+1,ce_volume_d+1,pe_open_d+1,pe_oi_d+1,pe_volume_d+1,ce_open_d+2,ce_oi_d+2,ce_volume_d+2,pe_open_d+2,pe_oi_d+2,pe_volume_d+2,ce_open_d+3,ce_oi_d+3,ce_volume_d+3,pe_open_d+3,pe_oi_d+3,pe_volume_d+3,ce_open_d+4,ce_oi_d+4,ce_volume_d+4,pe_open_d+4,pe_oi_d+4,pe_volume_d+4,ce_open_d+5,ce_oi_d+5,ce_volume_d+5,pe_open_d+5,pe_oi_d+5,pe_volume_d+5,ce_open_d+6,ce_oi_d+6,ce_volume_d+6,pe_open_d+6,pe_oi_d+6,pe_volume_d+6,ce_open_d+7,ce_oi_d+7,ce_volume_d+7,pe_open_d+7,pe_oi_d+7,pe_volume_d+7,ce_open_d+8,ce_oi_d+8,ce_volume_d+8,pe_open_d+8,pe_oi_d+8,pe_volume_d+8,ce_open_d+9,ce_oi_d+9,ce_volume_d+9,pe_open_d+9,pe_oi_d+9,pe_volume_d+9,ce_open_d+10,ce_oi_d+10,ce_volume_d+10,pe_open_d+10,pe_oi_d+10,pe_volume_d+10,ce_open_d+11,ce_oi_d+11,ce_volume_d+11,pe_open_d+11,pe_oi_d+11,pe_volume_d+11,ce_open_d+12,ce_oi_d+12,ce_volume_d+12,pe_open_d+12,pe_oi_d+12,pe_volume_d+12,ce_open_d+13,ce_oi_d+13,ce_volume_d+13,pe_open_d+13,pe_oi_d+13,pe_volume_d+13,ce_open_d+14,ce_oi_d+14,ce_volume_d+14,pe_open_d+14,pe_oi_d+14,pe_volume_d+14,ce_open_d+15,ce_oi_d+15,ce_volume_d+15,pe_open_d+15,pe_oi_d+15,pe_volume_d+15,ce_open_d+16,ce_oi_d+16,ce_volume_d+16,pe_open_d+16,pe_oi_d+16,pe_volume_d+16,ce_open_d+17,ce_oi_d+17,ce_volume_d+17,pe_open_d+17,pe_oi_d+17,pe_volume_d+17,ce_open_d+18,ce_oi_d+18,ce_volume_d+18,pe_open_d+18,pe_oi_d+18,pe_volume_d+18,ce_open_d+19,ce_oi_d+19,ce_volume_d+19,pe_open_d+19,pe_oi_d+19,pe_volume_d+19,ce_open_d+20,ce_oi_d+20,ce_volume_d+20,pe_open_d+20,pe_oi_d+20,pe_volume_d+20,ce_open_d+21,ce_oi_d+21,ce_volume_d+21,pe_open_d+21,pe_oi_d+21,pe_volume_d+21,ce_open_d+22,ce_oi_d+22,ce_volume_d+22,pe_open_d+22,pe_oi_d+22,pe_volume_d+22,ce_open_d+23,ce_oi_d+23,ce_volume_d+23,pe_open_d+23,pe_oi_d+23,pe_volume_d+23,ce_open_d+24,ce_oi_d+24,ce_volume_d+24,pe_open_d+24,pe_oi_d+24,pe_volume_d+24,ce_open_d+25,ce_oi_d+25,ce_volume_d+25,pe_open_d+25,pe_oi_d+25,pe_volume_d+25,ce_open_d+26,ce_oi_d+26,ce_volume_d+26,pe_open_d+26,pe_oi_d+26,pe_volume_d+26,ce_open_d+27,ce_oi_d+27,ce_volume_d+27,pe_open_d+27,pe_oi_d+27,pe_volume_d+27,ce_open_d+28,ce_oi_d+28,ce_volume_d+28,pe_open_d+28,pe_oi_d+28,pe_volume_d+28,ce_open_d+29,ce_oi_d+29,ce_volume_d+29,pe_open_d+29,pe_oi_d+29,pe_volume_d+29,ce_open_d+30,ce_oi_d+30,ce_volume_d+30,pe_open_d+30,pe_oi_d+30,pe_volume_d+30
2024-01-04,2023-12-29 10:00:00+05:30,bearish,-0.0030173792760592,93,122,6843.35,45,74700400.0,45,4141700.0,45,10.878989938474225,9.60344994558776,2.0,0.07719168839792022,10.644481734553445,9.350956685477964,0,0.10000724340246758,-8.059963322057179,7.7614115352699375,-20,0.1549752679608671,8735.349999999999,77,71679650.0,77,3445100.0,77,-13.613954588226923,15.9160419568608,0.0,0.07741039472151441,-6.90396505181272,13.725618706477977,0,0.20415953092798467,12.677837751206308,10.376127264604817,26,0.14223814729804762,0.9595617961885077,-0.020636350376981017,0.8318081947026583,-0.09181736700585227,1.2764727801442273,0.12144787434124787,,,,1.8,284300.0,900.0,,,,1.85,44700.0,650.0,,,,1.9,369450.0,20950.0,,,,2.1,136000.0,500.0,,,,2.15,619700.0,6600.0,,,,2.4,452200.0,150.0,,,,2.45,3055050.0,24600.0,,,,2.9,182050.0,11100.0,,,,3.05,1761450.0,79550.0,,,,3.65,1035600.0,24050.0,1060.55,33500.0,50.0,3.9,1330700.0,33900.0,,,,4.2,628450.0,6950.0,,,,4.95,2831850.0,31100.0,,,,5.55,910900.0,11650.0,,,,6.5,1543300.0,42450.0,,,,7.6,686850.0,16400.0,759.1,563150.0,250.0,9.05,4365250.0,51700.0,,,,10.75,1051800.0,17350.0,,,,12.75,1798500.0,31400.0,615.15,33650.0,50.0,15.35,966650.0,26300.0,571.15,237850.0,700.0,18.65,2124150.0,35400.0,524.9,48450.0,450.0,22.7,939350.0,16150.0,478.3,326150.0,600.0,28.05,2818900.0,57050.0,,,,34.25,1112200.0,48950.0,394.05,637900.0,1700.0,42.1,3194850.0,89450.0,353.35,70700.0,350.0,51.25,988600.0,48100.0,316.35,1199900.0,31050.0,62.15,5021450.0,222200.0,277.1,195900.0,5350.0,75.35,1031750.0,87550.0,245.1,1502100.0,43100.0,90.35,4199750.0,255200.0,212.0,541600.0,44000.0,108.1,1492450.0,180550.0,182.2,4048400.0,414200.0,128.3,5548750.0,703350.0,154.85,2833500.0,224300.0,151.05,2406650.0,386050.0,129.95,5766250.0,312350.0,176.0,3537950.0,363900.0,108.15,1643300.0,129100.0,204.25,605800.0,58600.0,89.0,3446950.0,309650.0,234.2,964150.0,88550.0,72.95,1519700.0,97150.0,268.1,257600.0,8650.0,58.5,5119800.0,268600.0,305.15,1099650.0,43000.0,46.55,1711750.0,67650.0,343.7,191600.0,1150.0,36.65,3912050.0,129400.0,383.55,139750.0,950.0,29.0,1254100.0,156650.0,422.65,49650.0,200.0,23.05,3127350.0,198200.0,471.2,87950.0,1700.0,18.1,1245000.0,74500.0,,,,14.35,3002300.0,88100.0,554.05,47200.0,50.0,11.4,1281100.0,60650.0,602.55,3450.0,50.0,9.2,1766750.0,144050.0,653.8,1900.0,50.0,7.55,915750.0,25050.0,,,,6.4,5380000.0,105700.0,752.15,26550.0,700.0,5.35,1155550.0,37850.0,,,,4.35,2286800.0,58400.0,,,,4.0,1716300.0,154050.0,,,,3.3,2945200.0,51400.0,,,,3.0,565650.0,144700.0,,,,2.55,1715500.0,61600.0,,,,2.5,1776550.0,274100.0,,,,2.05,1180700.0,44700.0,,,,1.9,349900.0,8450.0,1166.3,300.0,50.0,1.65,3598800.0,53300.0,1242.5,23200.0,50.0,1.55,334600.0,8700.0,,,,1.45,1210750.0,237150.0,,,,1.35,1033450.0,12750.0,,,,1.15,561650.0,30650.0,,,
2024-01-11,2024-01-05 10:00:00+05:30,bearish,-0.0043212985513646,68,89,4488.95,41,70865550.0,41,1601100.0,41,7.353828482245604,9.022411549448462,-1.0,0.08989558396145941,4.748985072762475,7.994834581729751,-1,0.16123290237961402,-6.982947014335202,5.6960602950308745,-15,0.16858062575880775,3329.7999999999997,48,67622850.0,48,1004300.0,48,-11.68460439037988,11.677351498369875,-1.0,0.07995522223627073,-6.234840187195061,9.071927771199505,-1,0.17474858110126457,4.881434320379603,6.255378855945902,12,0.18019100246261038,0.9542415179166746,-0.02341495749824534,0.6272562613203423,-0.22906271589775082,0.7417770302632019,-0.14825259792166268,,,,,,,,,,1.5,276200.0,1800.0,,,,1.65,146750.0,1000.0,,,,1.75,501650.0,11600.0,,,,,,,,,,1.95,3249500.0,74100.0,,,,2.05,164250.0,950.0,,,,2.0,1304400.0,7650.0,,,,2.15,234450.0,1750.0,,,,2.35,1298850.0,4500.0,,,,2.6,333850.0,10600.0,,,,2.8,2422850.0,11350.0,,,,3.0,734850.0,3000.0,,,,3.4,2598000.0,6400.0,,,,3.85,416650.0,2250.0,756.75,865800.0,500.0,4.45,5076500.0,23500.0,,,,5.05,1148850.0,15100.0,,,,5.8,2120800.0,5900.0,,,,6.65,1065300.0,7350.0,559.4,157000.0,400.0,8.05,2395700.0,11650.0,,,,9.95,889150.0,24550.0,464.1,156850.0,700.0,12.5,2105750.0,29850.0,418.75,62700.0,50.0,16.0,1231700.0,26150.0,373.0,369700.0,500.0,20.5,3957200.0,23000.0,329.85,92150.0,4000.0,26.6,1752150.0,41200.0,288.75,1089550.0,15150.0,34.25,5315400.0,43600.0,247.0,295150.0,7050.0,44.3,2581850.0,52750.0,211.0,2041950.0,52200.0,57.15,4583700.0,71350.0,177.8,1654100.0,47500.0,73.2,2264450.0,45000.0,146.65,6370500.0,258150.0,92.2,5406800.0,175500.0,118.75,4326650.0,239650.0,113.85,2680100.0,131100.0,94.05,5500200.0,204300.0,139.7,2203200.0,68500.0,72.75,2554650.0,60100.0,168.6,334000.0,14600.0,55.35,4607500.0,117800.0,201.45,627500.0,26900.0,41.75,1376150.0,56800.0,237.7,73800.0,2150.0,31.0,4645600.0,87400.0,279.0,824850.0,6350.0,22.7,1937650.0,26500.0,319.0,27100.0,250.0,16.5,2229600.0,52000.0,361.45,32900.0,3850.0,11.9,1377350.0,35400.0,,,,8.8,2746050.0,46350.0,450.5,91650.0,6400.0,6.5,1256900.0,15700.0,,,,5.0,4946450.0,33350.0,,,,3.95,1323300.0,9250.0,600.0,350.0,50.0,3.3,2385300.0,10750.0,,,,2.7,1352900.0,5250.0,,,,2.45,4459950.0,11350.0,,,,2.05,511450.0,4200.0,,,,1.7,1783800.0,9000.0,,,,1.65,625400.0,3800.0,,,,1.55,968700.0,950.0,,,,1.5,166800.0,150.0,,,,1.35,715550.0,89950.0,,,,1.3,71200.0,1500.0,,,,1.3,382800.0,4300.0,,,,,,,,,,1.15,2674200.0,43750.0,,,,1.1,94600.0,4500.0,,,,1.05,221800.0,30450.0,,,,0.95,122750.0,2000.0,,,,0.9,419700.0,100.0,,,,,,,,,
2024-01-18,2024-01-12 10:00:00+05:30,bearish,-0.0134203969808129,76,100,5978.8,47,67518350.0,47,3870400.0,47,8.485980477899712,9.209909819976884,-1.0,0.07319787879887468,6.655578234807772,7.942356704022359,1,0.12764830508474576,-8.712358667291095,6.549401315629915,-17,0.14726199237305146,4398.2,53,72656500.0,53,3048200.0,53,-11.726853757062342,11.48164965019948,-1.0,0.09418496624527743,-6.420494062069418,8.764240742822912,-1,0.14939964569253986,6.2302532854349515,7.0153259033573745,15,0.1647946887363012,1.076100052800461,0.03665529158761361,0.7875671765192228,-0.11883907148845142,0.7356325684083762,-0.15231762551797248,,,,1.7,82550.0,3650.0,,,,1.75,287100.0,850.0,,,,1.85,58950.0,200.0,,,,1.9,348700.0,7750.0,,,,2.05,161800.0,9000.0,,,,2.1,2682000.0,30550.0,,,,2.35,206400.0,4300.0,,,,2.55,1080850.0,48950.0,,,,2.8,444600.0,4900.0,,,,3.05,2133950.0,45600.0,,,,3.4,466450.0,4150.0,,,,3.7,3654800.0,153450.0,,,,4.3,693100.0,19100.0,880.45,35100.0,100.0,4.85,2231050.0,54950.0,,,,5.6,1024750.0,24550.0,781.35,326300.0,50.0,6.5,4177350.0,49650.0,,,,7.35,495800.0,18050.0,681.65,60950.0,50.0,8.65,2447650.0,52950.0,,,,10.1,1154900.0,20350.0,,,,12.3,2558150.0,113850.0,539.5,20600.0,100.0,14.95,1091050.0,20300.0,493.5,183250.0,250.0,18.25,3273300.0,105300.0,,,,22.65,1652600.0,45600.0,402.0,432500.0,2250.0,27.85,3456950.0,164550.0,358.2,90300.0,1200.0,34.4,1713700.0,67450.0,316.85,749600.0,23450.0,42.15,5183300.0,236200.0,277.0,294900.0,9850.0,52.2,1905950.0,101650.0,239.05,1823750.0,70050.0,64.9,3797200.0,208500.0,203.85,1287550.0,63500.0,79.55,2471600.0,183850.0,171.75,4942200.0,434050.0,96.9,6843150.0,455400.0,141.9,3274550.0,394600.0,116.9,3241600.0,338000.0,114.8,4526900.0,494050.0,140.5,2855900.0,193200.0,91.05,1421200.0,215450.0,166.65,512350.0,59400.0,70.5,4818800.0,255250.0,195.75,782300.0,98000.0,53.9,1319100.0,109250.0,229.85,149650.0,7150.0,40.3,3870750.0,178300.0,265.2,546850.0,26350.0,29.4,1646200.0,77500.0,303.25,20550.0,350.0,21.35,3375350.0,133700.0,345.0,70150.0,900.0,15.05,1767200.0,64200.0,388.65,12500.0,350.0,10.4,3571500.0,135700.0,434.0,105100.0,400.0,7.2,2739500.0,43950.0,,,,5.15,4894000.0,123350.0,529.35,13000.0,50.0,3.85,1122200.0,67600.0,,,,3.1,2781350.0,107200.0,,,,2.45,827450.0,32100.0,,,,2.05,4485000.0,200250.0,724.8,16500.0,100.0,1.8,397500.0,5750.0,,,,1.55,1455000.0,176100.0,,,,1.45,229200.0,4450.0,,,,1.3,1106550.0,202050.0,,,,1.3,100350.0,3500.0,,,,1.25,970500.0,15050.0,,,,1.2,59000.0,5300.0,,,,1.2,318000.0,51500.0,,,,1.1,61050.0,4000.0,,,,1.15,2175000.0,110350.0,,,,1.0,126150.0,4500.0,,,,0.9,496600.0,30300.0,,,,0.95,32650.0,3500.0,,,,0.9,552450.0,3250.0,,,,0.9,58400.0,3700.0,,,
2024-01-25,2024-01-19 10:00:00+05:30,bearish,-0.0133083186233283,99,127,11841.7,57,101707150.0,57,3698650.0,57,10.839388381249499,12.580327860325497,7.0,0.07830816220885159,7.817528016979168,9.393690746101218,-1,0.11128384680897084,-25.375313510729036,20.568143669955596,-53,0.22294096286850704,5812.55,70,88942050.0,70,2517300.0,70,-16.345291681493737,17.690457307954716,-3.0,0.07457383768419999,-8.470523974099233,10.945097198970071,-3,0.11597743614189807,6.322896147129917,8.458376215299479,15,0.12844620691434913,0.8744916163711204,-0.06695595890252884,0.6805996782609871,-0.190051400027349,0.490854353682326,-0.34151266692156285,,,,2.5,165900.0,7400.0,,,,2.7,2429300.0,72200.0,,,,2.9,224300.0,7300.0,,,,3.2,1261600.0,18200.0,,,,3.45,276450.0,5600.0,,,,3.95,3097200.0,70150.0,1213.65,3150.0,50.0,4.2,455300.0,6800.0,,,,4.55,6421350.0,22600.0,,,,5.0,265800.0,6550.0,,,,5.5,1393650.0,41450.0,,,,6.15,522600.0,9200.0,,,,6.8,1325900.0,17150.0,,,,7.6,342900.0,8300.0,,,,8.6,3059950.0,83550.0,,,,9.65,379650.0,14000.0,769.0,76300.0,50.0,11.1,2705600.0,31550.0,,,,12.6,471550.0,6400.0,670.8,793350.0,950.0,14.65,5888450.0,65750.0,,,,17.25,379650.0,22900.0,570.3,195600.0,50.0,20.15,2625450.0,51200.0,,,,24.25,667650.0,114900.0,482.0,368950.0,2350.0,29.1,2792800.0,67500.0,443.0,63450.0,100.0,34.85,585900.0,26200.0,395.6,561650.0,7150.0,42.1,4138500.0,81650.0,358.55,121500.0,2100.0,50.2,1849400.0,66700.0,318.9,1625700.0,12600.0,61.45,4695200.0,137350.0,281.25,497500.0,13900.0,73.9,1082100.0,95850.0,245.45,4767850.0,138950.0,88.55,6632750.0,291950.0,213.75,806750.0,49500.0,106.0,1368850.0,141000.0,183.15,5141050.0,411600.0,126.05,4830150.0,273900.0,156.35,3291800.0,304550.0,148.7,2090600.0,219000.0,131.8,6558150.0,358450.0,174.0,3512300.0,188700.0,110.15,1886550.0,144700.0,202.35,397100.0,22950.0,90.95,6336550.0,249650.0,232.9,1758750.0,53500.0,74.85,1524150.0,78850.0,267.2,182150.0,12450.0,60.6,3166500.0,143050.0,302.0,769150.0,7950.0,49.25,1021650.0,48200.0,340.8,84650.0,150.0,39.2,7964500.0,180150.0,382.65,1714500.0,5550.0,31.55,1235600.0,124350.0,,,,25.15,3706450.0,117650.0,466.4,438200.0,250.0,20.1,1193750.0,57050.0,511.25,86100.0,100.0,16.05,4614150.0,120850.0,558.2,294500.0,150.0,12.9,1295950.0,62750.0,,,,10.25,4118900.0,139750.0,654.95,89250.0,250.0,8.4,1297950.0,70150.0,,,,6.95,3282900.0,85250.0,746.6,49000.0,50.0,5.75,1130700.0,93900.0,,,,4.9,7068050.0,207000.0,,,,4.2,795450.0,12350.0,,,,3.75,3956650.0,90050.0,,,,3.2,731050.0,27000.0,,,,2.75,2786800.0,21650.0,,,,2.6,491950.0,2850.0,,,,2.3,1940950.0,55600.0,,,,2.15,261950.0,5300.0,,,,1.95,1125700.0,13550.0,,,,2.0,224700.0,5600.0,,,,1.8,5022750.0,139500.0,,,,1.75,210500.0,6500.0,,,,1.6,766050.0,26700.0,,,,,,,,,
2024-02-01,2024-01-25 10:00:00+05:30,bullish,0.015223117990277,70,92,7783.05,44,19754550.0,44,260750.0,44,11.446714807474734,11.10388790364089,3.0,0.09451746559653346,10.706040268456375,7.5401941137842226,11,0.12502396931927134,-12.166714848292123,16.208916845800044,-37,0.24990203069490752,6142.65,48,18101900.0,48,218850.0,48,-7.3952568514907275,10.871181503582575,-1.0,0.09420558062965766,-5.314827507425177,9.817854140579563,1,0.188256796892849,6.911414454673472,10.431168072863722,23,0.17143252505026332,0.916340792374415,-0.043655704642141566,0.8393096836049856,-0.08736447039199333,0.789234297608264,-0.11779659191279436,,,,,,,,,,5.35,81200.0,3250.0,,,,5.9,36550.0,450.0,,,,6.4,889100.0,1300.0,,,,7.15,28300.0,400.0,,,,8.15,281900.0,3700.0,,,,8.5,53150.0,2200.0,,,,9.45,345650.0,2500.0,,,,10.5,81050.0,1400.0,,,,12.0,368950.0,10700.0,,,,13.25,79100.0,1650.0,,,,14.55,286400.0,2650.0,,,,16.45,94650.0,1700.0,960.55,55900.0,50.0,18.4,916250.0,5550.0,,,,20.8,62450.0,1150.0,,,,23.2,249700.0,1700.0,,,,26.2,154400.0,150.0,,,,30.0,370500.0,800.0,,,,34.35,109550.0,450.0,684.55,34000.0,50.0,39.45,857400.0,4500.0,,,,44.7,97550.0,1500.0,,,,51.2,442800.0,4650.0,,,,58.55,128400.0,4250.0,512.05,260600.0,650.0,66.8,1492000.0,9850.0,,,,75.8,140300.0,1200.0,435.25,83650.0,400.0,86.35,1140250.0,9100.0,394.9,32450.0,100.0,99.1,269100.0,3800.0,360.0,541800.0,1950.0,112.85,1523450.0,17450.0,323.1,124800.0,350.0,127.7,291000.0,5500.0,291.9,837800.0,5250.0,145.3,1705300.0,11500.0,260.75,222750.0,4450.0,164.4,276950.0,15650.0,232.45,1132150.0,16700.0,185.1,1306500.0,41200.0,205.1,347850.0,5750.0,207.5,281200.0,8800.0,179.1,1867150.0,26050.0,232.35,1312200.0,21950.0,155.6,375850.0,3100.0,258.15,85550.0,950.0,134.35,1318000.0,15950.0,286.65,339450.0,5350.0,115.05,352750.0,2300.0,318.15,84650.0,250.0,97.05,1455700.0,10200.0,348.75,575500.0,1000.0,81.85,302800.0,2750.0,383.6,42150.0,300.0,68.25,1356400.0,16600.0,422.95,216300.0,3250.0,57.7,190850.0,4050.0,,,,47.4,897050.0,32600.0,500.4,58550.0,450.0,39.4,144150.0,2000.0,,,,32.7,1564250.0,19800.0,581.5,296800.0,250.0,26.95,180900.0,1100.0,,,,22.2,448850.0,27150.0,,,,18.25,112600.0,1350.0,,,,14.75,587500.0,30450.0,,,,12.6,121550.0,1650.0,,,,10.6,582500.0,5850.0,,,,9.0,142200.0,1400.0,,,,7.65,291600.0,1650.0,,,,6.7,51500.0,200.0,,,,6.05,838100.0,7050.0,1053.05,10550.0,250.0,5.0,111550.0,1400.0,,,,4.4,406450.0,650.0,,,,4.15,60400.0,3000.0,,,,3.7,243950.0,2050.0,,,,,,,,,,3.0,463250.0,300.0,,,,,,,,,
2024-02-08,2024-02-02 10:00:00+05:30,bearish,-0.0094503344332878,84,112,8783.500000000002,51,73498200.0,51,2297700.0,51,11.930652043179288,12.252118791012917,1.0,0.08855863136784302,6.179331505418462,8.231159938313718,1,0.16895156025590807,-12.163881140775315,11.021525285340731,-31,0.1810212329936813,5841.2,61,73287150.0,61,2974200.0,61,-15.77009680414643,14.237489659895155,-5.0,0.07248678656490258,-9.734315109945532,10.532839536171354,1,0.11371125008405622,6.471760939532973,7.664556026692855,15,0.12206395946038485,0.9971285011061496,-0.0014378137872750926,1.294424859642251,0.12832185739486712,0.6650196390960321,-0.2011870328964014,,,,2.4,266800.0,1850.0,,,,2.35,3487400.0,30550.0,,,,2.75,230900.0,9550.0,,,,3.0,1502600.0,31950.0,,,,3.35,343850.0,4000.0,,,,3.65,1612600.0,99800.0,,,,4.15,889900.0,6150.0,,,,4.5,2429750.0,123650.0,,,,5.0,565450.0,24700.0,,,,5.6,1837300.0,47800.0,,,,6.3,343300.0,12100.0,995.9,269600.0,300.0,7.1,4154750.0,272350.0,,,,8.0,400900.0,51600.0,,,,9.2,2311700.0,28400.0,,,,10.3,591000.0,18200.0,803.95,124550.0,850.0,11.8,1753400.0,55400.0,,,,13.55,563050.0,16700.0,,,,15.8,2019450.0,86950.0,,,,18.05,580450.0,42500.0,612.7,308100.0,1000.0,21.2,1819800.0,81750.0,565.5,36950.0,100.0,24.9,819700.0,40650.0,522.5,785000.0,4200.0,29.3,3654350.0,190200.0,474.55,78700.0,2300.0,35.1,996350.0,29200.0,435.0,496300.0,2900.0,41.4,3942750.0,124300.0,391.0,205750.0,2200.0,49.65,1283000.0,60900.0,350.9,2165600.0,27300.0,59.4,5312350.0,141500.0,313.0,570250.0,6500.0,70.75,1062350.0,67350.0,275.85,2638750.0,52350.0,84.15,4146300.0,192750.0,242.0,713100.0,39450.0,99.9,1453450.0,79750.0,209.85,3051850.0,310400.0,117.9,4499200.0,245100.0,180.6,1947050.0,169800.0,137.6,2231900.0,212300.0,152.85,6508900.0,388200.0,160.25,3332700.0,338200.0,128.25,1182300.0,65700.0,186.65,263650.0,41850.0,106.65,2390850.0,93900.0,215.05,477350.0,32800.0,87.75,905350.0,66850.0,244.75,106800.0,5650.0,71.0,3004950.0,148650.0,279.0,431500.0,10050.0,57.2,673900.0,43200.0,311.8,20050.0,350.0,45.3,2235300.0,115300.0,353.0,93150.0,5500.0,36.0,1029450.0,27250.0,389.7,9700.0,50.0,28.1,2337650.0,65000.0,431.45,42700.0,150.0,21.8,945900.0,40000.0,478.35,10200.0,3900.0,17.0,3750300.0,82800.0,524.95,62000.0,1550.0,13.05,665850.0,24050.0,,,,10.05,2131050.0,106550.0,615.45,8700.0,100.0,7.8,871350.0,25600.0,,,,5.95,5617650.0,79150.0,713.0,15250.0,50.0,4.75,1044200.0,13750.0,,,,3.65,2707400.0,15650.0,,,,3.0,889100.0,32750.0,,,,2.3,1988200.0,82550.0,,,,2.05,540850.0,4550.0,,,,1.8,4753300.0,32500.0,,,,1.55,262550.0,2800.0,,,,1.3,1123000.0,40650.0,,,,1.2,253600.0,1150.0,,,,1.0,1916150.0,20150.0,,,,1.0,220500.0,400.0,,,,0.9,1015200.0,4700.0,,,,,,,,,,0.85,832200.0,750.0,,,,0.85,124500.0,50.0,,,
2024-02-15,2024-02-09 10:00:00+05:30,bullish,0.0107250354618106,88,118,10902.699999999999,59,79898900.0,59,5223750.0,59,14.618308262066186,11.637288456661848,6.0,0.093524441512962,10.352744675759752,11.079133358902352,0,0.10177554438860971,-18.80060443743293,16.337521974550494,-43,0.19657516028139818,7949.800000000001,59,60978950.0,59,8598150.0,59,-11.774403298187325,13.507613873686694,0.0,0.07209127084018338,-8.495757808365752,11.210199724561004,0,0.15794095241418213,8.227307605222771,9.01866939293471,22,0.1397519434451181,0.7632013707322629,-0.1343003885990594,1.6459727207465902,0.24413430859722615,0.7291588322158733,-0.15663174645272498,,,,2.15,532350.0,67100.0,,,,2.35,117000.0,11350.0,,,,2.4,682200.0,79850.0,,,,2.75,160850.0,12800.0,,,,2.95,671750.0,83900.0,,,,3.25,215150.0,23850.0,,,,3.75,2275550.0,199350.0,,,,4.3,407100.0,41850.0,,,,4.95,1407000.0,162200.0,,,,5.85,669300.0,50300.0,,,,7.1,1599200.0,156350.0,944.8,5150.0,50.0,8.45,508300.0,93800.0,,,,10.05,3330550.0,319000.0,,,,11.85,534550.0,98100.0,,,,14.1,1643900.0,163150.0,,,,16.85,602550.0,63500.0,720.3,212800.0,1800.0,20.15,3843600.0,273050.0,,,,23.9,431400.0,85700.0,627.0,37850.0,100.0,28.35,1722250.0,145100.0,575.0,7200.0,300.0,33.85,516100.0,76750.0,529.65,71150.0,350.0,39.95,1926000.0,179950.0,,,,46.95,591350.0,99600.0,456.3,129900.0,1050.0,55.3,2183200.0,220200.0,412.0,25300.0,200.0,65.1,690400.0,129950.0,374.55,103450.0,2100.0,76.05,1937550.0,305600.0,338.8,40250.0,3750.0,88.85,650500.0,196500.0,300.9,497600.0,36500.0,103.55,3980000.0,700600.0,267.2,100600.0,10950.0,119.35,754400.0,300100.0,235.55,706750.0,117450.0,138.0,2805900.0,738350.0,205.95,529450.0,137950.0,158.65,1254550.0,507200.0,178.55,3292950.0,531650.0,180.4,4396050.0,1358000.0,153.2,2011000.0,308450.0,205.35,1873250.0,418450.0,130.4,4748500.0,391800.0,232.65,3737750.0,493000.0,110.25,1194550.0,150600.0,262.0,607550.0,57400.0,92.05,3393150.0,324800.0,294.25,1383950.0,90650.0,76.35,1467750.0,132050.0,328.0,334350.0,8900.0,62.55,7472500.0,446700.0,365.05,2245850.0,40200.0,50.85,1118250.0,165600.0,397.5,360100.0,2200.0,40.85,2918600.0,206050.0,439.5,222950.0,1500.0,32.95,1064600.0,96900.0,490.85,34650.0,250.0,26.05,3421650.0,189750.0,526.35,276400.0,14700.0,20.4,1675200.0,107900.0,569.0,24700.0,100.0,16.2,2762850.0,145800.0,617.35,73800.0,1550.0,12.75,1053200.0,77800.0,,,,10.1,2382900.0,200700.0,,,,7.95,915300.0,66200.0,,,,6.4,5300450.0,226400.0,805.5,54400.0,200.0,5.2,1626100.0,85550.0,,,,4.15,3468950.0,128550.0,,,,3.55,1235500.0,33700.0,,,,3.05,3609650.0,88700.0,,,,2.5,927850.0,90900.0,,,,2.2,2360400.0,67000.0,1111.0,2150.0,50.0,2.0,690550.0,6200.0,,,,1.85,1247750.0,24050.0,,,,1.75,434050.0,15850.0,,,,1.65,5165300.0,122650.0,,,,1.35,242500.0,2700.0,,,,1.3,955800.0,8050.0,,,,1.2,374850.0,2500.0,,,,1.15,600050.0,28600.0,,,
2024-02-22,2024-02-16 10:00:00+05:30,bullish,0.0096041552115095,82,108,8368.949999999999,49,60489900.0,49,2343750.0,49,10.365157654418342,10.306818210275946,0.0,0.0880461035643967,6.621952,7.63283239540622,0,0.177472,-9.630401663291096,7.56320076789916,-19,0.11983582169806249,4839.599999999999,59,68970050.0,59,2159000.0,59,-13.980843134085012,13.24893120525251,-20.0,0.08634544994530234,-9.282955071792497,11.966870718266279,0,0.14184807781380268,5.937164228448633,7.862940352464754,16,0.15165509546243494,1.1401911724106009,0.0655040419836405,0.9211733333333333,-0.041030481372494584,0.5782804294445539,-0.2672019260251882,,,,1.7,2411500.0,38250.0,,,,1.85,112550.0,1750.0,,,,1.9,825550.0,18600.0,,,,2.15,196500.0,3800.0,,,,2.2,1516600.0,52700.0,,,,2.45,206950.0,24500.0,,,,2.65,1264950.0,23400.0,,,,3.0,396450.0,16900.0,,,,3.35,1937400.0,22450.0,,,,3.95,424100.0,5800.0,,,,4.55,5955250.0,51450.0,1002.9,200.0,50.0,5.4,555750.0,11900.0,948.15,36600.0,100.0,6.25,1472150.0,42950.0,,,,7.5,534500.0,5200.0,852.35,30600.0,200.0,8.9,3117750.0,77000.0,,,,10.25,875500.0,35450.0,756.0,43900.0,50.0,12.0,1459150.0,55050.0,,,,14.5,580650.0,22600.0,,,,17.4,2113850.0,58250.0,,,,20.2,922750.0,10150.0,568.85,321900.0,1450.0,24.7,3112400.0,192100.0,523.95,74650.0,50.0,29.65,1044950.0,25700.0,479.1,263550.0,2400.0,35.7,2405650.0,60300.0,433.5,71700.0,200.0,42.7,1306100.0,26950.0,395.1,1048300.0,5650.0,51.0,4684300.0,107450.0,355.2,137800.0,2500.0,60.8,1727400.0,43550.0,315.0,1298550.0,31550.0,72.55,3733600.0,90500.0,281.4,694300.0,12400.0,86.4,1664050.0,94450.0,246.8,2358550.0,73050.0,102.4,4378300.0,190350.0,214.9,1082550.0,98250.0,120.35,1737250.0,98500.0,181.65,5325900.0,415950.0,140.45,5522200.0,306250.0,156.7,1415750.0,149400.0,163.0,1055650.0,78950.0,131.9,2877550.0,179700.0,188.15,1254800.0,81350.0,109.15,1016650.0,99650.0,216.0,272350.0,27050.0,89.35,3256650.0,149300.0,246.45,489500.0,36350.0,72.3,846500.0,64450.0,278.35,114600.0,6950.0,57.5,2390100.0,107300.0,314.45,120500.0,3350.0,44.65,875000.0,70100.0,348.55,48250.0,250.0,34.7,2897350.0,110000.0,392.0,47950.0,800.0,26.85,1303200.0,33150.0,,,,20.35,3205350.0,106400.0,473.1,103050.0,3800.0,15.2,1076050.0,37550.0,,,,11.1,3823050.0,64900.0,565.4,47150.0,150.0,8.25,931900.0,29750.0,,,,6.15,2888300.0,102100.0,,,,4.5,998100.0,13600.0,,,,3.55,3125600.0,73550.0,733.95,5000.0,4500.0,2.9,927650.0,30650.0,,,,2.3,1190100.0,107200.0,,,,1.95,406250.0,18050.0,,,,1.65,3250700.0,26600.0,,,,1.35,391400.0,12300.0,,,,1.2,744200.0,28500.0,,,,1.1,380450.0,11050.0,,,,1.05,865300.0,10300.0,,,,0.9,328850.0,6300.0,,,,0.9,579250.0,31450.0,,,,0.9,101400.0,50.0,,,,0.85,532250.0,4250.0,,,,0.85,107500.0,3250.0,,,,0.85,2506450.0,3800.0,,,
2024-02-29,2024-02-23 10:00:00+05:30,bearish,-0.0122243016690744,94,125,13173.05,52,88590500.0,52,4131400.0,52,8.495018088846999,11.442868514093577,15.0,0.13310512978253877,8.569359055041874,10.120927049537404,0,0.12786222587984702,-19.956437575200887,15.74180879871557,-45,0.17278079108482852,6066.349999999999,73,91643950.0,73,3134600.0,73,-15.89111992662909,15.070170110267032,-5.0,0.08384950670502526,-9.473601097428698,11.642065845519461,0,0.10012441778855356,6.344358634104528,8.000673098989935,15,0.11946227962448591,1.0344670139574785,0.01694154474907544,0.7587258556421552,-0.1371868978805395,0.46051218206869327,-0.36938262107965947,,,,1.7,191150.0,3750.0,,,,1.75,1392850.0,44150.0,,,,1.95,515500.0,4450.0,,,,2.0,1425800.0,19650.0,,,,2.4,428800.0,11400.0,1287.9,504850.0,150.0,2.65,7664100.0,111700.0,,,,2.9,462150.0,27300.0,,,,3.3,2009950.0,261800.0,,,,3.85,834100.0,27350.0,,,,4.3,3655100.0,70500.0,,,,5.05,1304350.0,14500.0,,,,5.65,2714500.0,36900.0,,,,6.65,771650.0,17100.0,893.0,180100.0,50.0,7.85,2972550.0,37650.0,,,,9.35,726850.0,20050.0,789.8,956900.0,2750.0,11.15,5270500.0,77500.0,748.0,26700.0,300.0,13.0,799750.0,154850.0,,,,15.65,3330250.0,33400.0,652.0,45850.0,50.0,18.65,830950.0,26000.0,601.85,678250.0,1750.0,22.25,2969450.0,65900.0,,,,26.85,1062600.0,39350.0,513.0,1060300.0,1800.0,32.3,3655850.0,57000.0,468.0,95650.0,200.0,38.65,844200.0,35500.0,425.0,721700.0,5800.0,46.2,4672750.0,102550.0,384.4,232100.0,3500.0,55.6,1429750.0,101500.0,343.0,4046250.0,62350.0,66.3,7684300.0,214350.0,307.3,401550.0,16300.0,78.55,1046350.0,63100.0,270.0,2004050.0,56100.0,92.9,4065550.0,230500.0,237.9,601200.0,26800.0,109.5,1073350.0,98300.0,207.05,4015400.0,342350.0,128.35,4874150.0,300700.0,178.05,2766700.0,528250.0,149.55,2538650.0,313850.0,151.5,5268400.0,456600.0,173.75,2530150.0,298400.0,127.4,1276650.0,154500.0,200.3,411150.0,38000.0,106.0,3810000.0,214050.0,228.9,1161100.0,53700.0,86.85,1044150.0,110600.0,257.2,138950.0,3500.0,70.55,5287750.0,235050.0,291.85,1276400.0,21100.0,56.5,1051250.0,102250.0,322.85,52450.0,750.0,44.5,4143550.0,168250.0,364.75,97400.0,1900.0,34.65,1693500.0,60500.0,405.6,16650.0,300.0,26.65,4148800.0,126000.0,444.95,135600.0,1400.0,20.4,1722450.0,75950.0,489.35,14450.0,200.0,15.6,4764950.0,100900.0,534.3,35600.0,550.0,12.0,1374350.0,43250.0,,,,9.2,2570000.0,75800.0,626.1,12000.0,50.0,7.35,1118300.0,25650.0,,,,6.0,11791850.0,129600.0,724.7,563450.0,200.0,4.7,1244700.0,9550.0,,,,3.65,2480950.0,109850.0,,,,3.05,571900.0,22350.0,,,,2.4,2723650.0,76150.0,,,,2.05,403150.0,23200.0,,,,1.85,1182700.0,56550.0,,,,1.75,253650.0,16900.0,,,,1.65,708350.0,62150.0,,,,1.55,213600.0,19200.0,,,,1.35,3432350.0,127350.0,,,,1.25,176150.0,30350.0,,,,1.0,1224600.0,327250.0,,,,1.05,115350.0,14650.0,,,,0.95,554150.0,31000.0,,,,0.95,143900.0,19400.0,,,
2024-03-14,2024-03-07 10:00:00+05:30,bearish,-0.0144385455095654,64,90,12010.5,46,20058650.0,46,822250.0,46,7.931899704117675,8.52133795475863,1.0,0.11950206020843876,7.055640012161751,7.977637067619818,1,0.17166311948920646,-19.282398734440697,16.911299495605608,-49,0.20713958619541234,3312.55,44,21138500.0,44,817900.0,44,-10.301405019277622,10.983183087133593,-5.0,0.09023819097854625,-6.1305171781391365,8.13767833264481,1,0.19812935566695195,3.767882748939638,6.618237466840185,11,0.15276750539614495,1.0538346299476784,0.02621176464876818,0.994709638187899,-0.002652196445447063,0.27580450439199033,-0.567638296553232,,,,2.25,51300.0,100.0,,,,2.35,765300.0,18150.0,,,,2.5,224800.0,4650.0,,,,2.5,217650.0,1800.0,,,,2.55,31900.0,350.0,,,,2.7,251250.0,3650.0,,,,2.9,70450.0,950.0,1205.0,3750.0,100.0,3.05,360600.0,3750.0,,,,3.25,92000.0,1500.0,1110.85,18000.0,50.0,3.6,477200.0,7300.0,,,,3.95,128400.0,6500.0,,,,4.4,1219300.0,31500.0,,,,4.85,144500.0,3400.0,900.0,16100.0,50.0,5.2,609600.0,14550.0,,,,6.0,208200.0,6900.0,813.0,25050.0,550.0,7.15,711600.0,32000.0,,,,8.45,217500.0,7950.0,714.9,98400.0,250.0,10.55,885650.0,24900.0,,,,12.8,218200.0,8400.0,629.2,32400.0,100.0,15.25,809700.0,20500.0,,,,18.85,254350.0,18600.0,530.0,249350.0,3000.0,22.95,1362600.0,76350.0,468.9,11050.0,200.0,28.25,222150.0,4100.0,437.0,113450.0,500.0,34.3,945700.0,40600.0,399.4,63800.0,250.0,41.65,342250.0,11550.0,354.0,295200.0,5550.0,50.15,1907500.0,47900.0,316.2,60000.0,800.0,60.85,381150.0,12100.0,277.0,523100.0,10500.0,73.35,1789500.0,49750.0,242.2,160100.0,8400.0,88.1,478300.0,18950.0,207.4,838800.0,47300.0,104.65,1663300.0,62000.0,177.0,467100.0,41050.0,124.55,500000.0,49250.0,149.15,2397050.0,141150.0,146.05,1662700.0,162050.0,123.2,445500.0,40900.0,170.3,252650.0,15000.0,101.0,1417300.0,89500.0,197.95,370150.0,36450.0,81.6,342150.0,34150.0,227.25,87850.0,3700.0,63.95,1236500.0,31550.0,261.0,174800.0,4300.0,49.9,525900.0,14500.0,296.75,30000.0,600.0,38.1,1309150.0,40800.0,335.0,116500.0,2550.0,29.2,225800.0,6000.0,,,,21.95,959250.0,25750.0,411.0,27850.0,300.0,16.25,286850.0,26450.0,,,,12.55,2034100.0,51550.0,506.05,31150.0,800.0,9.2,320750.0,8850.0,,,,6.85,915900.0,39550.0,,,,5.2,445750.0,11150.0,,,,4.2,871300.0,53700.0,,,,3.65,367500.0,8100.0,,,,3.25,736500.0,7900.0,,,,,,,,,,2.55,450300.0,4200.0,,,,2.25,79700.0,50.0,,,,2.15,658950.0,10050.0,,,,2.05,50800.0,200.0,,,,1.95,142000.0,700.0,,,,1.85,21750.0,3900.0,,,,1.8,93250.0,26200.0,,,,1.65,17950.0,200.0,,,,1.5,128550.0,3900.0,,,,1.45,30300.0,2150.0,,,,,,,,,,1.2,54300.0,250.0,,,
2024-03-21,2024-03-15 10:00:00+05:30,bullish,0.001219004646318,82,107,6718.0,57,70285700.0,57,4295550.0,57,13.422533317588073,10.505996127497538,20.0,0.0786653615173499,9.531305653525159,8.72394132311784,0,0.09606453189929112,-11.328349211074723,11.552243968616757,-30,0.22283417683834475,5787.650000000001,50,54223850.0,50,4707950.0,50,-10.763427901191081,12.060068804887582,0.0,0.08560163101660985,-6.913571724423582,9.74548651668594,0,0.1515946431036863,5.516150769310514,6.803246083090336,14,0.12250222456437412,0.7714776974548165,-0.1290009481200438,1.0960063321344182,0.04580440939634586,0.8615138434057756,-0.07439437374306808,1497.0,22300.0,50.0,1.45,1722900.0,53550.0,,,,1.7,103000.0,6750.0,,,,1.85,429050.0,15350.0,,,,2.1,141750.0,10800.0,,,,2.25,563050.0,16450.0,,,,2.6,114700.0,7900.0,,,,2.9,779400.0,20300.0,,,,3.3,168850.0,22400.0,,,,3.85,920400.0,83250.0,,,,4.45,227850.0,19650.0,,,,5.2,3428500.0,154400.0,,,,6.05,252800.0,20100.0,,,,7.05,1663850.0,99000.0,,,,8.5,907750.0,33550.0,,,,10.2,2725350.0,123200.0,,,,12.35,845950.0,123050.0,710.9,4900.0,1500.0,15.0,2175050.0,119150.0,,,,18.15,782200.0,44000.0,615.0,34050.0,150.0,22.0,1935250.0,87500.0,,,,26.55,560900.0,60200.0,528.0,146900.0,1200.0,32.0,2407100.0,186100.0,,,,38.3,538400.0,76750.0,444.0,56950.0,1250.0,45.95,1817200.0,137050.0,400.0,7750.0,150.0,54.55,891750.0,103900.0,361.2,62150.0,2950.0,64.7,1722050.0,221050.0,323.7,25250.0,1600.0,76.4,609700.0,76200.0,289.8,193500.0,27150.0,90.3,2561000.0,336900.0,254.0,59500.0,13200.0,105.85,887050.0,169650.0,220.3,517550.0,71450.0,124.15,2694200.0,385350.0,190.9,293000.0,74300.0,143.0,1074950.0,270850.0,162.65,3665550.0,412650.0,164.8,4641650.0,713700.0,136.8,1516400.0,172700.0,190.35,1481050.0,210750.0,113.7,3774900.0,257500.0,217.4,2509300.0,199000.0,93.45,1531400.0,121450.0,245.7,708750.0,68000.0,75.45,3956950.0,252700.0,277.45,1959400.0,97500.0,60.2,1309750.0,118600.0,312.25,389550.0,11650.0,47.2,5110000.0,349600.0,348.05,734750.0,20650.0,37.4,1558550.0,101750.0,389.0,174300.0,2600.0,28.65,3508700.0,311450.0,430.0,682350.0,4700.0,22.4,1239050.0,111400.0,474.8,72050.0,800.0,17.2,4165650.0,275000.0,517.15,659050.0,115150.0,13.25,1099600.0,169650.0,571.05,41450.0,700.0,10.15,2872700.0,190600.0,,,,7.85,1436500.0,77100.0,,,,6.35,2738050.0,148800.0,709.0,78200.0,100.0,5.0,1395350.0,96650.0,,,,4.2,3598750.0,229100.0,,,,3.5,1047450.0,26250.0,,,,3.15,4147350.0,122100.0,,,,2.75,759100.0,31100.0,,,,2.45,5529050.0,204700.0,,,,2.2,452600.0,5300.0,,,,1.95,1424100.0,14000.0,,,,1.85,364150.0,4700.0,,,,1.75,1854100.0,19500.0,,,,1.6,322700.0,5350.0,,,,1.55,1032900.0,3750.0,,,,1.45,79350.0,50.0,,,,1.4,449000.0,950.0,,,,1.3,78200.0,1950.0,,,,1.15,2575050.0,175550.0,,,
2024-03-28,2024-03-21 10:00:00+05:30,bullish,0.0145455041169093,78,108,17021.199999999997,51,44472850.0,51,606400.0,51,9.563972176282833,19.146927603667933,0.0,0.10430521093206305,7.018717018469657,10.225922357602805,12,0.1333278364116095,-40.34322785702536,29.609001285066892,-80,0.23962764082438376,7562.75,57,48817400.0,57,588050.0,57,-13.278448872737998,18.01453582242225,-20.0,0.10591510404077235,-8.28517983164697,12.153062273041256,0,0.155258906555565,14.563240884598855,11.115549095015602,30,0.18772271991008563,1.0976899389177892,0.04657024715873309,0.9697394459102903,-0.01536271924316631,0.44431356191102866,-0.3847408573479851,1581.6,143000.0,1400.0,1.8,1401100.0,15150.0,,,,1.9,35400.0,250.0,,,,1.8,277600.0,250.0,,,,,,,,,,2.05,563200.0,1000.0,,,,,,,,,,2.35,710650.0,5500.0,,,,2.5,123550.0,1150.0,,,,2.8,470600.0,2950.0,,,,3.15,220750.0,1250.0,1077.6,1007850.0,100.0,3.55,5170500.0,35500.0,,,,3.65,188000.0,1850.0,,,,4.05,593600.0,5250.0,,,,4.65,184650.0,3750.0,,,,5.0,1401200.0,11800.0,,,,5.9,251250.0,4150.0,,,,7.0,1289950.0,8800.0,,,,8.45,314400.0,6650.0,,,,10.25,1235550.0,49150.0,640.0,12900.0,50.0,12.6,268350.0,6950.0,593.95,542650.0,1050.0,15.9,3682850.0,35950.0,544.65,13450.0,50.0,19.15,248200.0,5350.0,,,,23.75,1453700.0,19450.0,454.7,63350.0,50.0,28.85,295950.0,2100.0,412.75,191350.0,100.0,35.85,2094900.0,13500.0,370.9,87950.0,50.0,43.3,511000.0,4050.0,330.75,852100.0,15300.0,52.85,2705350.0,48050.0,293.55,197650.0,2000.0,64.75,566950.0,9300.0,255.9,1250500.0,16250.0,78.0,2019300.0,28300.0,222.65,360400.0,5900.0,93.9,506400.0,43700.0,190.3,4638750.0,68250.0,112.2,5138350.0,91300.0,160.75,498950.0,14750.0,132.9,361900.0,12500.0,134.55,2193200.0,53600.0,156.1,1701250.0,35500.0,110.95,439800.0,14750.0,183.5,134150.0,3400.0,90.85,2843350.0,40900.0,211.8,1452700.0,17050.0,72.2,452250.0,5550.0,243.75,79300.0,700.0,57.3,1905150.0,25100.0,278.75,872400.0,7100.0,44.0,458100.0,28450.0,316.95,71150.0,150.0,34.15,1722500.0,14650.0,355.1,634850.0,2050.0,25.65,349000.0,5050.0,,,,19.4,3090300.0,43450.0,440.25,1176950.0,12200.0,14.2,471150.0,7400.0,,,,10.25,1720100.0,80850.0,,,,7.35,661800.0,52100.0,577.2,15700.0,50.0,5.7,1534000.0,33700.0,627.4,58950.0,100.0,4.5,457550.0,2900.0,,,,3.5,1779800.0,10350.0,,,,3.05,277700.0,2200.0,,,,2.55,931600.0,10150.0,,,,2.45,190850.0,950.0,,,,2.3,3875900.0,25050.0,926.1,878650.0,300.0,2.0,162600.0,100.0,,,,1.9,614000.0,2500.0,1023.0,24600.0,100.0,1.8,92900.0,100.0,,,,1.75,673700.0,1400.0,,,,1.65,71900.0,300.0,,,,1.55,269650.0,2250.0,,,,1.55,90300.0,200.0,,,,1.45,231950.0,350.0,,,,1.55,96500.0,100.0,,,,1.4,1289050.0,4300.0,1419.7,252000.0,100.0
2024-04-04,2024-03-28 10:00:00+05:30,bullish,0.0095983964557009,58,84,12191.55,42,32105550.0,42,758300.0,42,3.6212274824757715,9.11573641019843,-2.0,0.08749733301563126,2.8750494527231965,6.8316844253153866,2,0.1205327706712383,-16.34181461750147,11.90313382713712,-36,0.15420106549208265,3232.2000000000003,42,35852150.0,42,780300.0,42,-8.517140534110228,12.052020223541959,-6.0,0.12311674474194713,-6.263488401896707,7.902798150913661,0,0.16788414712290145,5.15520388589815,7.309496955115839,14,0.19356784852422496,1.116696334434389,0.055131353768594286,1.0290122642753528,0.014298713115819576,0.2651180530777465,-0.5808801361536591,,,,2.0,229700.0,750.0,,,,,,,,,,,,,,,,2.15,81900.0,850.0,1385.0,92350.0,8250.0,2.25,634250.0,21350.0,,,,,,,,,,2.35,239200.0,3050.0,,,,2.6,60950.0,1300.0,1179.2,31300.0,50.0,2.7,526600.0,29050.0,,,,3.2,99500.0,2300.0,1087.0,5350.0,100.0,3.5,692750.0,6750.0,,,,4.0,130900.0,200.0,,,,4.75,638700.0,25350.0,,,,5.2,371050.0,15150.0,895.85,923550.0,1700.0,6.3,1838400.0,24750.0,,,,7.3,211200.0,2400.0,795.95,35400.0,50.0,8.8,1102150.0,26200.0,,,,10.05,244250.0,3600.0,,,,12.05,949600.0,18400.0,,,,14.35,315100.0,8550.0,599.6,179900.0,800.0,17.3,1153550.0,34350.0,552.7,25250.0,400.0,21.35,303550.0,15200.0,507.8,327850.0,2550.0,25.85,1138150.0,31600.0,462.0,62750.0,300.0,31.45,519100.0,11700.0,420.1,2761300.0,67450.0,37.5,4414000.0,51750.0,377.65,385700.0,9750.0,45.4,686050.0,12750.0,336.05,2046650.0,10900.0,54.25,3149500.0,80350.0,297.0,527700.0,4500.0,65.15,958550.0,28450.0,259.4,2809150.0,75450.0,77.15,3554750.0,76550.0,223.25,1356100.0,36000.0,91.65,1583300.0,21000.0,190.0,1749650.0,78500.0,107.7,2000850.0,131000.0,158.35,567150.0,20500.0,127.1,480600.0,18000.0,129.95,1887800.0,91400.0,148.0,1342700.0,40800.0,105.5,437950.0,20950.0,173.8,210700.0,3200.0,83.35,2698250.0,61150.0,201.7,1598850.0,21850.0,64.85,580000.0,12450.0,233.0,217700.0,550.0,49.95,1714150.0,57150.0,267.65,422000.0,3700.0,37.7,823400.0,21950.0,,,,28.5,1788600.0,29700.0,345.0,549900.0,200.0,21.05,537450.0,11650.0,,,,15.5,1319100.0,34550.0,434.0,39000.0,200.0,11.0,420900.0,7600.0,,,,7.75,917250.0,25150.0,,,,5.75,425600.0,9450.0,,,,4.25,2042350.0,39550.0,625.65,616000.0,6400.0,3.1,439150.0,5200.0,,,,2.55,369450.0,4300.0,,,,2.2,110950.0,450.0,,,,1.75,414250.0,3750.0,,,,1.65,48100.0,500.0,,,,1.55,142700.0,1350.0,,,,1.5,18450.0,300.0,,,,1.45,54350.0,400.0,,,,,,,,,,1.35,325500.0,100.0,,,,,,,,,,,,,,,,,,,,,,1.3,66350.0,450.0,,,,,,,,,,,,,,,
2024-04-10,2024-04-04 10:00:00+05:30,bullish,0.0157130230606468,63,90,9848.55,48,25061200.0,48,1131900.0,48,8.43599668012705,7.959378403757376,2.0,0.1427166296905176,5.989398356745295,7.1280658714448615,2,0.21556674617899108,-14.725335201628669,9.87744462144632,-28,0.14621441735077753,4956.05,42,20530400.0,42,897950.0,42,-7.530291665043058,9.465339968454536,2.0,0.10931837665120991,-3.4215156745921265,7.121471664577258,2,0.27824489114093215,7.082555664289101,6.38364433634543,15,0.14099938459055092,0.8192105725184747,-0.09937795558831013,0.7933121300468239,-0.11525482178486095,0.5032263632717507,-0.33047161017521576,,,,1.6,25150.0,600.0,,,,,,,1440.0,25500.0,250.0,1.9,447450.0,6000.0,,,,,,,,,,2.1,48000.0,7450.0,,,,,,,1250.0,850.0,50.0,2.4,333900.0,5650.0,,,,2.5,160950.0,550.0,,,,2.6,287300.0,2700.0,,,,3.1,215300.0,2050.0,1050.0,1250.0,50.0,3.3,365000.0,10450.0,,,,3.7,91400.0,600.0,954.65,31150.0,100.0,4.25,1609650.0,31200.0,,,,4.5,63150.0,6650.0,846.25,6950.0,250.0,5.05,365600.0,8500.0,,,,5.8,123250.0,2950.0,750.0,26850.0,150.0,6.75,455850.0,15350.0,,,,7.8,285400.0,9400.0,,,,9.95,781000.0,22600.0,,,,11.95,531700.0,10300.0,570.0,19900.0,50.0,15.1,762950.0,24000.0,,,,18.45,220950.0,8550.0,463.0,186600.0,9250.0,23.1,1324000.0,36000.0,,,,28.6,375950.0,16450.0,383.5,102600.0,1350.0,35.5,1104150.0,34500.0,336.1,24100.0,850.0,43.45,316600.0,13250.0,295.45,232750.0,3850.0,53.7,1172150.0,39600.0,257.95,37900.0,1600.0,65.65,486650.0,18250.0,223.05,408500.0,34350.0,80.7,1644450.0,64050.0,191.05,138550.0,11250.0,98.4,409500.0,43300.0,161.4,1304350.0,147250.0,119.5,1875650.0,110500.0,134.8,507550.0,61050.0,142.45,545200.0,53800.0,110.45,3576650.0,244000.0,168.6,2244350.0,249850.0,89.95,699600.0,37300.0,198.65,217000.0,11200.0,72.55,2778000.0,117000.0,229.6,707500.0,19350.0,57.0,481550.0,21950.0,264.45,102050.0,2750.0,44.65,1686500.0,60750.0,302.4,133600.0,3950.0,34.1,742800.0,24700.0,347.5,40100.0,550.0,26.3,1553100.0,53350.0,388.8,69750.0,2550.0,20.15,431100.0,35350.0,,,,15.2,939400.0,23400.0,473.45,28200.0,350.0,11.7,276000.0,18650.0,506.95,8000.0,50.0,9.05,2370900.0,45900.0,570.0,86700.0,1300.0,7.05,370700.0,8250.0,,,,5.85,1287100.0,24400.0,,,,4.65,368600.0,9600.0,698.8,2950.0,300.0,3.65,1133850.0,22600.0,,,,3.05,361900.0,4100.0,,,,2.65,799700.0,14100.0,,,,2.4,122350.0,650.0,,,,2.15,441450.0,10900.0,,,,2.1,32400.0,1550.0,,,,2.05,659750.0,67100.0,,,,1.85,15600.0,250.0,,,,1.75,125000.0,3750.0,,,,,,,,,,,,,,,,1.5,12200.0,50.0,,,,1.35,61150.0,50.0,,,,1.35,17300.0,150.0,,,,1.3,22800.0,100.0,,,
2024-04-18,2024-04-10 10:00:00+05:30,bearish,-0.0310987871032537,64,88,11935.299999999997,43,23514950.0,43,707851.0,43,8.480562365643983,6.815765066792819,10.0,0.20820796982345274,8.317496196233389,5.875484062338573,10,0.2925756974278485,-23.047799385017555,18.171494338457045,-52,0.21872093705227355,3286.9,45,20014950.0,45,423350.0,45,-9.380757883482097,10.289010856988774,-4.0,0.11154661890237048,-4.414786819416558,7.325879425216202,0,0.2016062359749616,4.008929386351882,6.755577796732512,12,0.17037330006997475,0.8511585183043128,-0.0804045035711086,0.5980778440660535,-0.2515034905379327,0.2753931614622172,-0.5681438951005767,,,,1.9,144750.0,2700.0,,,,,,,,,,2.2,167900.0,1600.0,,,,2.3,34750.0,250.0,,,,2.3,219500.0,2450.0,,,,2.5,133500.0,1050.0,1245.0,10000.0,50.0,2.65,694250.0,950.0,,,,2.85,97450.0,400.0,,,,3.1,290450.0,6450.0,,,,3.6,137300.0,1300.0,,,,3.65,593600.0,6150.0,,,,4.3,128450.0,2900.0,940.0,2250.0,250.0,4.9,585000.0,7050.0,,,,5.55,157250.0,500.0,837.0,6950.0,50.0,6.4,471650.0,3650.0,,,,7.55,231200.0,2100.0,752.05,89250.0,350.0,9.15,1176250.0,3500.0,,,,10.3,260300.0,3350.0,,,,12.3,459350.0,13550.0,,,,14.35,332900.0,4200.0,558.0,52150.0,100.0,17.65,1026200.0,11600.0,,,,21.3,212050.0,11250.0,470.0,71650.0,50.0,26.0,748200.0,9350.0,418.15,11650.0,50.0,31.55,394700.0,24100.0,382.0,152450.0,200.0,38.05,1423050.0,16600.0,332.45,40900.0,150.0,45.65,486100.0,7400.0,300.85,388200.0,7250.0,56.4,2232600.0,37200.0,261.2,60400.0,950.0,68.15,520150.0,8100.0,225.0,670400.0,7250.0,83.9,1724400.0,33750.0,192.0,251050.0,13650.0,100.5,571150.0,26650.0,162.15,1576800.0,71200.0,119.5,1885200.0,85350.0,133.0,541100.0,20700.0,141.75,431050.0,29300.0,107.85,1148050.0,44650.0,166.9,652600.0,31800.0,86.0,385700.0,9400.0,194.9,99000.0,3150.0,68.0,1317850.0,23550.0,225.7,206850.0,17450.0,52.0,372950.0,12550.0,264.0,43150.0,50.0,39.4,1755300.0,39900.0,296.95,229750.0,4200.0,29.6,365750.0,8500.0,334.05,11000.0,50.0,21.9,1113900.0,16100.0,383.4,26750.0,50.0,16.2,546450.0,24450.0,,,,12.2,4896000.0,207100.0,,,,8.45,786800.0,23600.0,,,,6.2,1250950.0,22800.0,560.0,4450.0,50.0,4.7,355450.0,8350.0,,,,3.75,1387250.0,77750.0,,,,2.55,553350.0,4650.0,,,,2.3,1302150.0,23050.0,,,,1.75,334200.0,150.0,,,,1.55,551750.0,24150.0,,,,1.5,88200.0,250.0,,,,1.5,179250.0,2900.0,,,,1.4,31950.0,1000.0,,,,1.4,230800.0,4300.0,,,,,,,,,,1.25,124300.0,2500.0,,,,1.3,37150.0,50.0,,,,1.15,425250.0,1300.0,,,,,,,,,,,,,,,,,,,,,,,,,,,
2024-04-25,2024-04-19 10:00:00+05:30,bullish,0.0320351169995083,92,130,10539.950000000003,62,105619650.0,62,2171400.0,62,17.42614750190897,15.325781549524772,23.0,0.0925097744595821,6.551418439716312,7.252191060808143,1,0.12365294280187897,-15.01660349432397,13.59040964370467,-37,0.17903310736768197,15790.55,68,89284700.0,68,1792300.0,68,-7.042826486508886,16.642642328001426,3.0,0.0768440729486687,-8.416476036377839,12.288613715116952,-1,0.11962283099927468,16.711973300486683,13.617817536873284,43,0.1339408696973823,0.8453417522212959,-0.08381008427980186,0.8254121764760063,-0.09564295986073618,1.4981617559855593,0.1994113290670514,,,,5.6,147150.0,5500.0,,,,5.9,329450.0,5100.0,,,,6.35,167600.0,1650.0,1394.65,223250.0,300.0,6.75,2951100.0,30700.0,,,,7.35,167850.0,1650.0,,,,7.9,753350.0,11750.0,,,,8.65,200450.0,3100.0,,,,9.5,812400.0,5150.0,,,,10.4,225950.0,28100.0,,,,11.35,1534100.0,19750.0,,,,12.65,286600.0,6750.0,,,,14.05,1046750.0,26900.0,,,,15.8,309500.0,14000.0,903.85,558850.0,150.0,17.95,5224300.0,63100.0,,,,19.85,629050.0,20000.0,,,,22.45,1099750.0,12750.0,,,,25.65,667800.0,13250.0,714.4,24850.0,50.0,28.9,2561950.0,75500.0,,,,32.95,618100.0,6300.0,619.7,29100.0,200.0,37.6,1747550.0,37200.0,577.55,2150.0,250.0,42.85,670400.0,15900.0,529.5,53550.0,100.0,49.15,2176950.0,37850.0,493.2,8250.0,50.0,56.4,511750.0,31350.0,445.75,647550.0,3350.0,64.5,5298950.0,100500.0,404.9,19950.0,1000.0,73.15,851200.0,42250.0,364.7,205850.0,7650.0,84.05,3035000.0,68950.0,328.0,70850.0,1450.0,96.2,772600.0,47600.0,291.2,393800.0,35500.0,109.95,3567200.0,157650.0,256.75,218450.0,24850.0,125.1,1359200.0,54850.0,223.95,2033900.0,124450.0,142.7,6126750.0,214400.0,193.45,1373450.0,161150.0,161.6,2533400.0,117800.0,165.0,2236850.0,268500.0,183.2,2705200.0,182900.0,138.8,941850.0,126250.0,207.45,1647550.0,31850.0,115.25,6334900.0,234650.0,233.65,6861000.0,86050.0,95.25,1140350.0,81150.0,262.75,645700.0,4100.0,77.3,3507000.0,140800.0,295.65,2081300.0,14700.0,62.15,1206250.0,54500.0,329.85,434800.0,2450.0,49.2,5649150.0,158150.0,368.2,3341400.0,17150.0,38.75,1375300.0,55050.0,406.2,529200.0,2900.0,30.3,5976100.0,136500.0,447.35,3063850.0,9350.0,23.5,1699300.0,45650.0,488.65,324300.0,900.0,18.15,4243400.0,49400.0,534.1,1675200.0,3900.0,14.0,1069900.0,35000.0,579.15,201400.0,100.0,11.1,6857350.0,110800.0,626.15,2639300.0,450.0,8.5,1234400.0,27950.0,,,,6.55,4720100.0,36500.0,722.25,877750.0,850.0,5.35,1483550.0,11950.0,773.15,103300.0,750.0,4.4,3716000.0,36100.0,818.0,918500.0,500.0,3.65,1042100.0,9850.0,869.45,101700.0,50.0,3.0,3773950.0,33050.0,,,,2.7,845050.0,17200.0,960.3,42050.0,50.0,2.35,3077250.0,9250.0,1014.25,142950.0,200.0,2.25,543500.0,9500.0,1069.4,52900.0,200.0,1.95,9770850.0,92000.0,1118.0,952750.0,150.0,1.85,371400.0,1650.0,,,,1.8,1359100.0,4800.0,,,,1.7,282050.0,2350.0,,,,1.7,1982200.0,2450.0,,,,1.6,247700.0,750.0,,,,1.5,1377150.0,400.0,,,,1.5,165000.0,650.0,,,
2024-05-02,2024-04-25 10:00:00+05:30,bullish,0.011041991710136,61,81,5128.9,37,26744550.0,37,587000.0,37,8.170423506845319,7.9886214294859395,2.0,0.12434869908074729,6.608773424190801,7.681179549988233,2,0.14582623509369677,-9.543693579519974,8.896737036741065,-22,0.22226988243093063,3746.5000000000005,44,20131650.0,44,479050.0,44,-9.395685400848912,10.456212368228957,0.0,0.10291754525833699,-3.806387642208538,9.492331509503128,4,0.15405490032355704,4.485533164286667,6.6332946663723105,12,0.1503803549979981,0.7527384083860076,-0.14107158856733268,0.816098807495741,-0.10126166690117724,0.7304685215153348,-0.15575636027671982,,,,2.3,137250.0,1000.0,,,,,,,,,,2.9,943550.0,900.0,,,,,,,,,,3.05,116150.0,1250.0,,,,3.2,26950.0,1000.0,,,,3.4,345900.0,2450.0,,,,3.6,61450.0,400.0,1140.0,6150.0,100.0,4.05,280650.0,4650.0,,,,4.3,55000.0,1100.0,,,,4.7,389250.0,3600.0,,,,5.2,102150.0,300.0,,,,6.05,1290100.0,18900.0,,,,6.55,110750.0,400.0,,,,7.3,542700.0,2800.0,,,,8.15,132150.0,4050.0,744.85,17700.0,50.0,9.15,962300.0,11350.0,,,,10.95,260700.0,2650.0,652.0,66800.0,100.0,13.0,826900.0,5000.0,,,,15.5,210500.0,2750.0,,,,18.45,810400.0,10700.0,,,,22.1,268750.0,3700.0,465.75,306550.0,450.0,27.0,1470550.0,29150.0,,,,32.5,277600.0,7200.0,379.2,178150.0,500.0,39.25,832600.0,10750.0,,,,47.7,271800.0,6800.0,296.4,368850.0,4950.0,57.65,1543250.0,24050.0,261.5,85800.0,2600.0,70.0,406000.0,11600.0,222.8,738550.0,33850.0,84.45,1484650.0,35000.0,190.0,382150.0,23350.0,100.95,584350.0,26200.0,158.75,2005650.0,71400.0,119.7,2071900.0,64850.0,131.8,977650.0,35150.0,142.35,323700.0,13150.0,106.3,3325650.0,85600.0,167.8,1245150.0,46200.0,84.95,425550.0,14450.0,196.5,76250.0,6150.0,66.5,1545700.0,42300.0,227.9,346750.0,73800.0,51.55,387000.0,7100.0,259.3,49200.0,1550.0,39.1,1164250.0,30650.0,300.0,143050.0,450.0,29.2,590700.0,28150.0,340.6,81500.0,27250.0,21.8,1189850.0,17150.0,384.5,114850.0,300.0,15.8,1363200.0,10100.0,421.15,40650.0,100.0,11.95,2600600.0,16000.0,,,,9.6,646250.0,7400.0,,,,7.7,2507100.0,21700.0,563.4,77100.0,100.0,6.0,381800.0,19750.0,,,,4.95,719150.0,16000.0,,,,4.1,265200.0,4150.0,,,,3.5,993750.0,18300.0,,,,3.15,174900.0,6450.0,,,,2.9,711250.0,21200.0,,,,2.85,301250.0,3150.0,,,,2.55,865700.0,20000.0,,,,2.2,47900.0,600.0,,,,2.05,669850.0,12700.0,,,,,,,,,,1.9,148300.0,4650.0,,,,,,,,,,,,,,,,,,,,,,1.5,57200.0,1450.0,,,,,,,,,,,,,,,
2024-05-09,2024-05-03 10:00:00+05:30,bearish,-0.0355855005116898,79,103,6747.949999999999,49,59577775.0,49,2117775.0,49,9.124171303812538,9.892814837899413,1.0,0.08577821175765628,8.043453624676843,7.3888365516717975,1,0.11331468168242613,-7.636585926096074,5.87822894084039,-15,0.11996976859638854,3510.6500000000005,54,63379575.0,54,1553850.0,54,-13.719887676747597,13.716111778040638,-1.0,0.06745154097357074,-6.215931396209415,9.938167579367608,1,0.1340863017665798,4.328343754005668,6.690279214793802,11,0.14384800535513365,1.063812386414229,0.03091966442022376,0.7337181711938237,-0.15359003166173016,0.5202542994539084,-0.3155693759382371,,,,1.85,299900.0,7850.0,,,,1.85,1105550.0,18825.0,,,,2.1,498150.0,2650.0,,,,2.2,857075.0,2400.0,,,,2.45,353475.0,12250.0,,,,2.6,3197275.0,7525.0,,,,2.75,250300.0,2250.0,,,,2.9,889475.0,25800.0,,,,3.15,237225.0,10650.0,,,,3.45,1321050.0,10800.0,,,,3.7,351675.0,6575.0,,,,4.15,3334525.0,11825.0,,,,4.45,505250.0,6575.0,,,,4.95,1250375.0,9950.0,,,,5.65,346200.0,9525.0,809.55,521350.0,150.0,6.55,3912000.0,40250.0,,,,7.65,1188525.0,5225.0,710.0,92575.0,25.0,9.05,1888400.0,15600.0,666.9,31150.0,25.0,10.65,596050.0,33150.0,617.15,143525.0,25.0,12.85,1951875.0,17750.0,,,,15.55,746025.0,14150.0,523.25,242800.0,700.0,19.05,2210425.0,40525.0,473.8,56725.0,75.0,23.35,995800.0,33100.0,431.85,426875.0,5875.0,28.75,2311825.0,49750.0,387.5,101925.0,225.0,35.25,1166550.0,39900.0,345.8,855500.0,5300.0,43.05,3749675.0,108800.0,304.55,403675.0,3850.0,52.5,1073300.0,62250.0,266.9,1380275.0,16300.0,63.85,3584500.0,106200.0,230.15,782550.0,16150.0,77.7,1637200.0,79400.0,196.55,3473375.0,88925.0,93.4,4275050.0,184375.0,164.9,1817125.0,88175.0,112.1,2630025.0,166550.0,136.65,5110475.0,239975.0,133.65,4135550.0,208350.0,110.75,1861025.0,130625.0,157.9,655200.0,32575.0,88.4,2462725.0,109850.0,186.15,754875.0,44000.0,68.95,1036875.0,57875.0,214.4,203675.0,17275.0,52.65,4091275.0,192200.0,250.0,693950.0,23075.0,39.7,909450.0,66475.0,285.95,106625.0,1350.0,28.65,2876725.0,97375.0,324.0,129925.0,4600.0,20.65,1395425.0,85825.0,367.15,14400.0,800.0,14.65,3455950.0,89000.0,409.65,91750.0,3100.0,10.35,1384500.0,149975.0,,,,7.25,3978450.0,121575.0,505.0,17525.0,75.0,5.35,1433475.0,38325.0,,,,4.05,2845175.0,124150.0,,,,3.2,748350.0,26225.0,,,,2.7,4863175.0,79875.0,,,,2.15,365200.0,14375.0,,,,1.9,1390750.0,14600.0,,,,1.75,330525.0,13100.0,,,,1.55,1198750.0,121350.0,,,,1.5,171550.0,975.0,,,,1.4,648750.0,1950.0,,,,1.35,132550.0,15275.0,,,,1.35,262650.0,36150.0,,,,1.25,57825.0,500.0,,,,1.2,1887450.0,8200.0,,,,1.15,184275.0,2275.0,,,,1.15,275825.0,4550.0,,,,1.15,171600.0,2150.0,,,,0.95,460125.0,7975.0,,,,0.95,240625.0,3750.0,,,
2024-05-16,2024-05-10 10:00:00+05:30,bullish,0.0133705743331109,86,119,11647.100000000002,65,76438950.0,65,4085850.0,65,15.405190351254172,13.691411673045366,18.0,0.09218238869058248,6.861950389759781,8.507973153761432,0,0.13851462975880172,-13.678924367439102,12.300808460265161,-37,0.16553047539730917,7859.5,54,57280725.0,54,3381125.0,54,-12.714171739271805,12.445796719103113,-2.0,0.09361526063086667,-9.120507227623941,10.126339326107292,-2,0.14248955599097934,11.188733379986004,10.372117047850136,28,0.17113047903810674,0.7493656702505725,-0.14327154923162952,0.827520589351053,-0.09437891515640537,0.6748031698877831,-0.19417017829862723,,,,2.6,549550.0,34800.0,,,,2.75,141450.0,3725.0,,,,3.0,745525.0,54325.0,,,,3.25,216000.0,6650.0,,,,3.55,934475.0,76725.0,,,,3.85,207425.0,12375.0,,,,4.3,1065750.0,44575.0,,,,4.8,1071075.0,62775.0,,,,5.15,3723925.0,92050.0,,,,5.55,402075.0,8875.0,,,,6.1,963200.0,68650.0,,,,6.75,304125.0,38500.0,955.55,2450.0,25.0,7.45,2394900.0,78775.0,,,,8.5,521925.0,36925.0,867.4,6275.0,25.0,9.8,1433225.0,116150.0,803.85,4275.0,100.0,11.3,936150.0,23900.0,770.1,8475.0,25.0,13.15,1348375.0,40275.0,,,,15.4,400575.0,118875.0,670.0,323275.0,1700.0,18.4,3490700.0,91150.0,624.0,5925.0,200.0,21.45,442825.0,35475.0,580.35,40450.0,775.0,25.3,2565875.0,59575.0,530.0,18150.0,400.0,30.25,758625.0,53700.0,488.8,87675.0,625.0,36.0,2483425.0,134625.0,446.5,38750.0,1675.0,43.05,1183750.0,66400.0,405.15,209625.0,6150.0,51.55,2386300.0,180650.0,364.65,99650.0,6325.0,61.3,778675.0,84525.0,326.65,430875.0,38725.0,72.8,2397425.0,229150.0,289.3,578900.0,36550.0,85.95,1179425.0,150825.0,254.85,3179625.0,244200.0,101.3,5362350.0,481775.0,222.4,1261100.0,162450.0,118.25,1494475.0,138725.0,192.35,3119025.0,565950.0,138.45,2178050.0,361100.0,164.25,1096125.0,269900.0,160.7,451950.0,86325.0,139.25,3343025.0,348500.0,184.85,1346100.0,94125.0,116.65,1257650.0,155400.0,212.1,242600.0,21250.0,96.85,3719950.0,311350.0,242.25,1095225.0,19000.0,79.0,1225775.0,121225.0,275.35,144450.0,4650.0,63.65,3071425.0,210100.0,309.85,676225.0,15175.0,50.65,1074375.0,94250.0,344.2,74350.0,550.0,39.95,4957150.0,217650.0,384.75,1105175.0,8350.0,31.15,1288075.0,84800.0,425.7,62625.0,225.0,24.25,2608775.0,103300.0,469.05,301075.0,1750.0,18.8,814075.0,95825.0,513.45,57250.0,75.0,14.4,3088575.0,124250.0,558.4,167325.0,700.0,11.25,918225.0,69350.0,,,,8.9,3897000.0,119600.0,650.0,118950.0,225.0,7.05,1213075.0,42025.0,,,,5.6,2333950.0,51275.0,,,,4.65,592225.0,9775.0,,,,3.85,7046325.0,241925.0,846.85,130625.0,525.0,3.35,686725.0,14075.0,,,,2.8,1359350.0,27400.0,,,,2.5,505250.0,21075.0,,,,2.25,2749275.0,90325.0,,,,2.1,332625.0,7850.0,,,,1.85,1508150.0,9850.0,,,,1.75,338825.0,19600.0,,,,1.65,1190250.0,68050.0,,,,1.65,363100.0,150.0,,,,1.55,3419900.0,14975.0,1345.0,5125.0,200.0,1.55,124375.0,7650.0,,,,1.55,856125.0,1725.0,,,
2024-05-23,2024-05-17 10:00:00+05:30,bullish,0.0250120496983112,85,111,6643.049999999998,54,62526600.0,54,3993200.0,54,11.18130363717202,12.298888633224735,0.0,0.07922868027367552,6.401933286587198,8.463146519591719,0,0.16732194731042774,-8.075590278561807,6.913122986261321,-18,0.14083139521755822,6562.9,57,64011100.0,57,3534475.0,57,-15.510691114509827,14.079703180838761,-4.0,0.0718625363413533,-9.43894071962597,11.845525746503581,0,0.14804886157067174,15.465167837388961,17.08067696910819,40,0.3017644638802968,1.0237418954492967,0.011731681546290156,0.8851234598817991,-0.060938470377639845,0.9879347588833445,-0.006069233943790393,,,,1.7,871025.0,11125.0,,,,1.95,267775.0,10425.0,,,,2.2,3247600.0,83300.0,,,,2.3,274975.0,9750.0,,,,2.5,1079275.0,119700.0,,,,2.7,377975.0,8350.0,,,,3.05,1949800.0,65550.0,,,,3.4,530650.0,28150.0,,,,3.95,2203075.0,54450.0,,,,4.4,544350.0,45075.0,,,,4.95,1191575.0,40200.0,,,,5.55,528625.0,22050.0,935.55,76950.0,1050.0,6.3,2339275.0,63175.0,,,,7.25,1073925.0,13500.0,,,,8.15,1486900.0,44700.0,,,,9.45,648750.0,39550.0,719.1,42350.0,50.0,10.85,1456925.0,63050.0,,,,12.65,537750.0,50500.0,627.3,69825.0,1000.0,15.15,1742275.0,78675.0,,,,17.8,1086475.0,54725.0,542.75,93425.0,175.0,21.5,1386950.0,43125.0,495.0,381950.0,250.0,26.05,1396650.0,72225.0,454.0,984075.0,11750.0,31.55,4210850.0,149550.0,410.8,75050.0,600.0,38.3,815025.0,55050.0,367.55,674400.0,5750.0,46.2,2379050.0,125050.0,327.35,187325.0,3375.0,55.75,844350.0,94375.0,288.2,1483100.0,46200.0,67.25,4600000.0,239025.0,252.1,549300.0,38575.0,81.6,1321425.0,141425.0,218.5,1901200.0,163350.0,97.35,3395675.0,347175.0,186.75,1759725.0,243200.0,115.95,2182725.0,273850.0,158.35,4953900.0,668150.0,137.0,4247550.0,523275.0,132.3,1654150.0,253975.0,160.5,858400.0,129325.0,108.85,4336500.0,416900.0,187.7,1678775.0,113800.0,88.75,936525.0,171775.0,216.15,163675.0,26250.0,70.3,2202975.0,203300.0,249.15,324025.0,21025.0,55.1,882575.0,116325.0,285.15,55375.0,3325.0,42.5,2754375.0,208150.0,320.95,121625.0,8400.0,32.75,1298650.0,78300.0,361.1,33650.0,325.0,24.9,2649525.0,120375.0,403.35,106825.0,5275.0,18.3,1594300.0,99050.0,455.3,57350.0,50.0,13.95,2752525.0,114900.0,492.75,43575.0,400.0,10.7,1195300.0,93900.0,,,,7.95,4097475.0,171050.0,588.25,151100.0,1200.0,6.25,932300.0,65525.0,,,,4.9,1862625.0,88100.0,,,,4.1,1126525.0,48275.0,,,,3.3,2693100.0,123075.0,,,,2.9,994150.0,19375.0,,,,2.35,2147350.0,31825.0,,,,2.1,552475.0,16725.0,,,,2.0,995125.0,57175.0,,,,1.9,136300.0,17525.0,,,,1.75,2756675.0,55675.0,,,,1.75,104800.0,27100.0,,,,1.6,358725.0,20000.0,,,,1.55,76650.0,17600.0,,,,1.45,243475.0,17775.0,,,,1.4,74300.0,16300.0,,,,1.3,172825.0,20775.0,,,,1.35,74025.0,20125.0,,,,1.2,172750.0,9725.0,,,
2024-05-30,2024-05-24 10:00:00+05:30,bearish,-0.0198824572834425,92,127,16439.199999999997,56,85104875.0,56,5218475.0,56,9.649641104578322,13.713621592437667,21.0,0.08995019380499648,10.686599054321425,10.149729310709386,1,0.11113879054704678,-24.21034782714488,21.126717595686664,-57,0.17403523285804665,8434.0,71,95776250.0,71,4129175.0,71,-19.096462066535285,17.576409262947518,-9.0,0.0639010193028021,-6.640000726537384,12.118689893570957,1,0.1670551623508328,12.134805548968462,12.323130392248016,31,0.18115366374199668,1.12539087801962,0.058996620017705,0.7912608568595232,-0.11653196257882997,0.5130419971774783,-0.32184037437884944,,,,2.65,271650.0,13675.0,,,,2.85,5841050.0,83200.0,,,,3.15,448100.0,3800.0,,,,3.5,1243950.0,14675.0,,,,3.8,458800.0,14500.0,,,,4.5,3534500.0,24450.0,,,,4.9,611975.0,12775.0,,,,5.45,2488175.0,36375.0,,,,6.15,416600.0,8625.0,,,,6.9,1783025.0,14350.0,,,,7.8,468150.0,9100.0,983.0,1104675.0,2525.0,8.7,5337675.0,48450.0,937.85,41850.0,175.0,10.05,705100.0,29450.0,880.3,329025.0,125.0,11.35,1948375.0,49525.0,,,,12.8,512350.0,17425.0,791.1,623575.0,525.0,14.9,2654500.0,58100.0,730.0,77525.0,25.0,17.2,517525.0,8400.0,694.95,664275.0,3100.0,20.1,2596575.0,41550.0,643.95,108450.0,625.0,23.2,817250.0,21475.0,600.0,921325.0,2350.0,27.6,3291575.0,64975.0,553.35,156475.0,375.0,32.7,578225.0,47425.0,512.45,2681075.0,40150.0,38.4,6120200.0,213000.0,466.45,216125.0,2125.0,45.4,719925.0,52950.0,426.7,1410075.0,8625.0,53.7,4205950.0,145525.0,386.15,307000.0,3650.0,63.0,936850.0,70425.0,348.9,2135275.0,17875.0,74.35,4886550.0,181775.0,311.4,361650.0,22700.0,87.35,1078700.0,126325.0,276.05,2795725.0,57900.0,101.8,5101200.0,345400.0,242.9,531100.0,31450.0,119.35,1176625.0,185700.0,212.6,2699725.0,224775.0,138.0,3461000.0,577350.0,183.35,1474675.0,297275.0,159.85,1580325.0,439925.0,157.3,6548875.0,579975.0,182.9,5741725.0,689800.0,133.4,1207975.0,147075.0,209.85,504675.0,100675.0,112.25,2946500.0,279275.0,238.95,647675.0,106175.0,94.1,1046200.0,124625.0,269.95,169250.0,11675.0,78.0,3225525.0,245075.0,303.9,437450.0,28400.0,63.75,771025.0,91675.0,339.35,49825.0,6575.0,51.95,2462675.0,180625.0,378.0,141675.0,4425.0,42.0,727100.0,110975.0,418.95,24500.0,975.0,33.6,2786900.0,127775.0,460.6,44425.0,1350.0,27.5,1126125.0,133900.0,,,,22.0,6349025.0,303375.0,545.7,331100.0,2200.0,17.65,680300.0,119750.0,,,,14.15,2327975.0,266400.0,640.0,10375.0,150.0,11.3,1605475.0,102150.0,,,,9.45,2420775.0,122625.0,740.0,17675.0,325.0,7.8,767300.0,146525.0,,,,6.6,4493575.0,188175.0,,,,5.6,584850.0,48825.0,,,,5.1,1615200.0,53750.0,,,,4.5,477875.0,41725.0,,,,4.0,7655200.0,291500.0,1027.7,364025.0,125.0,3.6,351900.0,88100.0,,,,3.35,1125275.0,79350.0,,,,2.95,423250.0,77800.0,,,,2.75,1230775.0,35275.0,,,,2.5,441675.0,11675.0,,,,2.25,1082225.0,45650.0,,,,2.1,341400.0,7850.0,,,,1.95,669800.0,19100.0,,,,1.85,606900.0,17225.0,,,
2024-06-06,2024-05-31 10:00:00+05:30,bullish,0.0108296533182146,63,98,18157.399999999998,54,42584200.0,54,1159250.0,54,16.256231184335974,14.404174250540759,28.0,0.11447144715645709,10.29833944360578,12.799851711705363,0,0.1859607504852275,-8.153796799101194,14.375269487069868,-32,0.09054159736526156,16428.05,44,37920000.0,44,1499825.0,44,-18.663071598101265,18.918004609998775,-48.0,0.1620549841772152,-7.974146983814778,11.820021779714853,0,0.1772706815795176,6.195558815562406,11.968901767614648,28,0.08699145668536436,0.8904711136994472,-0.057937349852554276,1.2937890877722666,0.12808025347160196,0.9047578397788231,-0.05000224082670599,,,,,,,,,,,,,,,,,,,1406.35,875.0,75.0,56.85,548775.0,28750.0,,,,,,,,,,,,,,,,74.9,465000.0,28325.0,,,,,,,,,,88.4,1804875.0,59400.0,,,,,,,1108.95,11600.0,625.0,102.9,890075.0,24875.0,,,,110.5,148550.0,10300.0,,,,120.1,525725.0,19900.0,,,,25.65,15075.0,1825.0,943.0,34225.0,350.0,139.15,697925.0,31975.0,,,,,,,864.7,11625.0,175.0,160.3,534075.0,51175.0,824.3,25800.0,25.0,171.7,154775.0,17450.0,790.0,588575.0,2800.0,184.25,2791575.0,94925.0,754.3,11475.0,75.0,197.0,144025.0,6825.0,714.65,35875.0,2400.0,209.55,506375.0,54125.0,,,,223.8,124500.0,5650.0,642.75,85550.0,1275.0,239.8,743425.0,32075.0,607.2,29800.0,1225.0,255.1,132675.0,7375.0,576.5,97075.0,2725.0,272.0,547350.0,35800.0,546.05,47300.0,1925.0,289.0,182050.0,17850.0,514.25,263475.0,12925.0,307.85,804975.0,75000.0,482.9,1186950.0,8150.0,326.95,1297675.0,16600.0,452.35,1735700.0,57100.0,347.15,2461550.0,153625.0,423.7,481200.0,40000.0,368.0,440525.0,83175.0,396.55,1979000.0,215575.0,390.45,2112525.0,265875.0,369.9,880400.0,54075.0,412.3,714200.0,75100.0,343.15,1513875.0,101350.0,435.9,913700.0,67150.0,318.05,346775.0,15100.0,461.15,230300.0,20950.0,295.3,1464825.0,29600.0,487.2,749550.0,27025.0,272.7,237925.0,14575.0,514.15,165350.0,2150.0,250.55,593850.0,23600.0,542.4,287150.0,7650.0,230.0,281725.0,9200.0,572.75,101125.0,4525.0,211.6,4357350.0,111575.0,603.1,1559075.0,29175.0,194.2,338075.0,22600.0,636.8,56700.0,575.0,177.1,1051150.0,32575.0,669.4,251550.0,19075.0,162.35,335425.0,1775.0,705.0,31775.0,200.0,148.5,1171875.0,15825.0,742.15,88350.0,650.0,135.5,435175.0,3725.0,779.65,9650.0,25.0,123.85,818750.0,43900.0,820.0,48575.0,25.0,113.15,250400.0,6100.0,,,,103.65,1471550.0,15675.0,900.0,34700.0,25.0,95.7,385900.0,6575.0,,,,89.0,4024075.0,43350.0,975.4,239750.0,300.0,82.15,213925.0,3175.0,,,,76.05,831000.0,18800.0,,,,71.45,242025.0,2050.0,,,,66.1,500775.0,15675.0,,,,61.3,153350.0,2875.0,,,,57.5,740075.0,10550.0,,,,53.95,129225.0,3050.0,,,,50.6,232400.0,11850.0,,,,48.05,101125.0,8075.0,,,,45.0,4874675.0,65050.0,1429.1,226600.0,275.0,42.55,390825.0,4425.0,,,,27.5,15325.0,750.0,,,
2024-06-13,2024-06-07 10:00:00+05:30,bullish,0.0183042261612043,95,132,16656.300000000003,59,57616075.0,59,6184326.0,59,13.22018160730317,14.289087846948192,20.0,0.1531751338493641,7.475650216369577,11.968917698841738,0,0.14267520826036661,-16.639730912627652,14.000636092509362,-42,0.124757599226719,10207.199999999999,73,51016350.0,73,3194550.0,73,-22.999666773495164,18.339038830572022,-56.0,0.07748447311499157,-9.875013695199637,11.645065105460077,-4,0.11290322580645161,6.2986029469394165,10.464959633533143,20,0.1017957912062074,0.8854534086190355,-0.060752809301642674,0.51655588660753,-0.31877764457062874,0.6128131697916102,-0.240069238930147,1475.45,67475.0,150.0,9.05,2549775.0,51350.0,,,,9.8,91400.0,17275.0,,,,10.95,721425.0,36575.0,,,,12.05,89625.0,4850.0,,,,13.25,551175.0,34275.0,,,,14.65,132400.0,17525.0,,,,16.2,1403250.0,40425.0,1136.4,21850.0,25.0,17.8,159675.0,5775.0,1087.15,51725.0,50.0,19.65,1017400.0,22475.0,,,,21.85,239300.0,5075.0,999.9,640600.0,1875.0,24.5,3439725.0,118150.0,953.55,23325.0,25.0,27.0,160000.0,12050.0,,,,29.85,858725.0,48400.0,,,,33.4,252500.0,20200.0,810.0,104200.0,275.0,37.05,1379675.0,48950.0,,,,41.8,188200.0,19150.0,724.2,150225.0,1750.0,46.8,1413300.0,64600.0,678.1,35075.0,150.0,52.9,229400.0,24975.0,630.85,149300.0,1275.0,59.65,1631550.0,107600.0,593.55,39025.0,825.0,67.25,261800.0,44275.0,544.65,790250.0,12475.0,75.85,3274300.0,283475.0,510.0,62375.0,2275.0,85.5,269775.0,59150.0,466.2,315450.0,11225.0,96.8,1169900.0,137100.0,430.05,128050.0,5625.0,108.95,313425.0,50550.0,393.6,946225.0,81975.0,122.0,1926700.0,189125.0,358.15,444450.0,37475.0,137.0,714900.0,63650.0,326.5,2385750.0,230500.0,153.7,3318925.0,360675.0,293.85,686500.0,158000.0,172.05,740200.0,116725.0,264.4,2360875.0,644050.0,191.4,2032550.0,351850.0,236.4,1199575.0,550350.0,213.75,713975.0,183700.0,209.55,4091650.0,882350.0,238.6,1834500.0,335775.0,185.85,451725.0,151875.0,264.05,173350.0,29350.0,162.35,1336100.0,302200.0,290.8,308425.0,26875.0,142.35,441075.0,116400.0,320.55,129550.0,8750.0,123.7,2018500.0,275950.0,351.15,289850.0,15500.0,107.2,492750.0,127750.0,384.6,35025.0,3325.0,91.95,1542275.0,246675.0,418.0,148000.0,8975.0,78.5,505750.0,103075.0,450.5,14900.0,525.0,66.65,1357725.0,142275.0,484.25,46050.0,10900.0,56.75,298525.0,69100.0,521.05,13950.0,250.0,47.75,4232725.0,358925.0,576.75,165525.0,3625.0,40.7,499525.0,50100.0,605.6,6675.0,200.0,34.15,1583350.0,154300.0,660.4,27375.0,375.0,28.9,578075.0,54525.0,,,,24.55,1159300.0,110200.0,738.65,8675.0,75.0,21.05,261200.0,17575.0,,,,17.85,1917500.0,104600.0,840.25,14450.0,50.0,15.6,183525.0,17575.0,,,,13.4,1496925.0,88275.0,,,,12.1,1068100.0,49250.0,,,,10.25,8825350.0,380550.0,1039.05,98700.0,125.0,,,,,,,,,,,,,31.5,67325.0,25.0,,,,28.8,104725.0,25.0,,,,31.45,57225.0,25.0,,,,28.6,133400.0,25.0,,,,4.85,1414075.0,38725.0,,,,,,,,,,3.65,418950.0,23325.0,,,,3.25,3979675.0,110050.0,,,
2024-06-20,2024-06-13 10:00:00+05:30,bullish,0.0070399213750813,69,96,9164.800000000001,42,18726950.0,42,321750.0,42,8.69350988815584,10.157694507599029,12.0,0.10515326841797516,5.353535353535354,7.261437213614002,0,0.19487179487179487,-12.29572385649441,9.136028794290192,-28,0.152278282122905,5193.05,54,19295050.0,54,414800.0,54,-14.317646235692575,13.378038432053332,-8.0,0.08215189906219471,-9.49077868852459,12.624907718853054,-8,0.12650675024108005,5.143239522053514,7.450009610884046,13,0.1291148746882853,1.0303359596730914,0.01494134974488454,1.2891996891996893,0.12633222456045076,0.5666299319134078,-0.2766256786357289,,,,2.25,148950.0,325.0,,,,2.45,27975.0,100.0,1395.6,28550.0,75.0,2.7,916800.0,19850.0,,,,,,,,,,3.1,181325.0,625.0,,,,3.3,38075.0,1350.0,,,,3.8,500225.0,1075.0,,,,4.1,113475.0,350.0,,,,4.6,522175.0,5825.0,,,,5.2,132375.0,2125.0,,,,5.85,780925.0,8150.0,,,,6.55,129200.0,50.0,911.0,90100.0,150.0,7.9,1382550.0,12050.0,,,,9.0,131300.0,1300.0,807.55,18850.0,50.0,10.5,689150.0,6325.0,,,,12.65,118025.0,900.0,717.5,57875.0,275.0,15.0,837350.0,13100.0,666.0,7150.0,50.0,17.5,292225.0,4200.0,624.75,77375.0,175.0,21.0,993550.0,16925.0,575.0,12900.0,300.0,24.8,178350.0,2050.0,529.0,77650.0,425.0,29.75,623750.0,4750.0,,,,35.35,253050.0,3200.0,447.95,576900.0,2775.0,42.1,1585125.0,52475.0,,,,49.75,136800.0,2825.0,364.15,71250.0,275.0,58.75,699675.0,17975.0,322.45,20650.0,275.0,70.0,156275.0,4250.0,287.2,241450.0,3400.0,81.95,1196450.0,33075.0,251.3,83000.0,2300.0,97.45,213125.0,5050.0,219.45,867825.0,18275.0,115.05,1252800.0,49175.0,189.2,254700.0,10050.0,134.5,313500.0,19625.0,160.95,1712300.0,62700.0,155.9,1355200.0,50425.0,135.75,400225.0,12400.0,180.55,204550.0,8725.0,112.9,1868550.0,30350.0,208.0,725850.0,23700.0,92.15,246825.0,7000.0,237.8,40750.0,1575.0,74.45,947525.0,46000.0,269.2,121475.0,6950.0,59.45,232200.0,8725.0,307.0,30050.0,100.0,47.25,996275.0,11775.0,343.6,46625.0,1250.0,37.2,187475.0,1675.0,383.95,6125.0,75.0,29.4,871175.0,13900.0,422.65,14225.0,1625.0,22.5,186425.0,2925.0,,,,17.55,723175.0,16250.0,514.0,6625.0,25.0,13.45,202025.0,1500.0,,,,10.65,1969200.0,27500.0,603.55,31825.0,400.0,7.9,800650.0,4950.0,670.5,675.0,25.0,6.3,683675.0,5900.0,,,,5.25,185400.0,1175.0,,,,4.2,560875.0,9225.0,,,,3.8,172025.0,2125.0,,,,3.15,359350.0,3425.0,,,,,,,,,,2.55,204250.0,25.0,,,,,,,,,,1.95,1142025.0,2425.0,,,,1.8,57325.0,1350.0,,,,,,,,,,,,,,,,1.35,179600.0,1875.0,,,,1.25,69400.0,50.0,,,,1.3,330400.0,400.0,,,,,,,,,,1.15,74925.0,2500.0,,,
2024-06-27,2024-06-21 10:00:00+05:30,bullish,0.0183794956068368,104,140,20947.15,57,93866400.0,57,4099925.0,57,9.190335146548712,20.89041208809396,8.0,0.10678181969266957,6.433111581309414,11.123647827969755,0,0.2097416416153954,-51.2411736202777,42.777342291246235,-112,0.2680651067090272,10804.050000000001,83,107749150.0,83,3906650.0,83,-22.56290699276978,24.581090753469176,-12.0,0.08298882172156347,-12.145361115021823,22.45957651619078,0,0.1403696261502822,29.055965124189534,27.827709288752047,68,0.3114480218066373,1.147899035224532,0.06885753603826689,0.9528588937602517,-0.02413953531940936,0.515776609228463,-0.3194556426213812,,,,2.3,629150.0,3900.0,,,,2.4,114125.0,3050.0,,,,2.5,1326275.0,12350.0,,,,2.65,127200.0,4100.0,1318.3,237025.0,75.0,2.75,1146050.0,20625.0,,,,2.85,513650.0,6550.0,,,,3.0,1383875.0,33575.0,,,,3.25,298200.0,12900.0,1112.05,1481450.0,200.0,3.45,8084675.0,72850.0,,,,3.5,367825.0,31675.0,,,,3.8,3021525.0,23075.0,,,,4.0,914850.0,12600.0,917.5,639100.0,175.0,4.35,3608975.0,99025.0,,,,5.0,624650.0,20875.0,824.0,749025.0,375.0,5.65,5249925.0,69175.0,,,,6.65,877700.0,26425.0,720.0,332575.0,25.0,7.85,2538900.0,98250.0,,,,9.5,664800.0,56450.0,619.9,3003750.0,36275.0,11.65,8941975.0,341450.0,576.0,29375.0,200.0,13.9,567425.0,43950.0,527.95,364450.0,2250.0,17.15,2451250.0,118750.0,482.0,47650.0,75.0,20.95,833975.0,73700.0,436.0,769775.0,4050.0,26.0,3582275.0,168175.0,392.4,80425.0,950.0,31.95,966750.0,52025.0,348.65,1101550.0,11225.0,39.2,3867975.0,118475.0,307.4,146925.0,3375.0,48.15,1046125.0,93300.0,268.8,1440150.0,30875.0,59.2,3535225.0,241475.0,232.05,403925.0,26600.0,72.0,1037075.0,85400.0,198.6,4861250.0,194775.0,88.35,7124550.0,400775.0,166.45,1346825.0,195600.0,106.8,1738675.0,215875.0,138.25,6324175.0,859925.0,127.2,5513700.0,548375.0,112.5,1986850.0,318900.0,151.7,939850.0,186425.0,89.95,3538200.0,323700.0,180.0,1221300.0,151400.0,70.3,1038825.0,134475.0,209.95,237700.0,39600.0,54.0,4548200.0,206975.0,243.3,562975.0,54950.0,41.0,1127700.0,102125.0,278.8,52725.0,3500.0,30.6,2795425.0,262525.0,320.35,113875.0,7975.0,22.5,873125.0,59700.0,363.2,17325.0,725.0,16.5,10023225.0,309100.0,406.45,1442750.0,11400.0,11.85,999175.0,108925.0,450.4,5875.0,150.0,8.75,2677125.0,137950.0,496.9,19050.0,225.0,6.7,1171250.0,48350.0,,,,4.95,4576650.0,70450.0,592.1,16375.0,350.0,4.0,1247550.0,39475.0,,,,3.4,3753625.0,80500.0,690.0,14300.0,125.0,2.75,801725.0,48125.0,,,,2.35,1519325.0,38875.0,,,,1.95,462250.0,16150.0,,,,1.9,5022050.0,130650.0,882.55,129975.0,175.0,1.7,225675.0,9225.0,,,,1.6,1568625.0,41900.0,,,,1.5,124600.0,2325.0,,,,1.35,708950.0,3850.0,,,,1.25,72650.0,4825.0,,,,1.2,803350.0,35200.0,,,,1.15,47800.0,50.0,,,,1.1,548525.0,1050.0,,,,1.05,113575.0,3575.0,,,,0.95,7815200.0,10500.0,1380.0,860225.0,600.0,0.85,105350.0,1825.0,,,,0.9,242125.0,375.0,,,
2024-07-04,2024-06-28 10:00:00+05:30,bullish,0.0069485735121372,108,144,15093.3,55,62689025.0,55,3189450.0,55,8.234372763015536,10.523014049998315,17.0,0.12456566360698702,6.960870996566806,7.939910296487695,1,0.1225603160419508,-16.089556293189695,10.083656055269676,-33,0.10932002941702611,7452.95,89,82564950.0,89,2698025.0,89,-21.500928662828475,20.3888971088487,-3.0,0.08555567465371201,-11.526023665458993,16.931267349866644,1,0.11715977427933395,6.74861631971233,9.895190489676667,17,0.1144311983845323,1.317055896147691,0.13683567007374497,0.8459217106397655,-0.08346956887290392,0.4937919474203786,-0.3388745356766646,,,,4.05,314225.0,8475.0,,,,4.25,1295000.0,6350.0,,,,4.7,626275.0,6750.0,1388.3,45125.0,100.0,5.1,2302900.0,21175.0,,,,5.5,309025.0,20275.0,,,,6.05,2073800.0,19975.0,,,,6.5,372325.0,39200.0,1159.95,398525.0,1050.0,7.2,4848525.0,44600.0,,,,7.8,263825.0,27675.0,1057.15,56650.0,50.0,8.5,1305575.0,14125.0,1015.15,8625.0,75.0,9.45,325050.0,26675.0,960.0,108525.0,200.0,10.4,2191575.0,71750.0,,,,11.7,916550.0,16600.0,,,,13.25,1989800.0,30750.0,,,,15.1,670275.0,23275.0,773.95,195275.0,325.0,17.2,1786275.0,82550.0,720.3,44050.0,775.0,19.75,546525.0,13325.0,671.65,636600.0,2275.0,23.1,3947950.0,65375.0,628.0,64150.0,1875.0,26.35,629775.0,23425.0,589.2,385600.0,350.0,30.85,2941550.0,38400.0,536.1,74175.0,175.0,35.7,1021700.0,17125.0,492.45,697300.0,2850.0,41.75,2758650.0,47400.0,458.5,93250.0,550.0,48.75,1311225.0,33325.0,413.4,1069125.0,3725.0,57.1,3714050.0,67675.0,372.45,327800.0,3225.0,66.8,948400.0,39075.0,329.95,1222850.0,17475.0,78.15,3302750.0,97800.0,296.45,528475.0,7475.0,91.2,1323775.0,61900.0,256.6,4250575.0,102200.0,106.2,7063900.0,273675.0,224.55,966225.0,50725.0,122.85,1468525.0,111450.0,195.75,2682200.0,237025.0,142.6,3484375.0,297175.0,164.6,1753425.0,228900.0,164.35,1443025.0,236900.0,140.0,3654850.0,390900.0,188.1,1734450.0,316100.0,117.35,906150.0,121700.0,215.15,283050.0,59950.0,97.9,2647325.0,222050.0,245.35,461225.0,52900.0,80.1,771775.0,130125.0,268.95,75475.0,5875.0,63.4,2373950.0,140700.0,311.7,169275.0,8700.0,49.95,886300.0,135275.0,341.4,14875.0,675.0,40.95,3583300.0,217325.0,388.0,375325.0,8575.0,30.95,762050.0,67175.0,428.3,15875.0,1075.0,23.5,3022750.0,108575.0,463.6,26125.0,6575.0,18.2,1281500.0,88125.0,516.6,18325.0,175.0,13.85,2760750.0,76950.0,560.3,9675.0,25.0,10.85,852225.0,53000.0,,,,8.25,3201900.0,105325.0,654.15,62225.0,75.0,6.5,595000.0,58525.0,,,,5.05,1612625.0,93600.0,743.0,1200.0,125.0,4.2,401500.0,18250.0,,,,3.55,7808900.0,210975.0,852.85,21525.0,200.0,2.8,499500.0,38175.0,,,,2.4,1491625.0,44475.0,,,,2.2,194025.0,8675.0,,,,2.05,1215675.0,34150.0,,,,1.8,429300.0,4975.0,,,,1.8,1650350.0,9450.0,,,,1.7,174900.0,10575.0,,,,1.45,385900.0,16600.0,,,,1.45,267075.0,125.0,,,,1.2,1792350.0,18375.0,,,,1.2,170800.0,5125.0,,,,0.9,1172325.0,93350.0,,,,1.0,43175.0,400.0,,,
2024-07-11,2024-07-05 10:00:00+05:30,bullish,0.0053002036154665,88,116,7292.699999999999,52,72536550.0,52,3229325.0,52,12.502786526240909,10.91740937192685,16.0,0.08782400045218583,11.26697529669513,9.880181861702976,0,0.12965557817810225,-11.011929737957136,8.719613328787128,-26,0.1770263414099031,5794.6,64,62359275.0,64,1917400.0,64,-16.214276063985672,18.23087983991072,-4.0,0.07721465652062183,-6.082194638573068,11.530110017299759,0,0.197415771357046,7.257213612673868,7.139812628694306,16,0.13642874400303728,0.8596945264146144,-0.07544544095415852,0.5937463711456729,-0.254904818112489,0.7945753973151235,-0.1144697531194363,,,,1.6,422800.0,675.0,,,,1.75,65825.0,1400.0,,,,1.65,769475.0,1625.0,,,,1.8,78175.0,1550.0,1291.0,12525.0,500.0,1.85,495075.0,8825.0,,,,1.9,201650.0,13700.0,,,,2.1,4439050.0,17100.0,,,,2.15,448450.0,1600.0,,,,2.4,692675.0,2225.0,,,,2.55,226500.0,1300.0,,,,2.85,1497900.0,6575.0,,,,3.3,529550.0,24975.0,,,,3.65,1293500.0,18025.0,,,,4.35,401375.0,7975.0,,,,4.85,1808475.0,10000.0,,,,5.7,680150.0,8350.0,716.0,254950.0,125.0,6.95,4476750.0,72300.0,662.25,4150.0,550.0,8.0,564900.0,16625.0,615.75,101650.0,50.0,9.5,1806475.0,44025.0,569.2,22325.0,125.0,11.75,587725.0,30225.0,519.0,130800.0,50.0,14.35,1997375.0,70525.0,,,,17.95,476850.0,24000.0,428.0,223900.0,2300.0,22.7,2484675.0,53400.0,382.0,40025.0,300.0,28.4,789500.0,35200.0,340.0,179075.0,3875.0,35.75,1927225.0,69750.0,299.0,52725.0,750.0,44.85,734725.0,43275.0,260.95,1203100.0,17775.0,56.2,4815050.0,223350.0,224.65,202625.0,12125.0,69.55,1126275.0,54075.0,191.15,1491025.0,67025.0,86.0,3062850.0,155175.0,160.4,776025.0,116575.0,105.8,1568275.0,158700.0,132.2,4327225.0,418700.0,127.4,4752625.0,378525.0,107.35,1724325.0,128300.0,153.05,1223350.0,95100.0,86.1,4613775.0,158475.0,181.95,2634600.0,126075.0,67.8,1958125.0,83225.0,213.35,575450.0,29950.0,52.5,4247375.0,109375.0,247.75,1028375.0,24875.0,40.45,1406425.0,42550.0,284.5,123550.0,3700.0,30.95,4621900.0,113625.0,326.0,605100.0,9325.0,22.85,1106725.0,30575.0,364.55,61350.0,675.0,17.1,1941325.0,49175.0,410.1,147950.0,575.0,12.7,1446025.0,58700.0,456.3,23750.0,300.0,9.55,2241075.0,86700.0,505.0,51200.0,675.0,7.1,969650.0,56425.0,550.0,8925.0,225.0,5.5,2994575.0,140125.0,596.75,28825.0,275.0,4.3,1656175.0,111950.0,,,,3.8,3267825.0,158275.0,,,,3.15,1560325.0,52925.0,,,,2.55,6370450.0,217775.0,790.55,63125.0,25.0,2.2,669650.0,17825.0,,,,1.9,2422225.0,399350.0,,,,1.8,415150.0,11400.0,,,,1.55,3175525.0,162250.0,,,,1.5,389900.0,14400.0,,,,1.4,1234125.0,14550.0,,,,1.45,264250.0,15400.0,,,,1.35,1144075.0,129750.0,,,,1.4,233375.0,13500.0,,,,1.35,3372175.0,22075.0,,,,1.35,449050.0,2825.0,,,,1.2,427700.0,11100.0,,,,1.25,96075.0,3975.0,,,,1.15,685825.0,6850.0,,,
2024-07-18,2024-07-11 10:00:00+05:30,bullish,0.0188229301246987,63,84,8604.150000000001,39,23212750.0,39,388400.0,39,7.218202281073979,8.414317013802503,1.0,0.11963145254224511,8.889546858908341,7.804175379096837,11,0.1333676622039135,-17.535410238082786,13.342642953570602,-37,0.2158377062231597,2460.8,45,20739950.0,45,221125.0,45,-11.054701192625826,11.353977945842727,-7.0,0.08929143995043383,-8.419559072922555,10.306627504838964,0,0.09892594686263426,1.6690303966189854,6.358211204915988,7,0.1477161898569571,0.8934723374007819,-0.05626048001601722,0.5693228630278064,-0.2744350108691194,0.286001522521109,-0.5552081121017267,,,,,,,,,,,,,,,,2.1,14300.0,1375.0,1360.2,32600.0,100.0,2.3,886600.0,10225.0,,,,,,,,,,2.5,204125.0,475.0,,,,2.5,92575.0,150.0,,,,2.65,559675.0,400.0,,,,3.15,160500.0,50.0,,,,3.2,392450.0,2350.0,,,,3.55,202925.0,1025.0,,,,3.7,456850.0,7100.0,,,,4.0,238800.0,2450.0,865.0,84375.0,2325.0,4.65,1175575.0,7875.0,,,,5.2,179575.0,2900.0,765.55,15350.0,25.0,6.0,767675.0,9725.0,,,,7.0,177125.0,1225.0,669.0,25175.0,1250.0,8.2,891275.0,5675.0,,,,10.0,240400.0,2075.0,,,,12.5,1079775.0,6325.0,,,,15.2,204675.0,2900.0,480.5,44575.0,125.0,19.1,1006575.0,5200.0,,,,23.55,313575.0,6150.0,391.95,531525.0,1825.0,29.5,1851900.0,20050.0,349.5,11050.0,50.0,36.1,740050.0,8350.0,309.2,101125.0,125.0,45.35,1105075.0,12800.0,270.05,64350.0,75.0,56.5,263250.0,6725.0,233.85,737825.0,5325.0,69.6,1392050.0,18300.0,200.0,248600.0,2650.0,85.65,385450.0,1800.0,168.85,1276375.0,22650.0,104.45,1458775.0,15675.0,141.3,813825.0,18575.0,125.85,560975.0,21875.0,116.85,2776975.0,34975.0,151.45,1167325.0,20325.0,94.2,529900.0,4275.0,180.05,126675.0,4050.0,75.15,2596475.0,21800.0,210.4,925800.0,6250.0,58.55,447300.0,3150.0,245.0,35300.0,500.0,45.35,1792200.0,23675.0,281.25,105350.0,750.0,35.0,281300.0,4600.0,320.0,14350.0,125.0,26.5,1097450.0,21000.0,363.5,51625.0,100.0,20.05,335425.0,9000.0,,,,14.9,1011325.0,13350.0,,,,11.1,445700.0,9525.0,,,,8.4,881075.0,51800.0,,,,6.4,382050.0,9375.0,,,,5.3,1993575.0,39275.0,,,,4.0,278500.0,3500.0,,,,3.2,588050.0,7350.0,,,,2.7,216375.0,1425.0,,,,2.3,990950.0,29500.0,,,,2.1,158900.0,500.0,,,,1.75,579825.0,16525.0,,,,,,,,,,1.65,420650.0,12575.0,,,,,,,,,,1.55,870550.0,7525.0,,,,,,,,,,1.45,102250.0,1500.0,,,,,,,,,,,,,,,,,,,,,,1.2,99075.0,5500.0,,,,,,,,,
2024-07-25,2024-07-19 10:00:00+05:30,bearish,-0.0126542847780444,103,141,21607.250000000004,59,73672125.0,59,1807600.0,59,8.461063461926747,16.714922686519063,16.0,0.10673473854595615,8.03671996016818,9.332117947049964,2,0.124986169506528,-29.59740133519999,26.047314649953503,-74,0.1723333603304446,10389.099999999999,82,92563000.0,82,2166925.0,82,-22.557931084774694,22.057496224037703,-14.0,0.07783833713254756,-10.931065911372105,14.15738078531554,0,0.16794536036088004,8.662607925614347,11.516699363027167,26,0.1228210335832748,1.256418217880915,0.11363949105220693,1.1987856826731578,0.09040702977085312,0.48081546703074185,-0.35060717863131274,,,,6.2,994475.0,12950.0,,,,6.65,197975.0,3975.0,1427.75,151175.0,25.0,7.3,1118375.0,25475.0,,,,7.9,286100.0,5200.0,,,,8.7,1258775.0,13225.0,,,,9.8,428800.0,8750.0,,,,10.7,6296750.0,42625.0,,,,11.75,486000.0,3150.0,1139.1,506250.0,275.0,13.2,3884425.0,18575.0,,,,15.05,460850.0,7400.0,1040.0,394600.0,100.0,16.95,1760050.0,41000.0,,,,19.15,262250.0,7625.0,949.45,533425.0,375.0,21.85,3200075.0,33900.0,,,,24.7,261075.0,6175.0,850.0,334125.0,575.0,28.0,1191175.0,21200.0,,,,32.15,348750.0,11850.0,764.7,2205375.0,1300.0,36.85,7204950.0,152650.0,,,,41.85,522650.0,18375.0,672.95,478200.0,200.0,47.95,1689325.0,36000.0,629.55,52425.0,50.0,54.7,424100.0,12950.0,589.05,946350.0,8175.0,62.3,3454950.0,108075.0,544.0,75050.0,100.0,70.9,439875.0,15450.0,508.0,896350.0,1650.0,80.6,3420925.0,113900.0,470.7,96525.0,2100.0,92.0,452375.0,21550.0,430.75,1020425.0,8600.0,104.35,2404975.0,238525.0,396.4,105350.0,1950.0,118.6,503825.0,30450.0,360.55,2807925.0,33325.0,134.0,5252175.0,71950.0,328.2,246675.0,4625.0,151.0,565425.0,28250.0,297.0,2913800.0,36225.0,169.65,3917550.0,88275.0,266.2,471750.0,24175.0,190.0,631925.0,37400.0,238.95,2775950.0,195800.0,212.05,3487350.0,363925.0,212.85,1489350.0,148475.0,235.2,1374450.0,97375.0,188.25,4294700.0,225925.0,261.45,3440550.0,125750.0,165.25,833225.0,59600.0,287.95,471450.0,30200.0,144.6,1905400.0,88150.0,317.9,717200.0,18250.0,125.2,577525.0,42475.0,346.5,96150.0,2675.0,107.95,5395775.0,157100.0,381.1,1827975.0,10200.0,92.25,529500.0,46775.0,415.65,79075.0,2000.0,78.75,1725350.0,78675.0,451.2,61750.0,850.0,66.7,508150.0,29700.0,488.15,28875.0,125.0,55.9,2609475.0,61950.0,528.2,95850.0,2550.0,46.5,570250.0,36700.0,569.1,8950.0,250.0,38.7,2044775.0,39100.0,610.95,35975.0,650.0,32.0,466000.0,28500.0,,,,26.4,2052275.0,26400.0,696.6,30475.0,100.0,21.65,568950.0,24700.0,,,,17.5,7863375.0,101675.0,788.3,238775.0,1575.0,14.9,682425.0,18850.0,840.0,2475.0,25.0,12.3,1338450.0,21425.0,,,,10.35,493225.0,17800.0,,,,8.8,1811175.0,21800.0,,,,7.35,504725.0,10525.0,,,,6.45,1500000.0,7700.0,,,,5.65,315075.0,5675.0,,,,4.95,703550.0,12575.0,,,,4.45,364200.0,8100.0,,,,4.0,6972025.0,98125.0,1276.0,101675.0,1000.0,3.35,337200.0,1950.0,,,,3.15,338975.0,6725.0,,,,2.7,378500.0,5875.0,,,,2.6,914775.0,2850.0,,,
2024-08-01,2024-07-26 10:00:00+05:30,bullish,0.0188299560260951,97,131,12865.650000000001,60,59123275.0,60,11002900.0,60,10.390251132062627,12.41062218467501,9.0,0.09935554145131507,5.129536304065292,8.271975228439597,-1,0.14814276236264984,-15.836506511524874,9.663692102557995,-31,0.12154069168677835,6889.000000000001,71,62624150.0,71,7124500.0,71,-16.42710000854303,15.683404886630843,-1.0,0.0806657655233644,-11.187651765036144,14.81031987975146,-1,0.13694996140080007,8.313340107417622,8.37762508863498,19,0.1364566700537088,1.0592131440621313,0.028755228293329407,0.6475111107071772,-0.21395235941171928,0.5354568171837412,-0.3025439580048242,,,,2.2,82850.0,6475.0,,,,2.3,793675.0,57250.0,,,,2.45,176150.0,6350.0,,,,2.65,818475.0,29800.0,,,,2.75,238925.0,15550.0,1260.0,9525.0,200.0,2.95,1081600.0,73450.0,,,,3.2,314400.0,14025.0,1170.0,26625.0,100.0,3.5,1064625.0,94700.0,,,,3.8,844800.0,29500.0,1069.0,151850.0,150.0,4.3,4411075.0,139175.0,,,,4.5,639000.0,12050.0,960.6,46325.0,50.0,5.0,1341350.0,55900.0,,,,5.75,550625.0,40350.0,,,,6.6,1700075.0,126500.0,,,,7.6,748625.0,59850.0,791.75,77850.0,50.0,8.85,2197100.0,209175.0,716.3,8225.0,350.0,10.35,525400.0,110550.0,670.0,49025.0,275.0,12.3,1522000.0,210975.0,,,,14.65,1037300.0,128600.0,571.6,670975.0,49350.0,17.9,4635550.0,259950.0,536.0,23825.0,550.0,21.15,742600.0,132825.0,481.45,181875.0,4600.0,25.9,1907750.0,216700.0,436.55,59400.0,4675.0,31.1,719150.0,121175.0,394.2,546475.0,62275.0,38.1,2772475.0,344950.0,352.35,179525.0,19800.0,46.2,768200.0,149775.0,312.55,1049525.0,109400.0,55.95,3302300.0,398075.0,274.4,534850.0,65550.0,67.2,1069125.0,186950.0,237.3,2827700.0,453600.0,81.35,4964475.0,709950.0,203.8,1176750.0,445975.0,97.3,1728725.0,360925.0,172.95,4555350.0,1630000.0,116.4,5051625.0,975700.0,144.5,1430175.0,1021900.0,137.35,1040025.0,373350.0,118.4,2896750.0,1092425.0,162.25,1188950.0,366625.0,95.65,857800.0,387200.0,189.3,182150.0,64400.0,76.2,2309200.0,632050.0,219.6,424675.0,86475.0,59.2,657275.0,306700.0,251.0,70950.0,18375.0,45.1,2645200.0,634275.0,288.0,224100.0,32700.0,33.7,1049150.0,256200.0,328.1,28925.0,4175.0,25.05,2461900.0,419700.0,368.75,83050.0,9450.0,18.4,1096625.0,314750.0,411.45,23575.0,1050.0,13.65,5874225.0,768650.0,456.0,251775.0,31600.0,9.65,1087900.0,282500.0,500.0,5425.0,75.0,7.1,2859175.0,364575.0,529.35,6700.0,75.0,5.45,856275.0,127675.0,,,,4.1,2566850.0,348025.0,640.0,5150.0,250.0,3.3,714425.0,95200.0,,,,2.7,1512050.0,195650.0,722.6,11650.0,25.0,2.35,465925.0,48625.0,,,,2.1,937100.0,158375.0,,,,1.85,255550.0,27700.0,,,,1.8,4234900.0,222000.0,940.05,23900.0,25.0,1.65,154825.0,7575.0,,,,1.55,1004825.0,36525.0,,,,1.5,92600.0,5575.0,,,,1.4,553325.0,8200.0,,,,1.35,114900.0,9675.0,,,,1.35,424800.0,20475.0,,,,1.25,59825.0,3850.0,,,,1.1,129400.0,2650.0,,,,1.1,75475.0,16000.0,,,,1.05,1930800.0,25575.0,,,,0.9,143725.0,6675.0,,,
2024-08-08,2024-08-02 10:00:00+05:30,bearish,-0.0251523388946713,84,114,10961.15,57,78199100.0,57,3011325.0,57,13.331474083461318,10.898692580333034,5.0,0.09599215336237885,10.174557711306484,10.29892752795796,5,0.10123450640498784,-17.82168385616473,14.77344242963313,-43,0.1924068186276075,6339.099999999999,57,54472625.0,57,2800150.0,57,-13.28600466748206,14.583562639653298,-15.0,0.08800337784345806,-8.85605235433816,10.873019851229104,-1,0.12061853829259146,5.325574608382894,7.664021153632689,15,0.1251281727690051,0.6965888993607343,-0.17883595769935154,0.9298730625223116,-0.03633759071492177,0.5783243546525684,-0.26716665944133755,,,,3.2,183825.0,2750.0,,,,3.4,688500.0,22475.0,,,,3.7,91550.0,5850.0,1320.0,5050.0,25.0,4.1,560675.0,13825.0,,,,4.45,187200.0,23975.0,,,,4.95,2514325.0,69100.0,,,,5.35,238175.0,12950.0,,,,5.95,1017375.0,27150.0,,,,6.55,457550.0,10650.0,,,,7.3,714350.0,21350.0,,,,8.15,227575.0,8800.0,920.0,17425.0,25.0,9.05,1355775.0,31575.0,,,,10.35,327225.0,34125.0,,,,11.65,832250.0,32325.0,,,,13.7,400475.0,22175.0,725.5,284750.0,725.0,16.05,4793775.0,143775.0,680.15,9075.0,375.0,18.65,273050.0,32200.0,639.35,26150.0,50.0,21.65,1713075.0,80900.0,,,,25.6,541250.0,34875.0,543.0,53050.0,350.0,30.4,2124200.0,132025.0,497.0,18775.0,250.0,36.1,603450.0,54550.0,454.85,73075.0,1675.0,42.8,2072150.0,83725.0,412.1,29725.0,250.0,50.5,609550.0,68675.0,374.4,198025.0,1550.0,60.15,1799550.0,93025.0,334.65,51000.0,2700.0,70.9,692925.0,55400.0,297.0,1062250.0,18475.0,83.65,2854550.0,227125.0,260.7,127200.0,11425.0,98.2,633775.0,87225.0,228.6,545950.0,33050.0,114.55,1878200.0,130525.0,197.1,396650.0,24250.0,133.7,751775.0,84150.0,169.35,1697075.0,171100.0,155.9,2590300.0,337750.0,143.95,1629975.0,208700.0,179.95,1452550.0,203775.0,120.3,5063550.0,245725.0,206.7,3366975.0,233950.0,99.75,1778900.0,105600.0,235.9,573900.0,47175.0,81.75,3380450.0,215500.0,267.5,1534575.0,51825.0,66.55,1269100.0,52850.0,303.65,515275.0,10425.0,53.25,7506500.0,304850.0,338.65,2934350.0,49900.0,42.7,1361700.0,76050.0,380.0,328250.0,3425.0,33.95,3100575.0,103625.0,420.1,596200.0,4100.0,26.7,850425.0,85275.0,464.15,84650.0,275.0,21.15,3555325.0,116650.0,508.0,234275.0,1525.0,16.25,1143675.0,38700.0,555.6,32250.0,1550.0,12.7,3196700.0,67275.0,597.3,163975.0,850.0,10.2,851775.0,78875.0,,,,8.3,2526075.0,87375.0,,,,6.7,736325.0,28825.0,,,,5.6,4895500.0,83850.0,793.2,218350.0,1100.0,4.65,1315050.0,24225.0,,,,4.0,2399050.0,93150.0,,,,3.45,2095700.0,32025.0,,,,3.0,3078825.0,85025.0,,,,2.7,609450.0,40675.0,,,,2.45,2436475.0,31925.0,,,,2.25,358675.0,3775.0,,,,2.0,2536400.0,201650.0,,,,1.95,297675.0,16125.0,,,,1.9,6857775.0,111175.0,,,,1.75,164725.0,4100.0,,,,1.75,1019025.0,12450.0,,,,1.65,99225.0,2700.0,,,,1.55,1025050.0,9950.0,,,,1.55,102525.0,1975.0,,,
2024-08-14,2024-08-08 10:00:00+05:30,bearish,-0.00252840844538,85,111,6779.2,58,21908050.0,58,683575.0,58,13.879152868466157,11.6621768489076,16.0,0.10345055812817663,7.187250850309037,7.952960477393768,6,0.1303075741506053,-5.218580363464715,7.1713617435434545,-14,0.11072102902997405,7421.449999999999,53,18531950.0,53,685550.0,53,-12.068524898890834,13.867008464321819,-24.0,0.09168759898445657,-10.568813361534534,12.824030281104067,-4,0.12665013492815988,5.092663832539465,8.966755695511674,16,0.10609786497247843,0.845896827878337,-0.0834841740850643,1.0028892221043777,0.0014425271615082626,1.0947383172055698,0.04522680299845424,,,,6.7,260950.0,7950.0,,,,7.4,32175.0,4575.0,,,,8.05,308350.0,12500.0,,,,8.85,31475.0,3525.0,,,,9.8,322850.0,24975.0,,,,10.2,115850.0,3525.0,,,,12.2,1699150.0,20025.0,,,,13.25,61750.0,2875.0,,,,14.4,376525.0,8025.0,,,,15.85,53950.0,4425.0,,,,17.65,415075.0,9300.0,,,,19.5,199250.0,5475.0,,,,22.0,383375.0,6650.0,,,,24.4,63175.0,6800.0,,,,27.9,415075.0,4800.0,,,,31.2,53075.0,1950.0,750.6,36725.0,200.0,35.2,909775.0,17825.0,,,,39.9,157875.0,3625.0,650.0,6300.0,75.0,45.55,361875.0,12775.0,,,,51.4,98450.0,5175.0,573.95,21050.0,300.0,58.55,630725.0,13550.0,526.3,11450.0,25.0,66.4,106500.0,9225.0,491.2,37375.0,5750.0,75.25,662625.0,16850.0,446.65,11175.0,100.0,85.05,138300.0,7000.0,411.55,39375.0,500.0,97.65,620050.0,37300.0,368.0,28950.0,1175.0,110.1,169950.0,9825.0,334.95,495775.0,17625.0,124.35,1695675.0,86825.0,304.5,48850.0,1275.0,140.15,169975.0,11375.0,270.0,176200.0,7750.0,157.8,534975.0,37650.0,240.0,74500.0,3825.0,178.3,161025.0,13300.0,212.65,1027975.0,85750.0,199.35,1387600.0,83450.0,185.0,525250.0,46700.0,222.45,381850.0,44125.0,161.5,1628600.0,79600.0,247.6,1102550.0,47125.0,137.0,271950.0,13925.0,274.5,106375.0,2200.0,118.65,1108325.0,48725.0,306.8,445450.0,9025.0,100.0,193375.0,18575.0,335.4,65675.0,375.0,82.9,1941125.0,89075.0,370.35,782350.0,6800.0,70.0,200925.0,8325.0,410.0,26375.0,25.0,57.2,878850.0,28200.0,436.2,95825.0,925.0,47.5,198675.0,16875.0,482.75,36475.0,75.0,38.35,968900.0,22800.0,525.65,140975.0,150.0,31.75,270250.0,4350.0,572.25,47325.0,150.0,25.6,999225.0,21475.0,,,,20.9,256700.0,3000.0,,,,17.15,665850.0,25975.0,696.7,55475.0,575.0,14.1,321825.0,19125.0,,,,11.6,2266400.0,45625.0,787.4,267375.0,925.0,9.25,225350.0,4950.0,,,,7.55,721675.0,5550.0,,,,6.35,131775.0,4525.0,,,,5.35,706850.0,13150.0,,,,4.6,161225.0,4100.0,,,,3.7,476700.0,2250.0,,,,3.4,75275.0,700.0,,,,3.05,302000.0,2300.0,,,,2.75,47800.0,2000.0,,,,2.55,1454250.0,17150.0,,,,2.3,44175.0,575.0,,,,2.1,323600.0,275.0,,,,2.1,29325.0,625.0,,,,2.0,229650.0,325.0,,,
2024-08-22,2024-08-16 10:00:00+05:30,bullish,0.021087200760522,89,123,11581.25,66,68618600.0,66,6321626.0,66,13.361071925104856,13.521706866570817,14.0,0.0922661639846922,9.20081336668762,11.214376253585415,0,0.11175922144081285,-13.92635078251484,9.142806955195049,-26,0.11285483000539666,8189.549999999999,57,53572250.0,57,7475801.0,57,-15.945991161468857,13.920437979060374,-26.0,0.07472012095814531,-7.599466197668986,10.032253541938534,0,0.15812018003154443,11.037474586515744,10.027054628668614,28,0.17033902961701194,0.7807249054920969,-0.12313810731327264,1.1825756537954002,0.08365146632049585,0.707138694009714,-0.17155097416391854,,,,1.8,590200.0,25050.0,,,,2.0,122425.0,8950.0,,,,2.1,584300.0,30400.0,,,,2.25,173900.0,2700.0,1307.0,59150.0,325.0,2.5,4002925.0,213200.0,,,,2.75,127425.0,3900.0,1201.0,2200.0,26.0,2.95,662225.0,62700.0,,,,3.15,271425.0,20875.0,1100.1,4775.0,25.0,3.5,3902100.0,226975.0,,,,4.15,339450.0,41075.0,990.0,3275.0,50.0,4.7,1451150.0,299050.0,,,,5.4,412100.0,129375.0,,,,6.2,1507450.0,355500.0,,,,7.45,313500.0,56500.0,818.0,78950.0,875.0,8.8,2833650.0,139100.0,,,,10.05,409475.0,138275.0,,,,12.0,1225075.0,134100.0,677.85,5625.0,25.0,14.3,394250.0,93525.0,625.0,40200.0,475.0,16.95,2171700.0,201600.0,580.15,10075.0,825.0,20.45,334750.0,86175.0,533.0,71525.0,1350.0,24.65,1863900.0,146500.0,488.15,21550.0,550.0,29.8,375500.0,78050.0,445.7,91225.0,4725.0,35.65,1129625.0,166025.0,402.9,50175.0,4650.0,43.2,436900.0,98000.0,361.8,890275.0,80750.0,51.95,3063050.0,371000.0,322.55,432750.0,37625.0,62.1,702900.0,147800.0,284.6,801675.0,53425.0,73.95,1974775.0,303325.0,247.5,837900.0,38325.0,88.35,1019875.0,212400.0,215.5,1953075.0,144300.0,104.6,2738275.0,547125.0,184.3,649050.0,123950.0,123.7,693925.0,388775.0,155.65,3359075.0,706500.0,145.0,2812550.0,1182075.0,129.9,1933050.0,382125.0,169.0,1016850.0,501925.0,106.3,4895825.0,593200.0,195.45,1819000.0,524425.0,86.1,1140175.0,208075.0,224.45,312575.0,114100.0,67.3,4089725.0,388600.0,257.15,1349300.0,131025.0,52.75,1053750.0,253200.0,292.15,118925.0,27800.0,40.65,3155650.0,348475.0,328.05,263350.0,38875.0,30.8,842775.0,94225.0,369.15,58025.0,7600.0,23.25,2441975.0,298150.0,410.6,153050.0,6425.0,17.15,1230800.0,143500.0,458.1,20225.0,700.0,12.75,3063575.0,431775.0,500.45,109175.0,8225.0,9.35,1424900.0,110575.0,559.65,14175.0,50.0,7.1,2679800.0,222975.0,597.05,54625.0,1375.0,5.45,1952650.0,70500.0,,,,4.5,6331175.0,334625.0,692.05,176700.0,6800.0,3.6,921125.0,44350.0,,,,3.05,2869900.0,144000.0,810.0,12150.0,800.0,2.6,507250.0,22900.0,,,,2.3,1732200.0,77775.0,,,,2.1,333050.0,17600.0,,,,1.85,1684350.0,57550.0,,,,1.7,192700.0,3700.0,,,,1.65,576600.0,54450.0,,,,1.6,105775.0,4150.0,,,,1.4,3795900.0,338700.0,,,,1.45,86350.0,15200.0,,,,1.3,673175.0,21900.0,,,,1.35,50625.0,250.0,,,,1.3,607375.0,10250.0,1395.0,125.0,26.0,1.25,40725.0,100.0,,,,1.2,279650.0,11800.0,,,
2024-08-29,2024-08-23 10:00:00+05:30,bullish,0.0132865203054528,106,144,23716.050000000003,60,73233525.0,60,2722125.0,60,7.653779467805216,13.495653114441199,24.0,0.08693388717803766,6.6907287505166,8.988669652675856,0,0.1756440281030445,-46.84514495457716,35.76448643164209,-93,0.1987683446442388,7866.3,84,94732725.0,84,2902625.0,84,-18.550485853753283,21.166379996591118,-16.0,0.08586789834241547,-7.599767451875458,13.18555943430019,0,0.20060290254511004,11.174389484255622,9.973660520937688,24,0.14619325477034947,1.2935704651660562,0.12799714228304793,1.0663084906093585,0.032090315125116675,0.33168676908675765,-0.5018546751587517,,,,2.55,1077175.0,12200.0,,,,2.75,153075.0,1725.0,,,,2.85,1185550.0,12350.0,,,,3.0,336375.0,11325.0,1352.15,417475.0,125.0,3.1,6216925.0,24475.0,,,,3.35,201825.0,8625.0,,,,3.5,1267975.0,26675.0,,,,3.75,329500.0,5425.0,,,,4.0,1465175.0,22625.0,,,,4.3,233475.0,1275.0,,,,4.7,2069475.0,20125.0,,,,5.1,693400.0,5750.0,,,,5.45,1700375.0,36150.0,908.0,17250.0,25.0,6.05,332250.0,14400.0,859.0,1800375.0,150.0,6.65,8134500.0,76125.0,801.4,52050.0,300.0,7.25,697125.0,19350.0,760.1,480750.0,1425.0,8.05,1931500.0,66375.0,698.9,119900.0,50.0,8.7,798525.0,77875.0,662.7,738800.0,975.0,10.1,3246800.0,97675.0,,,,11.7,529050.0,26925.0,566.05,1082775.0,2050.0,14.0,2632925.0,53775.0,511.6,89150.0,125.0,16.4,906550.0,17475.0,473.0,989950.0,1925.0,20.05,3115475.0,88650.0,425.55,112150.0,300.0,24.65,684400.0,42325.0,381.6,3061825.0,12800.0,30.4,6706450.0,181950.0,338.45,159650.0,3175.0,37.55,1001475.0,81325.0,298.6,1255325.0,18825.0,46.55,4130700.0,133800.0,259.3,294725.0,10350.0,57.05,1481725.0,63900.0,221.7,2109475.0,106600.0,70.65,4873825.0,184900.0,188.6,894800.0,93725.0,87.05,1441450.0,166500.0,157.8,5306325.0,478125.0,105.65,6105500.0,582275.0,129.95,2061900.0,243500.0,127.55,1613200.0,254925.0,104.1,3460350.0,234175.0,152.95,2035300.0,153300.0,82.5,966300.0,101125.0,181.35,295900.0,47475.0,64.5,6160475.0,200700.0,213.0,2823625.0,53600.0,49.25,836175.0,92500.0,247.3,85700.0,12625.0,36.55,2887025.0,97450.0,286.15,434175.0,8500.0,27.0,908350.0,59725.0,323.7,40075.0,5025.0,19.9,3200325.0,113725.0,367.15,161525.0,3575.0,14.35,869125.0,56600.0,410.8,16775.0,200.0,10.15,3603300.0,131425.0,456.35,90450.0,300.0,7.4,1050425.0,54975.0,502.8,2700.0,100.0,5.4,2696850.0,55575.0,551.65,317275.0,50.0,4.25,657000.0,37050.0,618.1,8375.0,50.0,3.55,5865325.0,120575.0,649.7,504775.0,950.0,2.75,542050.0,9725.0,,,,2.3,1670375.0,64525.0,,,,2.05,351250.0,15875.0,,,,1.85,2513725.0,35950.0,,,,1.7,266325.0,13600.0,,,,1.55,1292650.0,14700.0,955.0,7350.0,25.0,1.55,97750.0,2875.0,,,,1.5,354850.0,28975.0,,,,1.55,107500.0,3375.0,,,,1.4,6366475.0,44250.0,1150.0,715200.0,400.0,1.45,71175.0,9950.0,,,,1.4,226075.0,44625.0,,,,1.4,63725.0,7125.0,,,,1.3,456425.0,2750.0,,,,1.3,59825.0,4450.0,,,,1.25,551700.0,9950.0,,,
2024-09-05,2024-08-30 10:00:00+05:30,bearish,-0.0031635407870795,84,115,10405.199999999999,50,57588400.0,50,2163775.0,50,9.230345434149934,9.843309578871041,16.0,0.10063571830438074,6.230950537833185,6.972800096608839,0,0.11679818835137665,-18.248500749625187,15.436161717610469,-44,0.21719909276131166,6631.5,65,65677325.0,65,1932525.0,65,-17.037473739985604,18.08695866754796,-4.0,0.08050228903202132,-6.2100749020064425,11.290489946882763,0,0.1710456527082444,8.32537887355802,7.323200388324416,16,0.11415215260499133,1.1404610129817812,0.06562185068071437,0.8931265958798859,-0.05645338476185826,0.6373255679852382,-0.22150416453890714,,,,2.45,669075.0,10050.0,,,,2.5,93350.0,2225.0,,,,2.6,1161475.0,2350.0,,,,2.7,160800.0,2600.0,,,,3.0,786900.0,18950.0,,,,3.25,168350.0,14150.0,1250.0,140600.0,25.0,3.5,3333375.0,45225.0,,,,3.75,173925.0,6050.0,,,,3.95,1525925.0,15350.0,,,,4.15,237550.0,15300.0,,,,4.55,1604600.0,15500.0,998.0,2250.0,1000.0,5.1,1642875.0,55150.0,,,,5.35,1508100.0,10450.0,,,,5.85,291600.0,4275.0,,,,6.5,1068975.0,22475.0,,,,7.25,517950.0,19225.0,756.0,229025.0,50.0,8.3,3197275.0,50400.0,704.85,7100.0,25.0,9.3,640825.0,19775.0,,,,10.6,1920900.0,60000.0,606.3,22600.0,75.0,12.4,437875.0,10025.0,,,,14.9,1752925.0,32925.0,513.05,76725.0,200.0,17.8,895175.0,20175.0,465.0,595050.0,1750.0,21.9,2909725.0,55900.0,420.45,71700.0,950.0,26.85,658200.0,37450.0,378.5,389925.0,2000.0,33.5,1993975.0,63275.0,335.05,91350.0,2175.0,41.3,1123550.0,34800.0,295.45,1909650.0,26325.0,50.9,5287175.0,155200.0,256.95,337200.0,8650.0,62.5,1076450.0,41950.0,221.8,1839475.0,38825.0,77.15,3798300.0,113225.0,189.25,944025.0,42875.0,94.2,1358975.0,98750.0,158.25,4705975.0,252725.0,113.75,4935250.0,330550.0,130.65,2597650.0,240225.0,135.9,2097725.0,218775.0,106.3,3664625.0,213725.0,162.0,2029000.0,166225.0,84.65,1130500.0,83150.0,190.05,355150.0,36825.0,66.05,2478775.0,193500.0,220.75,549650.0,47200.0,50.5,983725.0,65900.0,255.3,102600.0,5550.0,37.8,3478400.0,214425.0,294.05,461400.0,11175.0,28.0,1103550.0,44725.0,333.6,43375.0,3425.0,20.25,3339550.0,82975.0,376.45,83800.0,1925.0,14.6,1031850.0,76000.0,418.75,23600.0,1050.0,10.5,3272225.0,119325.0,460.5,31625.0,175.0,7.75,1141725.0,55825.0,506.1,7325.0,75.0,5.9,3414200.0,66900.0,563.0,7700.0,50.0,4.55,781275.0,59750.0,610.25,1775.0,25.0,3.65,1726450.0,36525.0,652.85,2325.0,25.0,2.85,416100.0,17925.0,,,,2.45,5795450.0,100475.0,757.0,41375.0,1500.0,2.05,309350.0,6725.0,,,,1.8,907525.0,4800.0,,,,1.65,455575.0,4175.0,,,,1.45,727300.0,4375.0,,,,1.4,344375.0,250.0,,,,1.3,476550.0,13150.0,,,,1.25,79625.0,1675.0,,,,1.1,471475.0,700.0,,,,1.1,93350.0,6950.0,,,,0.95,2753150.0,9250.0,,,,0.95,88350.0,5175.0,,,,0.85,290325.0,100.0,,,,0.75,104150.0,50.0,,,,0.7,591700.0,75.0,,,
2024-09-12,2024-09-06 10:00:00+05:30,bullish,0.0158140167602571,92,127,10204.900000000001,59,86295925.0,59,5607650.0,59,12.949223848055398,11.160246387641886,20.0,0.08521317779489587,9.875705509438,11.172353732360028,0,0.12014391055076547,-13.173063920273593,9.672890580353055,-30,0.14428362845299805,9577.75,68,61765850.0,68,4123275.0,68,-15.713830134289417,17.83747464955046,0.0,0.07449100109526542,-9.36373392509595,13.560735407941127,0,0.14980810156974736,9.558998720993971,7.930836988188484,20,0.10526480645245491,0.7157446889873421,-0.1656745976468268,0.7352946421406471,-0.15254202452490384,0.9385442287528539,-0.03170202172105362,1472.4,37775.0,50.0,3.0,1653425.0,21400.0,,,,3.15,39375.0,10700.0,,,,3.4,349100.0,13950.0,,,,3.5,48000.0,825.0,,,,3.85,613950.0,21775.0,,,,4.1,106200.0,10450.0,,,,4.45,1020550.0,19675.0,,,,4.5,259300.0,12750.0,,,,5.3,692325.0,54050.0,,,,5.8,133225.0,8100.0,995.15,98625.0,1525.0,6.65,3866375.0,208900.0,,,,7.35,303650.0,52975.0,888.3,10750.0,50.0,8.3,694675.0,103050.0,,,,9.3,365525.0,39875.0,798.45,20400.0,225.0,10.65,2361000.0,89000.0,,,,11.9,834225.0,60650.0,707.8,66325.0,600.0,13.95,1596275.0,108850.0,,,,16.15,500700.0,56050.0,611.55,27550.0,575.0,19.05,2317575.0,127525.0,569.0,8475.0,300.0,22.45,1895025.0,43850.0,524.4,138275.0,4375.0,27.1,3900350.0,122225.0,477.9,23625.0,2225.0,32.5,851425.0,72075.0,430.55,101125.0,3300.0,39.05,2977050.0,189000.0,386.15,28750.0,3225.0,47.15,773000.0,60375.0,348.4,270200.0,13700.0,56.4,2461100.0,144100.0,311.9,49950.0,3375.0,67.75,810725.0,97000.0,272.5,585925.0,44500.0,81.1,2086750.0,237950.0,238.2,175700.0,20225.0,96.5,608425.0,128450.0,207.0,675975.0,105500.0,114.4,1602075.0,278575.0,177.3,501375.0,149725.0,135.25,917125.0,219250.0,149.75,4725125.0,673725.0,158.0,4601000.0,617700.0,124.8,1836100.0,264225.0,183.1,1006700.0,152850.0,102.8,5362875.0,527250.0,211.55,2713325.0,198350.0,83.95,3335575.0,323500.0,242.0,1132200.0,50450.0,66.5,7238225.0,472225.0,275.1,2171425.0,121025.0,53.0,2180250.0,148900.0,310.3,412500.0,18450.0,41.0,5163875.0,252600.0,348.05,868975.0,23500.0,31.7,1295500.0,113025.0,390.35,195475.0,5050.0,24.0,2819425.0,209600.0,430.65,274125.0,8400.0,18.2,1062650.0,114350.0,476.25,49975.0,550.0,13.8,4639600.0,246950.0,522.0,372350.0,6000.0,10.4,1575800.0,76675.0,561.2,30600.0,225.0,8.3,2976925.0,114900.0,609.9,63500.0,11450.0,6.3,1591550.0,69725.0,661.1,30600.0,50.0,5.05,3601350.0,76050.0,712.0,28375.0,50.0,4.1,1338625.0,43275.0,756.4,3325.0,125.0,3.65,5082475.0,128325.0,825.0,43525.0,50.0,3.2,1152875.0,31125.0,,,,2.8,2452500.0,92700.0,,,,2.5,560400.0,57950.0,,,,2.35,7353550.0,446200.0,1008.2,41675.0,50.0,2.15,457075.0,31225.0,,,,1.95,1048900.0,13100.0,,,,1.85,135350.0,6325.0,,,,1.75,1462525.0,172825.0,,,,1.5,585525.0,11900.0,,,,1.45,2288400.0,53550.0,,,,1.5,66925.0,6150.0,,,,1.4,400900.0,19875.0,,,,1.45,79950.0,1825.0,,,,1.3,2583175.0,27325.0,,,
2024-09-19,2024-09-13 10:00:00+05:30,bullish,0.0034982153574023,94,124,6894.000000000001,52,69274925.0,52,4325875.0,52,10.312663636950887,11.862676420253008,13.0,0.08994127384475696,10.803565752593405,11.783840492580973,-1,0.08563585401797325,-9.104757760371337,6.2882279572311335,-17,0.11867565999419784,7605.550000000001,72,74471100.0,72,4562200.0,72,-20.54891998372523,18.28372014419557,-17.0,0.08290330074350989,-13.358927710315198,15.180942228425142,-1,0.10496032615843233,7.394488235564816,8.694928399787786,19,0.1286494730821571,1.0750080205788748,0.03614830392701294,1.0546305660704482,0.026588997055042852,1.1032129387873513,0.04907393677734827,,,,3.95,90025.0,6450.0,,,,4.15,595425.0,19325.0,,,,4.4,275775.0,6375.0,,,,4.75,4630825.0,273350.0,,,,5.05,289350.0,19575.0,,,,5.4,1419125.0,37175.0,,,,5.75,205400.0,27300.0,,,,6.15,1611800.0,40400.0,,,,6.7,1124050.0,126500.0,,,,7.0,1359350.0,42275.0,,,,7.6,360950.0,46700.0,,,,8.2,1078875.0,50425.0,,,,8.95,450125.0,61200.0,818.15,185425.0,350.0,9.7,6173900.0,272225.0,,,,11.1,549375.0,35675.0,738.7,59450.0,75.0,12.4,2059800.0,174775.0,,,,14.5,423150.0,66125.0,620.0,126050.0,50.0,16.6,1680875.0,131300.0,584.7,30400.0,250.0,19.35,565050.0,60825.0,530.05,241075.0,700.0,22.85,2473550.0,170700.0,481.45,58900.0,275.0,27.2,650875.0,71700.0,436.6,376050.0,1150.0,32.5,2143150.0,90400.0,401.0,100725.0,1325.0,38.9,618275.0,80950.0,351.25,1812850.0,29725.0,47.2,5112025.0,176950.0,310.1,264350.0,2950.0,56.2,709325.0,69600.0,272.4,1101975.0,27850.0,68.35,2791200.0,157275.0,236.0,286950.0,7800.0,82.55,856650.0,97675.0,202.9,2145975.0,119875.0,98.45,4556850.0,235425.0,171.7,1206125.0,79700.0,117.95,1854200.0,168225.0,144.5,3595075.0,370450.0,139.65,3504575.0,478850.0,118.95,2681925.0,323825.0,165.2,1761025.0,311550.0,96.85,4862850.0,345650.0,192.45,1812300.0,267200.0,77.0,3152650.0,130025.0,223.4,365400.0,46725.0,61.2,4755375.0,265775.0,257.05,840750.0,87950.0,47.5,1226875.0,98375.0,293.1,120600.0,9350.0,36.5,3139750.0,145125.0,329.95,146700.0,13775.0,28.05,752800.0,56775.0,369.0,49175.0,3200.0,21.4,2303925.0,120700.0,414.8,66675.0,3600.0,16.2,980525.0,94475.0,461.7,17425.0,100.0,12.65,2411225.0,122750.0,503.55,43600.0,150.0,9.8,661375.0,81025.0,544.1,6175.0,75.0,7.8,1847225.0,194300.0,588.95,14950.0,375.0,6.45,483400.0,36625.0,637.4,425.0,25.0,5.5,6230675.0,311300.0,694.8,53775.0,225.0,4.5,920450.0,51775.0,,,,3.8,2021975.0,92475.0,,,,3.3,451475.0,29775.0,,,,2.9,2211075.0,137950.0,,,,2.7,330725.0,44250.0,,,,2.45,949125.0,29750.0,978.45,475.0,100.0,2.35,156275.0,21950.0,,,,2.15,798425.0,38750.0,,,,2.1,239625.0,13000.0,,,,2.05,3491175.0,120675.0,,,,2.0,150025.0,30200.0,,,,1.9,554200.0,51350.0,,,,1.9,509425.0,28375.0,,,,1.7,392650.0,26150.0,,,,1.8,1124550.0,33700.0,,,,1.6,562550.0,23550.0,,,,1.65,482475.0,66100.0,,,
2024-09-26,2024-09-20 10:00:00+05:30,bullish,0.0245967631621115,95,140,32493.799999999996,61,96806550.0,61,5031200.0,61,8.43955651761167,20.33365116000058,28.0,0.08546038465372437,4.361379988869454,9.735961767087986,0,0.15654813960884084,-50.236646683367304,38.408563585817326,-112,0.17172506755134828,12211.3,79,112190800.0,79,3952225.0,79,-24.920840880000856,23.56803089914082,-12.0,0.10681513100895974,-15.24173724927098,21.98845740904032,-2,0.12584050756219597,17.68354311170801,17.916745394479236,48,0.19737456290485042,1.1589174492841652,0.07360978500445102,0.785543210367308,-0.120107308738037,0.3758039995322185,-0.4536954396701942,,,,6.0,1306475.0,11200.0,,,,6.35,235075.0,3775.0,,,,6.75,1750575.0,72500.0,,,,7.3,285400.0,8800.0,,,,7.65,2673075.0,46975.0,,,,8.3,245550.0,7975.0,1195.15,80325.0,250.0,8.85,1696225.0,54725.0,,,,9.5,276550.0,6575.0,1090.4,1291350.0,650.0,10.2,5498525.0,60425.0,,,,11.15,426300.0,39975.0,997.0,109575.0,275.0,11.95,2213925.0,134575.0,,,,12.9,386375.0,20800.0,899.5,184275.0,350.0,14.3,3386575.0,43875.0,,,,15.8,489900.0,32475.0,799.5,560175.0,1400.0,17.5,3815350.0,93175.0,752.15,44050.0,50.0,19.4,546175.0,31450.0,705.8,486650.0,1775.0,22.0,2648300.0,122725.0,658.0,67575.0,50.0,24.6,706200.0,32325.0,611.7,4142775.0,36400.0,28.2,11983675.0,254400.0,565.15,126150.0,650.0,31.45,726200.0,28175.0,520.55,1213975.0,5050.0,36.05,3818000.0,116300.0,476.3,118150.0,1575.0,41.35,624925.0,43925.0,434.35,1402725.0,11825.0,46.75,4017275.0,167450.0,387.2,216600.0,5325.0,54.4,780225.0,75075.0,349.6,1635375.0,56400.0,62.3,4131275.0,176425.0,308.6,559275.0,25575.0,72.8,1148150.0,86200.0,269.45,3236700.0,135550.0,85.0,4607550.0,196325.0,235.3,1288900.0,113350.0,97.95,1791700.0,126425.0,201.0,6728025.0,667250.0,114.8,7203450.0,497350.0,171.0,1684500.0,334800.0,131.85,1311400.0,212300.0,140.65,4542750.0,787625.0,154.8,2020750.0,383475.0,113.75,1073150.0,318100.0,179.45,310625.0,57300.0,92.0,3236200.0,311700.0,204.4,713550.0,63750.0,71.65,980975.0,158650.0,236.45,179650.0,24775.0,55.2,6506450.0,296150.0,267.0,234850.0,28975.0,41.35,1150150.0,138050.0,306.35,33700.0,6700.0,30.7,2934075.0,199900.0,345.75,61400.0,3800.0,23.45,809225.0,126700.0,389.1,17275.0,950.0,17.55,7727125.0,278100.0,433.05,846150.0,8550.0,12.9,1037275.0,169825.0,478.1,4225.0,450.0,9.7,2277900.0,124475.0,525.6,19400.0,1675.0,7.65,675550.0,67375.0,,,,5.9,3833775.0,179900.0,615.0,14725.0,475.0,4.95,372925.0,47950.0,,,,4.15,2333575.0,51450.0,718.25,9075.0,1500.0,3.5,481125.0,14925.0,,,,3.2,1222050.0,49200.0,817.4,3125.0,25.0,2.8,385850.0,23825.0,870.75,300.0,25.0,2.55,5476275.0,35975.0,917.75,236025.0,50.0,2.4,264575.0,550.0,,,,2.0,1268450.0,5950.0,,,,2.0,132200.0,3975.0,,,,1.9,2651850.0,4300.0,,,,1.8,122975.0,3050.0,,,,1.7,1247850.0,5225.0,1219.55,2300.0,25.0,1.6,156050.0,7200.0,,,,1.6,778150.0,8375.0,,,,1.55,99925.0,3750.0,,,,1.5,8273125.0,132100.0,,,,1.3,232125.0,3125.0,,,,1.1,1801675.0,1050.0,,,
2024-10-03,2024-09-26 10:00:00+05:30,bearish,-0.0305556142125743,68,91,8610.450000000004,37,19414000.0,37,257900.0,37,6.940553209024415,9.92746510084273,-1.0,0.11602709384979912,5.849457153935634,7.190203843196244,9,0.14976735168670027,-15.376106939823112,12.86049700690476,-35,0.20788692809318898,5032.349999999999,54,26094200.0,54,485325.0,54,-14.96886281242575,15.500058906854532,-1.0,0.1185799909558446,-16.54113223097924,20.16693123491167,-1,0.14026683150466182,7.817351734279215,9.845414290329561,19,0.1804326010710702,1.3440918924487484,0.1467911277528006,1.8818340442031796,0.30599751084799354,0.5844468059160668,-0.2622702084616064,,,,3.6,66200.0,3175.0,,,,3.8,179600.0,1525.0,,,,,,,,,,4.1,233875.0,200.0,,,,,,,,,,,,,,,,4.8,48875.0,250.0,1201.0,15700.0,25.0,5.15,334975.0,1625.0,,,,5.45,77850.0,2675.0,,,,5.85,2136275.0,11075.0,,,,6.05,88325.0,1025.0,,,,6.65,357550.0,6025.0,,,,6.95,355825.0,18750.0,899.0,78125.0,25.0,7.8,1889525.0,17725.0,,,,9.2,185175.0,3975.0,802.05,99650.0,175.0,10.45,608900.0,8325.0,,,,12.35,101275.0,325.0,,,,14.55,790475.0,17700.0,,,,17.0,211550.0,10650.0,609.7,489175.0,100.0,20.5,1781725.0,22075.0,,,,23.75,170925.0,3950.0,520.95,216725.0,25.0,28.45,1206000.0,9625.0,,,,34.3,501475.0,10800.0,431.55,281825.0,125.0,40.45,1074025.0,38675.0,,,,48.55,325400.0,3225.0,348.1,350875.0,950.0,58.1,1491875.0,30550.0,310.35,87000.0,325.0,69.45,447325.0,4200.0,273.35,785650.0,7875.0,82.35,1778125.0,22925.0,237.55,272300.0,2300.0,98.65,531100.0,5600.0,205.7,2252550.0,26175.0,115.9,3094250.0,68075.0,176.7,490025.0,13725.0,136.9,406350.0,17425.0,149.5,1043825.0,23225.0,159.4,640850.0,23750.0,125.55,393500.0,9850.0,185.45,88225.0,8050.0,104.7,1911225.0,34025.0,214.25,310900.0,9150.0,85.8,350625.0,9900.0,244.9,29175.0,400.0,69.25,1108900.0,9675.0,278.3,162375.0,1450.0,55.7,250100.0,5700.0,,,,44.0,801225.0,21650.0,354.15,29875.0,75.0,35.15,197775.0,4100.0,,,,27.6,1890225.0,38625.0,434.85,119100.0,25.0,21.55,155850.0,2050.0,,,,16.85,733550.0,6375.0,,,,13.35,172950.0,5175.0,,,,10.65,508125.0,8750.0,618.9,1350.0,25.0,8.55,102850.0,775.0,,,,7.05,588250.0,2350.0,713.3,1450.0,100.0,5.9,66250.0,175.0,,,,4.95,230225.0,900.0,,,,4.3,76775.0,1200.0,,,,3.8,1744375.0,11400.0,908.0,7125.0,900.0,,,,,,,2.95,207000.0,700.0,,,,,,,,,,2.45,162950.0,275.0,,,,,,,,,,,,,,,,,,,,,,1.7,146225.0,7250.0,,,,,,,,,,1.7,916800.0,725.0,,,,,,,,,
2024-10-10,2024-10-04 10:00:00+05:30,bearish,-0.0111098804159924,97,134,11565.699999999999,70,92433575.0,70,5041900.0,70,21.619659847625712,16.88625980488455,14.0,0.07311060942952818,11.765167893056189,15.5733868248423,0,0.10550586088577718,-10.826906283234045,9.688981853304723,-26,0.11741615293497153,11578.6,64,59564425.0,64,4685125.0,64,-14.74277641394171,16.824349998469952,-44.0,0.08004190420708333,-10.56291454336864,12.595637173408429,-6,0.11708865825351511,10.593741903166185,10.072045425668724,24,0.0999429982899487,0.6444024803757725,-0.21624725325333227,0.9292379856800016,-0.03667873784636104,1.001115366990325,0.0005573726576306674,,,,7.65,547025.0,20850.0,,,,8.3,94550.0,6950.0,,,,9.05,474075.0,21650.0,,,,9.8,145275.0,18175.0,1358.0,49425.0,50.0,10.9,4066775.0,96175.0,,,,11.6,217975.0,13325.0,,,,12.6,564200.0,33050.0,,,,13.85,240675.0,18000.0,,,,15.1,820975.0,76350.0,1111.7,175.0,50.0,16.45,252400.0,26500.0,,,,17.75,857650.0,94150.0,,,,19.6,151350.0,60450.0,,,,21.4,644150.0,113525.0,,,,23.5,252625.0,36100.0,874.0,91125.0,1950.0,26.1,3031875.0,196375.0,,,,28.5,268900.0,51400.0,781.5,37200.0,875.0,31.55,988975.0,117500.0,733.35,8650.0,25.0,35.3,284200.0,35625.0,682.35,47700.0,3575.0,39.3,1429275.0,106850.0,641.6,22225.0,100.0,43.5,377275.0,45750.0,591.3,74525.0,1275.0,48.9,1545775.0,113475.0,545.75,29200.0,3150.0,54.75,423125.0,49925.0,502.05,75100.0,1175.0,61.85,1203025.0,176825.0,463.4,64850.0,3275.0,69.15,577075.0,56975.0,421.45,576175.0,55975.0,77.15,4471750.0,548575.0,379.4,99075.0,8450.0,88.05,775975.0,107750.0,341.85,676300.0,62100.0,99.7,2812750.0,294550.0,303.95,430400.0,50325.0,111.95,1488625.0,152675.0,269.8,1905250.0,313425.0,127.0,3347575.0,374925.0,237.35,1178500.0,278300.0,144.0,1407325.0,246450.0,205.05,2423450.0,531950.0,163.0,2165950.0,389025.0,176.55,899175.0,149125.0,184.05,711475.0,132300.0,150.0,2557100.0,274675.0,206.3,1908900.0,99150.0,126.05,789675.0,95100.0,233.1,358400.0,32075.0,104.4,4783275.0,447600.0,262.55,2101750.0,106675.0,85.85,950375.0,91900.0,294.45,203850.0,6900.0,70.35,3969700.0,243875.0,328.7,946100.0,77525.0,58.2,815900.0,70900.0,364.45,106675.0,3675.0,47.05,2422775.0,125950.0,403.15,711675.0,9075.0,38.55,1094375.0,94800.0,444.25,84800.0,1350.0,31.7,2897775.0,215775.0,485.8,648775.0,7250.0,26.45,747900.0,90450.0,533.75,72675.0,75.0,21.6,2349725.0,139175.0,578.5,350175.0,275.0,18.4,1106500.0,61825.0,619.2,332150.0,100.0,15.8,6757875.0,225550.0,672.5,685500.0,3125.0,13.55,988950.0,39475.0,713.0,72725.0,25.0,11.55,1836325.0,67675.0,757.8,179700.0,2225.0,9.8,584650.0,54400.0,,,,8.55,2917125.0,76350.0,867.4,262025.0,1275.0,7.65,730350.0,36425.0,,,,6.8,3635725.0,189475.0,960.0,142725.0,100.0,6.1,627550.0,22825.0,,,,5.25,2603475.0,66725.0,,,,4.9,536100.0,13375.0,,,,4.5,5204150.0,127700.0,1157.2,98775.0,150.0,4.25,393300.0,25850.0,,,,3.85,1392100.0,23550.0,,,,3.55,387200.0,15425.0,,,,3.4,1021975.0,24125.0,,,,3.35,248375.0,13725.0,,,,3.15,1614575.0,14525.0,,,
2024-10-17,2024-10-11 10:00:00+05:30,bearish,-0.0097009879042745,90,119,7043.3,64,78263825.0,64,1836850.0,64,21.007481745237982,19.373019100574783,20.0,0.08500255386188958,10.986199199716907,13.685567983130445,0,0.16020633149141192,-8.034394388993796,8.29830019273845,-20,0.14672809620490396,7681.850000000001,55,53553450.0,55,1806450.0,55,-13.26064520586442,14.693956626146857,0.0,0.11948950067642701,-6.6212737689944365,8.404133718629568,0,0.19049793794458744,8.926254743323549,8.06896602085198,20,0.1270201839400665,0.6842682427034457,-0.18745930683212803,0.9834499278656396,-0.008344083660417754,1.0906606278307045,0.04336458372240697,,,,2.4,2944300.0,5225.0,,,,2.65,72200.0,1275.0,,,,2.85,524150.0,2850.0,,,,3.05,101950.0,1275.0,,,,3.4,799050.0,7925.0,,,,3.85,293450.0,6725.0,,,,4.1,1172525.0,19950.0,,,,4.45,89400.0,4850.0,,,,4.85,491275.0,11225.0,,,,5.5,155700.0,6600.0,1033.45,60025.0,75.0,6.25,3980525.0,84575.0,,,,6.85,283500.0,5225.0,,,,7.85,1155475.0,105625.0,,,,8.95,326675.0,42725.0,,,,10.45,1317250.0,28275.0,,,,12.25,215525.0,5525.0,740.25,4600.0,25.0,14.2,968375.0,20725.0,,,,16.75,241500.0,17100.0,639.25,24500.0,700.0,19.8,1008900.0,42550.0,,,,23.3,256300.0,23450.0,550.0,183900.0,3450.0,27.7,2578150.0,80600.0,514.8,17300.0,50.0,32.35,341425.0,25850.0,465.85,53000.0,925.0,38.05,1652325.0,72500.0,425.6,13950.0,50.0,46.0,474475.0,35650.0,379.3,155925.0,1075.0,54.35,1833525.0,61650.0,340.0,84675.0,1450.0,63.85,606075.0,30800.0,302.25,608275.0,20650.0,75.65,2322950.0,157650.0,265.0,209825.0,13975.0,89.6,642200.0,55925.0,230.5,1066975.0,43150.0,105.65,2995425.0,131700.0,198.15,1014800.0,68125.0,123.2,1483650.0,139300.0,169.3,5906000.0,294275.0,144.05,6399075.0,344125.0,142.45,1601725.0,85900.0,167.65,980475.0,75125.0,118.45,3312150.0,119600.0,193.75,1802825.0,61725.0,97.2,977425.0,49850.0,222.2,333650.0,16050.0,79.0,3739500.0,90150.0,252.4,1302300.0,28625.0,63.05,973850.0,47075.0,287.5,155075.0,3600.0,49.5,3502825.0,70750.0,324.8,530850.0,6200.0,39.1,838600.0,41925.0,364.35,51525.0,1200.0,30.4,2637850.0,73125.0,404.95,388375.0,1600.0,23.9,735400.0,35375.0,439.25,51325.0,50.0,18.7,3903250.0,96675.0,491.05,596150.0,2450.0,14.7,572175.0,29825.0,536.6,48800.0,250.0,11.55,1653800.0,33950.0,584.1,195450.0,75.0,9.15,991475.0,36325.0,,,,7.65,2140350.0,37600.0,682.0,168350.0,100.0,6.3,835150.0,15800.0,,,,5.2,2404250.0,44475.0,774.3,181450.0,500.0,4.55,496425.0,16700.0,,,,4.1,1580950.0,53500.0,,,,3.65,459950.0,17750.0,,,,3.35,6652625.0,93700.0,975.75,344225.0,1150.0,2.9,423825.0,8675.0,,,,2.75,1747700.0,35925.0,,,,2.6,258225.0,9800.0,,,,2.4,1643525.0,18025.0,,,,2.35,197150.0,9200.0,,,,2.2,884125.0,18625.0,,,,2.1,127600.0,3000.0,,,,2.0,1015800.0,5850.0,,,,2.0,77575.0,3275.0,,,,1.95,2360075.0,45825.0,,,
2024-10-24,2024-10-18 10:00:00+05:30,bearish,-0.0099835872341547,86,113,4990.950000000001,63,77781600.0,63,2534300.0,63,22.94982971551112,19.980945719946046,7.0,0.07809173377765435,11.174328216864618,11.820704300060344,1,0.08943297952097226,-4.608100662198579,7.613816978118961,-13,0.13957262645388152,9418.2,50,49931825.0,50,2386725.0,50,-10.902579667376468,12.815198257484633,-23.0,0.07972370326940784,-8.579675077773937,10.112531940107257,-1,0.10813981501848767,12.298830986812767,10.675730722947055,27,0.1404620840500308,0.6419490599319119,-0.21806458483123445,0.941768930276605,-0.029988671059382955,1.8870555705827547,0.3072526831908891,,,,4.05,223875.0,10975.0,,,,4.25,1298950.0,10300.0,,,,4.3,82850.0,2800.0,,,,4.6,579150.0,13075.0,,,,4.9,116450.0,12700.0,,,,5.3,692225.0,15325.0,,,,5.8,141725.0,11450.0,,,,6.15,3980750.0,67950.0,,,,6.9,220300.0,13725.0,,,,7.5,908025.0,83975.0,,,,8.4,272725.0,67725.0,,,,9.35,1130975.0,104250.0,,,,10.3,191975.0,46450.0,,,,11.8,1719125.0,142900.0,,,,13.45,299425.0,33775.0,,,,15.55,1013175.0,26425.0,,,,17.6,358450.0,38525.0,696.6,86825.0,225.0,20.7,2821550.0,72150.0,,,,23.95,248000.0,20475.0,,,,28.0,1334875.0,37575.0,556.0,3050.0,25.0,32.45,622875.0,20575.0,518.35,38375.0,350.0,37.75,1364125.0,49600.0,,,,43.85,467750.0,26850.0,427.7,57625.0,525.0,51.7,1501075.0,73450.0,390.45,21300.0,300.0,60.45,501275.0,43925.0,350.0,226550.0,7300.0,70.85,1616225.0,86450.0,309.45,51875.0,3675.0,82.9,691700.0,65050.0,275.0,522125.0,39650.0,96.4,3908700.0,176525.0,239.0,346550.0,22350.0,111.8,1149225.0,78750.0,207.3,1384075.0,125500.0,129.1,3042750.0,258100.0,176.85,972975.0,143725.0,149.6,1298825.0,179925.0,149.45,2416875.0,226650.0,171.6,2407850.0,194950.0,124.15,1066650.0,106050.0,197.3,776525.0,60350.0,103.3,3714225.0,206900.0,224.55,2286975.0,79050.0,83.1,972300.0,70550.0,255.25,321175.0,5850.0,67.0,2636100.0,95975.0,289.6,803100.0,25100.0,53.3,979950.0,71875.0,325.7,201175.0,1450.0,42.35,6074100.0,210600.0,362.9,1623925.0,8750.0,33.1,838300.0,61750.0,407.0,129100.0,550.0,26.0,2871000.0,90500.0,446.1,497775.0,5625.0,20.5,958875.0,37775.0,494.3,51900.0,50.0,16.45,2412175.0,72200.0,534.5,374000.0,3200.0,13.2,714225.0,35100.0,580.5,21650.0,175.0,10.65,2741850.0,85575.0,,,,8.7,775650.0,30550.0,672.2,27000.0,175.0,7.25,2179250.0,54075.0,,,,6.3,816625.0,17750.0,,,,5.6,4402750.0,70000.0,822.7,321475.0,16250.0,4.7,589200.0,5525.0,,,,4.2,2194575.0,31575.0,,,,3.65,360825.0,16000.0,,,,3.3,2696225.0,84375.0,,,,3.0,469800.0,13200.0,,,,2.7,2665175.0,119425.0,,,,2.65,350850.0,11250.0,,,,2.45,748325.0,15175.0,1220.3,53975.0,25.0,2.25,234750.0,5975.0,,,,2.3,5763825.0,85450.0,1322.9,203650.0,50.0,2.15,134375.0,2250.0,,,,1.95,787425.0,6725.0,,,,1.95,106125.0,7125.0,,,
2024-10-31,2024-10-25 10:00:00+05:30,bearish,-0.0019235526966848,114,156,6133.950000000002,86,122469400.0,86,4334275.0,86,25.181196282499954,20.812980993863338,5.0,0.07243095009855523,13.659735480559032,13.837097139736189,1,0.07645453968656811,-5.732994236992475,9.061864000869168,-15,0.126345992386635,30952.5,70,100081225.0,70,3471226.0,70,-7.617944824316449,20.94870402509433,-25.0,0.06537914578883303,-5.514440143050323,9.827187475098887,1,0.11722083206336896,30.81835554478637,19.20495981735479,65,0.10457475163557063,0.8171937234933787,-0.10059812233733335,0.8008781168707569,-0.11056932796498264,5.046095908835252,0.6692080261119626,,,,2.45,127650.0,6450.0,,,,2.65,2172025.0,16650.0,,,,3.15,221225.0,5850.0,,,,3.5,734225.0,7175.0,,,,4.15,145750.0,5925.0,,,,4.85,6543225.0,105725.0,,,,5.6,156025.0,7075.0,,,,6.3,1004350.0,32650.0,,,,7.1,352050.0,31550.0,,,,8.2,1568675.0,65425.0,,,,9.3,228450.0,37900.0,,,,10.55,1147250.0,36550.0,,,,11.95,578525.0,49225.0,,,,13.9,1513975.0,41350.0,,,,15.9,257700.0,22275.0,775.0,205100.0,525.0,18.3,4983875.0,75750.0,,,,21.05,377725.0,26225.0,,,,24.3,1418575.0,80550.0,639.0,4425.0,25.0,28.0,464375.0,29525.0,590.8,23600.0,50.0,32.65,1403775.0,62525.0,,,,37.8,390200.0,39925.0,497.1,128700.0,2125.0,43.45,2201550.0,73550.0,464.1,38750.0,250.0,50.75,500850.0,49050.0,417.05,27550.0,800.0,59.5,1691700.0,112200.0,373.3,22375.0,275.0,68.6,639375.0,45475.0,335.65,1034225.0,23325.0,80.45,5646450.0,310400.0,298.65,60200.0,2225.0,93.15,567000.0,81850.0,262.75,193600.0,25525.0,107.0,1726800.0,203775.0,230.8,146450.0,16425.0,123.65,757950.0,91025.0,199.8,902100.0,127200.0,143.45,2585950.0,306025.0,170.8,583800.0,162025.0,164.5,951525.0,283375.0,145.0,2687200.0,331375.0,186.85,4069400.0,406900.0,120.95,1452350.0,120250.0,213.1,1289275.0,123675.0,99.7,5772925.0,317000.0,242.95,4882475.0,236350.0,81.85,2572725.0,87200.0,275.65,1943275.0,59125.0,66.0,8870575.0,283200.0,309.05,6262325.0,115875.0,53.2,1253150.0,72825.0,346.5,563425.0,6675.0,42.45,3500775.0,165100.0,384.75,1811575.0,24500.0,33.7,1441300.0,87700.0,427.3,262925.0,2600.0,27.0,3174500.0,277175.0,467.9,1198400.0,13600.0,21.25,1086500.0,141550.0,503.0,139900.0,750.0,17.05,3999550.0,99625.0,558.4,1486550.0,13400.0,13.8,869225.0,72275.0,598.1,149700.0,250.0,11.35,2836275.0,152425.0,652.0,972600.0,5200.0,9.45,916225.0,79275.0,697.5,191400.0,50.0,7.95,8485400.0,175950.0,748.0,3379900.0,27775.0,6.65,911775.0,31550.0,,,,5.9,2735825.0,114900.0,836.4,462425.0,1000.0,5.2,793875.0,36150.0,,,,4.6,3592825.0,195225.0,944.85,941475.0,175.0,4.15,1006400.0,47150.0,,,,3.8,3983200.0,107300.0,1034.9,630275.0,125.0,3.5,603075.0,48075.0,,,,3.25,2727425.0,139300.0,1146.0,596875.0,175.0,3.1,427400.0,28650.0,,,,2.9,8542100.0,303475.0,1235.0,2098025.0,550.0,2.75,442725.0,35375.0,,,,2.5,1965150.0,38025.0,1334.8,491950.0,50.0,2.45,587900.0,14125.0,,,,2.4,1916700.0,19075.0,1440.25,768175.0,75.0,2.35,243600.0,9825.0,,,
2024-11-14,2024-11-08 10:00:00+05:30,bearish,-0.0272467793905798,94,126,8502.750000000002,70,85848425.0,70,4951650.0,70,21.539270231224393,17.96842149300426,54.0,0.06502390696160122,10.503993618288852,12.38339070685588,0,0.12147970878394071,-8.344641439534268,8.005440967694842,-20,0.12121372497133279,9581.5,56,60041275.0,56,3096150.0,56,-15.433271528627598,14.767895403294826,-39.0,0.07902313866585944,-9.75006055908144,11.987080966304626,0,0.1331734573583321,10.983535980796326,9.77733392633106,26,0.13327767051088035,0.6993870301056775,-0.1768949418636134,0.6252764230105117,-0.2305599045701931,1.1268707182970212,0.059651354078825394,,,,3.6,993650.0,61425.0,,,,3.75,272100.0,875.0,,,,3.9,1030500.0,23475.0,,,,4.15,123825.0,2425.0,,,,4.45,775800.0,17150.0,,,,4.9,170125.0,7350.0,,,,5.35,4207850.0,113050.0,,,,5.8,225425.0,19175.0,,,,6.45,773550.0,24200.0,,,,7.15,352075.0,26900.0,1030.65,7400.0,25.0,8.0,1602250.0,29900.0,,,,8.95,371725.0,24625.0,,,,10.45,1561500.0,64225.0,,,,11.9,371575.0,19500.0,,,,13.85,1441675.0,41425.0,,,,16.15,240125.0,23925.0,741.1,106850.0,2075.0,19.0,2982675.0,62775.0,678.9,10900.0,100.0,21.9,312075.0,15925.0,638.6,31350.0,275.0,25.75,1355825.0,53975.0,576.9,15325.0,175.0,30.3,429175.0,63950.0,555.0,38425.0,775.0,35.2,1910675.0,85550.0,514.9,21425.0,300.0,41.4,497450.0,29025.0,468.45,172425.0,8150.0,49.05,2307700.0,139575.0,430.95,24375.0,1350.0,57.3,496475.0,60125.0,385.1,196700.0,10100.0,66.7,1856900.0,223675.0,346.55,81150.0,9075.0,78.6,492650.0,68050.0,309.25,1186000.0,86350.0,91.5,3537850.0,255100.0,272.3,241375.0,34675.0,106.85,711800.0,76625.0,239.85,1519750.0,185050.0,122.7,2331300.0,230250.0,210.55,878325.0,253800.0,142.1,1224900.0,187925.0,181.55,4419575.0,601525.0,163.25,3923575.0,412325.0,153.9,1431100.0,191700.0,187.6,1002875.0,103550.0,131.05,3209325.0,269500.0,212.6,1761450.0,95825.0,110.2,1137275.0,182375.0,242.0,499900.0,21600.0,91.35,3031750.0,235450.0,274.15,1207250.0,40800.0,74.55,917500.0,124125.0,308.4,190350.0,3800.0,61.2,5345000.0,337100.0,341.0,1218350.0,28725.0,49.15,823750.0,126925.0,378.5,69450.0,1225.0,39.55,2287825.0,141825.0,423.0,527175.0,9875.0,31.35,870825.0,95300.0,464.25,24950.0,325.0,24.65,2954375.0,152900.0,508.85,239850.0,6350.0,19.75,783350.0,99750.0,,,,15.6,2934175.0,121025.0,596.45,198100.0,2550.0,12.3,670950.0,82575.0,,,,10.0,1796325.0,136425.0,690.0,38900.0,25.0,8.15,704925.0,67475.0,754.85,3275.0,200.0,6.7,5368100.0,199150.0,801.0,465850.0,525.0,5.65,595975.0,55225.0,,,,4.75,1508850.0,83575.0,,,,4.0,390450.0,49750.0,926.7,2525.0,25.0,3.5,2162125.0,91550.0,,,,3.1,549425.0,28975.0,,,,2.8,2174875.0,121400.0,,,,2.6,492900.0,27550.0,,,,2.4,1079300.0,56325.0,,,,2.3,329875.0,32100.0,,,,2.2,4484075.0,111875.0,1277.0,124975.0,25.0,2.2,399325.0,28525.0,,,,2.15,968900.0,37425.0,,,,2.15,310025.0,22800.0,,,,2.1,696525.0,42375.0,,,
2024-11-21,2024-11-13 10:00:00+05:30,bearish,-0.0186602448526723,73,99,4800.15,49,17623450.0,49,359750.0,49,15.616099571877243,12.32669669847008,14.0,0.1110097625606791,13.016191799861014,10.096811526901595,24,0.12682418346073662,-2.7088632646896458,7.320669903050048,-10,0.11785048383904671,9612.1,50,14188750.0,50,438850.0,50,-6.557897982556603,12.355891962980714,-16.0,0.10065192494053388,-6.4837074171129085,10.52277119877621,0,0.20986669704910563,9.824013483005794,9.493753493567239,24,0.122746330146378,0.8051062646644102,-0.10796801227202142,1.2198749131341209,0.09904833458552467,2.0024582565128175,0.33387916529341366,,,,3.85,104650.0,775.0,,,,4.45,1850.0,250.0,,,,5.0,62575.0,1600.0,,,,5.75,30425.0,1350.0,,,,6.3,380275.0,27100.0,,,,7.45,14375.0,50.0,,,,7.95,95025.0,2325.0,,,,8.9,38925.0,375.0,,,,10.2,116500.0,4275.0,,,,11.6,18575.0,5575.0,,,,13.1,214900.0,26400.0,,,,14.85,15125.0,900.0,,,,16.85,226825.0,3300.0,,,,19.2,85575.0,750.0,,,,21.7,1428125.0,37125.0,,,,23.75,231600.0,250.0,,,,27.05,208850.0,1550.0,,,,30.5,44375.0,625.0,,,,34.55,425050.0,6100.0,,,,38.75,86425.0,1975.0,565.7,11375.0,125.0,44.65,750900.0,12325.0,523.7,8525.0,25.0,51.15,123925.0,1625.0,485.0,15625.0,50.0,59.15,457025.0,6500.0,,,,67.7,148850.0,2050.0,404.0,60875.0,500.0,78.4,1023125.0,33350.0,359.7,11575.0,75.0,88.85,147950.0,4250.0,326.85,37750.0,825.0,101.55,422100.0,17500.0,289.4,24175.0,350.0,116.6,119925.0,2925.0,258.55,111950.0,8725.0,133.75,590925.0,23550.0,227.45,78150.0,10175.0,153.45,287925.0,7825.0,199.95,410050.0,21425.0,173.45,912725.0,92100.0,171.7,164275.0,6200.0,196.7,137150.0,4500.0,146.85,522075.0,17175.0,223.25,666200.0,17425.0,125.8,193800.0,1125.0,252.3,88825.0,2400.0,108.85,1332925.0,40350.0,281.9,843825.0,56025.0,92.1,203300.0,7150.0,317.95,51600.0,550.0,77.4,830075.0,9025.0,353.25,311225.0,9525.0,64.85,366225.0,8375.0,387.8,217575.0,1400.0,53.9,1532025.0,21500.0,426.6,589850.0,4050.0,45.0,318300.0,4675.0,476.6,85475.0,50.0,37.3,1120525.0,11725.0,512.0,406300.0,4450.0,30.5,222375.0,4225.0,,,,25.9,916700.0,8950.0,600.85,331275.0,25.0,21.95,150900.0,3200.0,644.05,7675.0,50.0,18.75,1956375.0,29500.0,698.5,529875.0,2200.0,15.45,141575.0,1150.0,,,,13.65,598725.0,4625.0,793.15,37150.0,50.0,11.7,195050.0,1525.0,,,,10.0,438475.0,7525.0,877.2,15900.0,75.0,8.6,307750.0,19475.0,,,,7.8,466900.0,3600.0,,,,7.0,100075.0,1950.0,,,,6.55,418175.0,15425.0,,,,5.7,54175.0,650.0,,,,5.3,1399825.0,45625.0,1179.85,15325.0,50.0,4.65,148475.0,1875.0,,,,4.25,404475.0,17950.0,,,,4.1,87275.0,1150.0,,,,3.9,365800.0,7325.0,,,,,,,,,,3.5,198750.0,6950.0,,,
2024-11-28,2024-11-22 10:00:00+05:30,bullish,0.0176342301513845,120,162,11245.1,99,106769625.0,99,5859800.0,99,25.258927808353732,27.363899881814426,10.0,0.0602910237813423,9.032321922249906,14.311536148694088,0,0.16590156660636882,-11.788516776195852,11.026750900221783,-30,0.1356146232581302,23946.3,63,91541375.0,63,3908825.0,63,-9.883368312962308,18.795331060392268,-36.0,0.07727052384782292,-9.446521652926391,10.913187627860376,0,0.13498301919374747,27.97989042148474,19.04624706344534,60,0.12423631208161595,0.8573728249022136,-0.07678973934880062,0.6670577494112427,-0.19971848648095306,2.129487510115517,0.360917724216712,1525.0,43975.0,25.0,4.2,4198550.0,93100.0,,,,4.55,620975.0,4350.0,,,,4.95,869525.0,19275.0,,,,5.35,297500.0,7475.0,,,,5.7,1536850.0,20300.0,,,,6.3,491050.0,9975.0,,,,7.1,1582950.0,16775.0,,,,7.9,296025.0,6975.0,,,,8.9,1589250.0,156575.0,,,,10.15,421775.0,47800.0,1030.0,488750.0,500.0,11.6,5888900.0,187750.0,,,,12.95,368975.0,23975.0,,,,14.85,1202125.0,89750.0,,,,16.9,389200.0,34350.0,838.0,7950.0,1650.0,19.0,1475900.0,87125.0,792.35,16425.0,100.0,22.2,392025.0,49225.0,745.0,46600.0,225.0,25.2,1696325.0,71375.0,,,,29.25,328825.0,24275.0,653.2,23400.0,550.0,33.75,1711225.0,49400.0,610.0,18925.0,175.0,38.9,499600.0,56050.0,565.0,1077875.0,7350.0,44.75,6334300.0,204475.0,528.0,38900.0,4700.0,51.35,527300.0,57200.0,477.0,188825.0,4150.0,59.1,2450725.0,139375.0,441.75,82625.0,650.0,69.0,764300.0,59350.0,397.1,454975.0,26975.0,78.35,2762800.0,189700.0,359.95,164175.0,20125.0,89.65,776700.0,79950.0,321.65,1992575.0,91025.0,103.6,4338750.0,268525.0,287.25,1268175.0,89900.0,117.65,1633850.0,102525.0,253.85,3422475.0,351175.0,134.8,4698525.0,450725.0,221.95,1391800.0,351150.0,153.95,1539250.0,242700.0,192.65,6234750.0,972150.0,174.5,6078275.0,527625.0,166.8,1259875.0,261050.0,196.25,923700.0,103800.0,141.5,3064425.0,377500.0,222.4,1829400.0,96450.0,119.15,843825.0,159450.0,249.3,289550.0,22350.0,99.0,3549600.0,337875.0,281.2,1387275.0,34900.0,81.4,976075.0,152150.0,311.1,228750.0,4450.0,66.6,4416325.0,249450.0,345.0,1306825.0,7075.0,54.0,812700.0,142100.0,385.8,70125.0,475.0,43.2,2417950.0,216275.0,425.25,516150.0,6375.0,33.95,778275.0,79825.0,465.05,63500.0,100.0,27.2,6437250.0,271400.0,504.9,2068075.0,4425.0,21.1,715450.0,74725.0,,,,16.7,2613000.0,173950.0,,,,13.0,711150.0,108575.0,,,,10.3,4074675.0,213300.0,686.3,1167550.0,600.0,8.1,839775.0,77025.0,737.1,52275.0,100.0,6.55,3092925.0,65800.0,786.4,1286425.0,50.0,5.3,617125.0,20150.0,,,,4.35,2652775.0,117950.0,878.65,1078100.0,275.0,3.8,530225.0,31650.0,,,,3.2,6098450.0,70900.0,982.35,1892450.0,925.0,2.9,503525.0,6725.0,1025.0,19850.0,75.0,2.5,2028600.0,49650.0,1075.0,350375.0,100.0,2.4,272925.0,1300.0,1136.2,23400.0,100.0,2.2,1142550.0,20250.0,1180.0,314800.0,25.0,2.15,235375.0,1775.0,,,,2.1,1955375.0,59125.0,,,,2.0,205400.0,3725.0,,,,1.9,668325.0,17425.0,,,,1.85,255400.0,75.0,,,,1.75,6404075.0,118125.0,1479.55,1918625.0,550.0
2024-12-05,2024-11-29 10:00:00+05:30,bullish,0.0268404637081274,94,128,10952.350000000002,61,104401850.0,61,9633550.0,61,16.68696555664483,14.119378944198319,39.0,0.0945967432569442,7.036417001001707,8.395090500970115,-1,0.1022468352787913,-9.440800376174973,8.310908750370023,-21,0.10280898619930881,10614.8,67,82259475.0,67,7079875.0,67,-15.241593141701914,15.995358948072736,-1.0,0.08199268230194759,-8.63791027383958,12.277603555147214,-1,0.13899256695916243,14.558418434638432,14.034642117470558,39,0.17669197723932623,0.7879120437042064,-0.11862326060312708,0.7349185917963783,-0.1527918424859058,0.9691801302916723,-0.01565111755609818,,,,2.85,185675.0,12675.0,,,,3.1,706625.0,18775.0,,,,3.45,189500.0,12400.0,,,,3.8,1345050.0,35375.0,,,,4.25,242000.0,16325.0,,,,4.85,2011575.0,94275.0,,,,5.4,322450.0,33700.0,,,,6.1,1162375.0,49325.0,,,,7.05,280650.0,50000.0,1126.0,103000.0,1525.0,8.1,5400425.0,153950.0,,,,9.3,470100.0,60625.0,1025.95,13950.0,50.0,10.65,983475.0,71425.0,,,,12.25,452425.0,44675.0,927.55,18075.0,200.0,14.1,2100900.0,91225.0,,,,16.2,591300.0,70850.0,,,,18.9,3540450.0,118850.0,,,,22.0,513500.0,60650.0,750.0,130900.0,850.0,25.7,1746300.0,159850.0,706.65,13400.0,275.0,29.9,607725.0,71300.0,651.35,491125.0,25350.0,34.35,6445375.0,302525.0,609.15,20325.0,3975.0,40.55,582675.0,98575.0,564.85,273350.0,3375.0,46.6,2601550.0,315875.0,528.5,21700.0,550.0,54.4,575425.0,118825.0,480.15,306900.0,9225.0,62.25,2242850.0,364600.0,439.65,86500.0,3900.0,72.15,905800.0,128225.0,403.25,753600.0,72575.0,82.8,3587325.0,399875.0,361.6,217775.0,32725.0,96.9,953350.0,176775.0,327.65,1408000.0,246400.0,109.2,3407375.0,443375.0,292.0,873375.0,228300.0,126.85,1822050.0,309675.0,260.05,5550275.0,985000.0,142.9,6744675.0,984050.0,230.0,1543000.0,738675.0,162.05,1478025.0,382475.0,202.05,4072450.0,962350.0,183.5,3093350.0,577875.0,175.4,983525.0,340525.0,207.55,491400.0,135500.0,151.65,4788350.0,648200.0,235.75,2344300.0,199400.0,129.3,1159550.0,339300.0,262.5,463250.0,91975.0,109.6,5518975.0,533700.0,290.75,2326200.0,86875.0,91.4,1182925.0,241575.0,323.25,178225.0,10575.0,75.75,3869000.0,435325.0,355.8,675025.0,43400.0,62.4,922150.0,165475.0,393.95,68300.0,7300.0,51.1,6865300.0,548625.0,432.0,964350.0,59700.0,40.85,1000125.0,152475.0,468.3,22975.0,2500.0,32.65,2932575.0,317600.0,511.7,98725.0,1025.0,25.8,921050.0,194825.0,,,,20.45,3149375.0,352025.0,600.0,43075.0,650.0,16.0,1303825.0,167650.0,650.55,12025.0,25.0,12.45,4940675.0,452350.0,693.9,71275.0,825.0,9.9,890050.0,180150.0,,,,7.6,3420475.0,181025.0,,,,6.25,1038050.0,118775.0,,,,5.25,8054250.0,289475.0,880.0,249975.0,1175.0,4.3,741125.0,68125.0,,,,3.45,2189350.0,108025.0,980.0,9075.0,25.0,3.0,475725.0,23400.0,,,,2.55,2403425.0,59475.0,,,,2.25,476250.0,11000.0,,,,1.85,1613375.0,60375.0,,,,1.8,330850.0,27425.0,,,,1.65,1148975.0,30325.0,,,,1.55,129575.0,6125.0,,,,1.5,4795425.0,107650.0,,,,1.5,140400.0,17975.0,,,
2024-12-12,2024-12-06 10:00:00+05:30,bearish,-0.0056444312126716,98,129,10105.749999999998,52,91930675.0,52,4610775.0,52,16.013124563699765,12.192039672608365,26.0,0.10071801387295372,14.926758516735257,12.061734416039233,35,0.08576107053586436,-8.32300423026495,8.343443353152617,-20,0.09989362491650795,9585.1,77,95383625.0,77,4189650.0,77,-28.197847638942218,21.61959270486306,-62.0,0.0852310865727739,-13.63650304918072,16.27763545380617,0,0.13978494623655913,7.355259726033113,12.233442724941144,26,0.13604448571219913,1.0375603681796093,0.018433990357383287,0.9086650291979114,-0.047852802563512556,0.948479825841724,-0.026441215082131948,,,,6.95,2441700.0,39950.0,,,,7.35,286000.0,7325.0,,,,7.85,1904125.0,48225.0,,,,8.55,403525.0,20575.0,,,,9.4,1498400.0,40950.0,,,,10.35,404750.0,14850.0,,,,11.65,3189125.0,154525.0,,,,12.75,333575.0,14400.0,,,,14.25,2922100.0,155925.0,,,,16.55,437800.0,32675.0,1009.5,55225.0,150.0,18.85,1482100.0,47225.0,,,,21.65,489225.0,49800.0,,,,24.05,1749550.0,83175.0,,,,27.3,403900.0,32050.0,814.1,72500.0,50.0,31.55,1147025.0,39000.0,770.7,23150.0,75.0,36.45,455400.0,37350.0,731.0,403075.0,4450.0,41.5,4517550.0,161575.0,,,,46.55,572475.0,37850.0,639.9,268350.0,175.0,53.05,1465950.0,83075.0,596.6,61375.0,125.0,61.05,424625.0,31225.0,563.85,407150.0,1175.0,69.7,2286050.0,99000.0,518.0,69400.0,5225.0,79.65,447375.0,41075.0,480.0,344825.0,4400.0,89.0,2362125.0,122750.0,440.0,104650.0,2225.0,102.2,645600.0,62075.0,405.0,664150.0,12975.0,115.7,2466025.0,145500.0,368.5,187050.0,5100.0,130.9,657975.0,103775.0,338.6,2633800.0,46450.0,145.1,4810300.0,258075.0,304.55,407900.0,14300.0,164.65,771125.0,67950.0,273.3,1426900.0,71300.0,184.8,2269950.0,305600.0,244.65,653750.0,90800.0,207.0,1234325.0,277450.0,220.0,4725575.0,394300.0,226.95,4131925.0,585650.0,192.85,1845925.0,153700.0,253.8,1194125.0,128375.0,169.65,3249275.0,224600.0,280.6,1470975.0,126650.0,148.5,1303850.0,68450.0,309.8,869100.0,26925.0,130.8,2248500.0,144375.0,337.3,394400.0,22350.0,111.7,690275.0,56950.0,372.85,57000.0,1975.0,95.95,4989000.0,290375.0,405.9,662600.0,16650.0,81.05,698125.0,48000.0,444.55,26575.0,1375.0,69.35,1529450.0,140275.0,481.6,55300.0,525.0,57.75,717525.0,35525.0,520.0,11425.0,75.0,48.0,3761675.0,144525.0,563.5,142500.0,500.0,40.25,883650.0,47425.0,,,,33.8,2940825.0,104825.0,641.55,41150.0,400.0,27.9,772475.0,47350.0,,,,23.0,1794225.0,111425.0,734.1,14750.0,25.0,19.5,1152075.0,57250.0,,,,16.3,5630575.0,352050.0,826.3,158125.0,575.0,13.85,735200.0,39600.0,,,,12.0,2221350.0,174075.0,,,,10.5,839975.0,67350.0,,,,9.25,2850050.0,98525.0,,,,8.35,1360750.0,79350.0,,,,7.6,2271200.0,114925.0,,,,6.9,1095175.0,47875.0,,,,6.3,1743275.0,46375.0,,,,5.8,1090600.0,19025.0,,,,5.4,9259075.0,243650.0,1304.0,108650.0,400.0,4.95,1091175.0,53725.0,,,,4.6,2327325.0,46575.0,,,,4.35,1600925.0,53700.0,,,,4.1,9020500.0,237925.0,,,
2024-12-19,2024-12-13 10:00:00+05:30,bearish,-0.017666395296617,97,125,7438.199999999999,56,104330425.0,56,4803900.0,56,16.775075679026514,13.18175909752204,32.0,0.075382372879244,10.69247382335186,11.083391542224133,0,0.11954349590957347,-8.628357667177545,7.678654707984145,-18,0.1197265467451803,7198.4,69,70835850.0,69,3402050.0,69,-15.456216379135705,17.482816869584727,-18.0,0.06689338802315495,-12.994870739701062,17.184949805415307,0,0.12949545127202716,8.351057179373194,9.374343801254033,22,0.15420093354078684,0.6789567856164681,-0.19121588901744926,0.7081850163408897,-0.17083335872141556,0.9677610174504585,-0.016383586352021598,,,,2.1,521500.0,11650.0,,,,2.2,153250.0,2825.0,,,,2.3,4666600.0,20375.0,,,,2.5,117575.0,18300.0,,,,2.65,632150.0,22525.0,,,,3.0,264050.0,6225.0,,,,3.3,1088775.0,9600.0,,,,3.65,210100.0,3475.0,,,,4.05,1188725.0,46075.0,,,,4.65,303425.0,10100.0,,,,5.3,1031375.0,28725.0,,,,6.2,376225.0,17500.0,890.55,52650.0,125.0,7.1,4738450.0,110375.0,841.85,975.0,50.0,8.55,417150.0,27025.0,,,,10.1,2319825.0,91350.0,,,,12.1,394125.0,53650.0,701.6,22100.0,425.0,14.5,1786250.0,54375.0,,,,17.4,541850.0,87125.0,608.65,47825.0,125.0,21.0,2182000.0,82000.0,,,,25.35,474275.0,61550.0,515.0,33125.0,500.0,30.6,2926175.0,101125.0,475.0,6675.0,50.0,36.85,514125.0,49725.0,436.15,337150.0,4300.0,44.3,4247025.0,164500.0,388.3,15875.0,775.0,53.35,526225.0,60625.0,355.4,220675.0,2600.0,63.9,1742700.0,101975.0,317.15,88675.0,2000.0,76.55,614850.0,72700.0,282.55,396700.0,31675.0,90.35,2798275.0,170075.0,248.65,170325.0,21775.0,106.55,846900.0,80375.0,217.9,1130875.0,135525.0,124.95,2844150.0,196075.0,188.85,1134025.0,182050.0,146.55,1692650.0,212500.0,161.55,4390300.0,574275.0,169.45,4006200.0,440550.0,137.35,2064825.0,191050.0,195.1,1330075.0,128775.0,115.6,6230575.0,351850.0,223.0,3972100.0,176625.0,96.6,2328675.0,148100.0,254.6,944950.0,33800.0,79.9,5898175.0,229775.0,287.2,2298525.0,43975.0,65.8,1789975.0,181975.0,323.7,495900.0,4150.0,53.25,5443675.0,227675.0,361.85,1437625.0,22050.0,43.5,1650950.0,82950.0,401.0,265850.0,1525.0,35.2,4240500.0,205850.0,443.25,499650.0,2550.0,28.45,1239275.0,94225.0,488.5,69925.0,150.0,23.1,2154475.0,120450.0,532.75,300975.0,825.0,18.9,1028925.0,62050.0,,,,15.75,6806225.0,251750.0,624.55,390900.0,2150.0,12.5,784250.0,101900.0,,,,10.1,2815275.0,192175.0,,,,8.4,1043100.0,103250.0,,,,7.0,3509325.0,138450.0,815.4,132775.0,25.0,5.8,786375.0,67475.0,,,,4.95,2517300.0,58575.0,,,,4.35,1393675.0,98825.0,,,,3.6,3960700.0,28850.0,,,,3.1,875750.0,92500.0,,,,2.7,5650850.0,84125.0,1110.0,100275.0,100.0,2.5,574275.0,30850.0,,,,2.25,2219425.0,40925.0,,,,2.15,433725.0,6475.0,,,,1.95,2045275.0,31875.0,,,,1.9,579950.0,5450.0,,,,1.8,2126975.0,23775.0,,,,1.75,285575.0,4550.0,,,,1.65,1351050.0,71975.0,,,
2024-12-26,2024-12-19 10:00:00+05:30,bearish,-0.0088782891922739,119,155,15503.000000000002,85,92869600.0,85,969750.0,85,25.12669431116318,22.91794204153734,21.0,0.08310146700319587,19.451121423047177,15.197137851296526,1,0.1074503738076824,-29.63644778429981,32.624902483990425,-79,0.2589821324904857,14030.65,70,75179375.0,70,762250.0,70,-8.016347568731451,23.387811903699856,1.0,0.08927248996150873,-9.601180714988521,13.12982124352757,1,0.13407674647425386,14.571641370855946,14.31810903226397,41,0.14190005452348967,0.8095154388518956,-0.1052682707526184,0.7860273266305748,-0.11980369515011548,0.9050280590853382,-0.04985330292733889,,,,8.0,37700.0,375.0,,,,8.8,2035175.0,11350.0,,,,9.1,53150.0,725.0,,,,9.9,408350.0,2700.0,,,,10.45,46725.0,1450.0,,,,11.0,354525.0,2050.0,,,,12.1,64675.0,2900.0,,,,13.0,776250.0,10075.0,,,,14.55,71750.0,2750.0,1122.0,4100.0,25.0,15.35,602425.0,4200.0,,,,17.6,117475.0,4850.0,1024.05,1014775.0,300.0,19.75,6337475.0,65625.0,,,,21.0,113000.0,2675.0,925.0,7725.0,75.0,23.0,571350.0,9850.0,,,,26.05,205400.0,9800.0,,,,28.4,1610800.0,46675.0,,,,32.0,172675.0,2475.0,,,,36.0,1794475.0,52300.0,,,,41.05,158050.0,5375.0,648.7,53275.0,675.0,45.95,1211850.0,12050.0,,,,51.9,271075.0,8425.0,567.25,601725.0,4725.0,59.85,5610750.0,56800.0,520.65,21625.0,275.0,67.0,243250.0,4200.0,479.6,89225.0,1075.0,74.55,2372225.0,29875.0,440.55,15275.0,200.0,85.0,312425.0,4350.0,402.15,242575.0,2775.0,96.7,1617200.0,35750.0,364.15,39250.0,575.0,110.0,372500.0,5775.0,330.0,584075.0,9300.0,125.55,2041225.0,43675.0,297.8,96025.0,4625.0,141.65,271575.0,7325.0,264.65,957025.0,26650.0,160.0,1745050.0,36350.0,236.1,311725.0,12400.0,179.0,506075.0,31700.0,209.05,4334350.0,104200.0,203.1,6711450.0,102200.0,183.0,301025.0,7025.0,228.75,306600.0,8450.0,160.9,1031100.0,21125.0,255.0,1188375.0,19575.0,139.5,374575.0,3375.0,285.0,300800.0,4350.0,122.05,2221875.0,26725.0,313.1,2290725.0,29925.0,105.65,550050.0,8525.0,349.6,284450.0,1900.0,90.45,3764225.0,23675.0,385.0,1651600.0,4575.0,79.0,485500.0,4975.0,423.3,207275.0,700.0,69.0,2278000.0,24350.0,464.2,1688725.0,3125.0,60.3,485300.0,13350.0,504.65,382450.0,475.0,53.0,6070925.0,50225.0,543.9,5530625.0,3800.0,46.0,618400.0,2875.0,591.35,144800.0,225.0,40.5,3561325.0,20725.0,634.3,2175550.0,3150.0,36.0,726425.0,2650.0,,,,31.75,4305450.0,17450.0,728.2,2716850.0,300.0,28.5,708900.0,4850.0,773.1,244375.0,75.0,25.85,4134150.0,31275.0,822.8,2702750.0,1000.0,23.1,470350.0,5525.0,,,,21.3,2611000.0,31275.0,918.1,300650.0,100.0,19.25,264975.0,6950.0,961.5,46475.0,75.0,17.4,7717600.0,60825.0,1008.4,2251200.0,2425.0,16.0,291625.0,5275.0,,,,15.05,2064250.0,22225.0,,,,13.55,212800.0,7550.0,,,,12.65,2477625.0,29750.0,,,,11.85,308800.0,76075.0,,,,10.35,1644350.0,29250.0,,,,9.9,252525.0,17375.0,,,,9.3,1327975.0,25400.0,,,,8.85,164675.0,2575.0,,,
2025-01-02,2024-12-27 10:00:00+05:30,bullish,0.0112713506598298,98,125,8381.750000000002,66,81426600.0,66,6337275.0,66,17.962001974784652,17.26952569414481,52.0,0.08525285349013713,8.869723185438536,11.732948044334895,0,0.10749494064878043,-7.98656605124228,7.423662769354442,-18,0.11656277030453065,4838.55,59,81274050.0,59,4907250.0,59,-17.680127605305753,16.365959281464903,-46.0,0.1078370033239392,-10.027005960568546,12.82139341101288,0,0.11749961791227266,4.887197610854492,7.6192219490026325,12,0.11181035640842814,0.9981265335897606,-0.0009376114969423909,0.7743470182373339,-0.12717522527630112,0.5772720493930265,-0.26801207234329033,,,,3.0,986400.0,68250.0,,,,3.2,240300.0,31575.0,,,,3.4,4834200.0,146100.0,,,,3.65,241800.0,12075.0,,,,3.95,1308525.0,78225.0,,,,4.2,648525.0,18225.0,,,,4.6,1539450.0,47250.0,,,,5.0,564075.0,17550.0,,,,5.5,2030550.0,69450.0,,,,6.05,502575.0,18375.0,,,,6.7,1145400.0,24450.0,,,,7.4,441975.0,24225.0,977.0,0.0,2100.0,8.3,3917475.0,145050.0,,,,9.4,435675.0,35550.0,875.0,25200.0,150.0,10.65,1002000.0,72450.0,,,,12.3,402975.0,26250.0,,,,14.05,1624650.0,111375.0,,,,16.45,574650.0,60525.0,683.0,55125.0,300.0,19.2,1571325.0,137625.0,640.0,27825.0,75.0,22.45,670275.0,43500.0,595.25,62475.0,2100.0,26.6,1738350.0,120075.0,553.8,24450.0,75.0,31.1,708000.0,49575.0,506.55,419775.0,11700.0,36.9,3702975.0,233775.0,465.0,36300.0,1125.0,43.25,935700.0,56625.0,421.45,440100.0,26175.0,50.8,2739075.0,276300.0,380.0,132000.0,8625.0,59.9,889500.0,90600.0,341.25,1270350.0,62550.0,70.65,3344400.0,314700.0,304.7,642075.0,48450.0,82.7,1511625.0,110400.0,266.45,4643400.0,336900.0,97.0,7888725.0,401925.0,234.0,1313025.0,228450.0,112.8,2182425.0,169575.0,201.35,3739350.0,681225.0,131.1,3899400.0,576600.0,172.5,1120275.0,325050.0,151.4,957150.0,402825.0,146.25,5679225.0,618525.0,174.4,3593400.0,295200.0,121.9,1031175.0,222375.0,199.7,143925.0,29250.0,99.5,2242725.0,382725.0,228.4,683925.0,54300.0,80.3,836850.0,135000.0,260.0,90150.0,8700.0,64.35,3138975.0,325050.0,293.0,476475.0,23550.0,50.15,936675.0,205125.0,325.0,64800.0,1350.0,38.4,2565525.0,262425.0,367.65,262275.0,10050.0,29.6,1037925.0,179925.0,405.75,18600.0,225.0,22.4,2446275.0,277875.0,451.25,207225.0,1650.0,16.85,799200.0,142650.0,495.0,15300.0,150.0,12.7,5285700.0,313875.0,541.0,511200.0,975.0,9.6,1125000.0,170250.0,,,,7.4,1657500.0,186450.0,,,,5.7,662925.0,116175.0,,,,4.65,2148525.0,147975.0,,,,3.8,548100.0,84225.0,,,,3.15,3191025.0,83400.0,,,,2.7,410250.0,5550.0,,,,2.4,985500.0,33750.0,,,,2.1,273075.0,9150.0,,,,2.0,6066450.0,167775.0,,,,1.85,194100.0,1650.0,,,,1.65,840450.0,2250.0,,,,1.6,167925.0,1200.0,,,,1.6,2324625.0,15450.0,,,,1.5,120900.0,34500.0,,,,1.4,861525.0,24525.0,,,,1.4,77850.0,675.0,,,,1.35,519000.0,6300.0,,,
2025-01-09,2025-01-03 10:00:00+05:30,bearish,-0.0220883784536473,94,125,8720.15,65,1062929.0,65,6501975.0,65,17.714039225573863,15.933236800359794,49.0,0.09790588082553021,9.053579873807573,9.500325930689904,3,0.09396375716609184,-9.328859021920497,8.374106224625109,-21,0.12095548815100658,8396.2,60,919988.0,60,6290925.0,60,-18.73290412483641,15.887764567592603,-44.0,0.09917194572103115,-8.625055138950154,10.385940578772356,1,0.07948354176849987,8.24754055406017,7.935530466251801,19,0.11316428860675067,0.8655215917526006,-0.07208622448645102,0.9675406318849272,-0.016497432169406467,0.9628504096833198,-0.018926348199236342,,,,2.1,3534.0,18450.0,,,,2.15,14702.0,28800.0,,,,2.25,4782.0,8700.0,,,,2.55,16232.0,37275.0,,,,2.75,3543.0,11025.0,,,,3.25,19176.0,80850.0,,,,3.6,4513.0,12225.0,,,,4.2,32787.0,97500.0,,,,4.65,3638.0,21300.0,1054.75,0.0,300.0,5.4,64734.0,224250.0,,,,6.2,5409.0,39450.0,,,,7.3,15097.0,121575.0,,,,8.45,5844.0,60225.0,859.85,0.0,3000.0,9.95,20698.0,112425.0,814.85,41.0,300.0,11.85,6368.0,176850.0,,,,14.0,24286.0,151350.0,,,,16.8,7863.0,103050.0,681.15,0.0,75.0,19.95,18396.0,187575.0,,,,24.1,7233.0,113100.0,575.6,3452.0,900.0,28.65,36124.0,397800.0,530.0,0.0,75.0,34.5,9502.0,91575.0,490.85,3360.0,975.0,41.05,23964.0,213975.0,448.65,0.0,150.0,49.05,12173.0,103800.0,407.65,8699.0,5925.0,58.6,0.0,208875.0,368.85,1667.0,6300.0,69.65,10115.0,214950.0,333.6,15090.0,30975.0,82.3,40515.0,305250.0,297.3,3326.0,10875.0,97.5,13749.0,207150.0,265.0,13857.0,63825.0,114.0,40264.0,370125.0,233.4,3259.0,45600.0,133.85,9864.0,184875.0,205.5,35794.0,321150.0,154.5,51673.0,499800.0,178.7,14073.0,361425.0,178.8,14528.0,383025.0,155.3,44629.0,590475.0,204.35,35618.0,500025.0,133.5,27282.0,283350.0,232.8,14040.0,240750.0,114.4,70949.0,610950.0,263.35,34228.0,309750.0,97.2,20746.0,293550.0,294.9,4463.0,28875.0,81.35,37326.0,369675.0,331.0,7383.0,45825.0,68.25,12809.0,197700.0,367.8,1610.0,10800.0,56.25,34368.0,264225.0,405.35,3148.0,11475.0,46.3,10638.0,155250.0,444.55,1885.0,1275.0,37.95,52857.0,378600.0,485.55,5586.0,8250.0,30.65,11601.0,192750.0,529.25,222.0,600.0,24.65,31000.0,251175.0,560.0,1551.0,225.0,19.75,12437.0,154125.0,,,,15.6,33131.0,178800.0,653.15,0.0,75.0,12.35,11152.0,73350.0,715.0,42.0,75.0,9.7,45476.0,266025.0,743.8,0.0,225.0,7.75,14439.0,145425.0,,,,6.2,30906.0,293925.0,,,,5.1,10404.0,104100.0,,,,4.25,72868.0,182925.0,950.15,0.0,150.0,3.6,8221.0,54525.0,,,,3.1,18880.0,78825.0,,,,2.65,7458.0,18675.0,,,,2.4,31719.0,183075.0,,,,2.1,5574.0,8175.0,,,,1.9,13974.0,37050.0,,,,1.8,4272.0,4125.0,,,,1.7,19512.0,5700.0,,,,1.65,0.0,2175.0,,,,1.5,47934.0,12825.0,,,,1.55,2445.0,375.0,,,
2025-01-16,2025-01-10 10:00:00+05:30,bearish,-0.0024732986443927,87,122,9481.800000000001,70,1155790.0,70,6393825.0,70,22.917829363465682,17.41607993170383,63.0,0.07566945552392736,12.680660637411878,12.170917778752969,9,0.09303116678983238,-9.695859435972073,10.382092671515665,-27,0.14840009280938216,14052.05,52,728075.0,52,9502575.0,52,-10.336207121519074,12.969223862964435,-27.0,0.07954537650654123,-7.705077307992833,9.6774887362257,1,0.0945691036376982,16.49980963631641,13.039115732046923,37,0.12809518895819472,0.6299370993000458,-0.22704121579837197,1.4862113054392323,0.19556314637276365,1.482002362420637,0.19419899421471618,,,,3.45,45415.0,86025.0,,,,3.85,22268.0,76050.0,,,,4.3,4809.0,99000.0,1407.1,0.0,825.0,4.7,57915.0,265950.0,,,,5.05,2952.0,39900.0,,,,5.5,5766.0,91125.0,,,,6.1,2468.0,41175.0,,,,6.65,16634.0,72750.0,,,,7.6,4872.0,62325.0,,,,8.55,18820.0,129525.0,,,,9.75,3025.0,137850.0,,,,10.95,16915.0,137400.0,,,,12.9,5157.0,159375.0,913.0,249.0,75.0,15.1,46357.0,434550.0,,,,17.25,3795.0,91125.0,,,,20.0,18320.0,179925.0,770.2,0.0,75.0,23.3,6843.0,122250.0,727.0,0.0,75.0,27.1,25096.0,274200.0,,,,31.45,4707.0,156450.0,633.4,135.0,375.0,36.9,29422.0,326850.0,,,,42.75,5480.0,185250.0,548.9,591.0,300.0,49.4,19416.0,320625.0,506.95,0.0,75.0,57.55,8377.0,148200.0,467.35,3707.0,15600.0,66.6,39432.0,631125.0,423.9,74.0,2250.0,77.15,5491.0,152850.0,386.7,850.0,12150.0,89.15,15925.0,317850.0,352.55,408.0,6300.0,102.55,7144.0,258525.0,315.6,3441.0,28350.0,116.95,25939.0,523800.0,281.3,891.0,23025.0,133.55,9381.0,352050.0,251.05,5302.0,145950.0,153.0,23903.0,705675.0,222.1,3669.0,168375.0,172.8,11357.0,588300.0,194.15,18006.0,387075.0,196.15,31743.0,898650.0,168.35,14582.0,187725.0,220.85,15510.0,347475.0,145.85,47718.0,485850.0,247.0,39532.0,500400.0,125.0,21869.0,185400.0,275.7,15970.0,114675.0,105.95,53665.0,352650.0,307.05,30789.0,134100.0,89.6,19137.0,164700.0,340.3,7593.0,34125.0,74.55,46018.0,427575.0,375.3,20370.0,37275.0,61.6,17331.0,184050.0,410.6,3205.0,7425.0,50.05,63793.0,594825.0,452.7,10925.0,19650.0,41.35,14416.0,127725.0,488.45,2444.0,3600.0,33.9,30699.0,345525.0,534.2,4270.0,16200.0,27.8,11397.0,109200.0,578.05,420.0,75.0,22.85,67134.0,277725.0,621.55,8268.0,13275.0,18.45,13676.0,87225.0,,,,14.95,22530.0,157425.0,716.0,2466.0,300.0,12.1,12183.0,94350.0,758.25,0.0,375.0,9.75,36765.0,220425.0,805.5,1534.0,75.0,8.0,12680.0,85200.0,,,,6.5,33720.0,240525.0,899.85,0.0,75.0,5.35,11691.0,68175.0,,,,4.55,35935.0,108300.0,,,,3.8,12210.0,85650.0,,,,3.15,73629.0,74325.0,1102.55,2100.0,750.0,2.75,10682.0,37875.0,,,,2.45,27180.0,121650.0,,,,2.2,6103.0,31950.0,,,,1.95,31470.0,42450.0,,,,1.9,5798.0,45300.0,,,,1.75,39279.0,102900.0,,,,1.75,5612.0,450.0,,,
2025-01-23,2025-01-17 10:00:00+05:30,bearish,-0.0009062962835395,88,117,6618.650000000001,63,878513.0,63,5289750.0,63,16.792036088253674,15.644317859790407,15.0,0.06550614504281667,7.997093435417553,11.939292067886392,-1,0.1248121366794272,-6.779705831249575,6.971825785503792,-15,0.11778837074025669,7916.699999999999,54,839030.0,54,4573650.0,54,-15.41942481198527,13.545023327936985,-1.0,0.07972420533234807,-7.83122888721262,9.56718997744876,-1,0.1401889082024204,8.389284676696098,8.134001366219781,20,0.12457210706481238,0.9550570111085437,-0.022988070749902622,0.8646249822770452,-0.07260173976519253,1.1961200546939328,0.08930297516055674,,,,2.8,7422.0,33975.0,,,,3.05,30330.0,25275.0,,,,3.45,3832.0,15075.0,,,,3.65,12990.0,15975.0,,,,4.2,3945.0,8325.0,,,,4.5,62904.0,134400.0,,,,4.95,4250.0,13875.0,,,,5.35,13972.0,17325.0,,,,6.05,4566.0,35475.0,,,,6.6,29398.0,61425.0,,,,7.45,6453.0,53775.0,,,,8.5,18813.0,45825.0,,,,9.6,6721.0,47100.0,,,,10.9,17254.0,90075.0,,,,12.65,7152.0,68625.0,779.6,709.0,1050.0,14.7,34998.0,158100.0,,,,16.8,6372.0,51825.0,680.1,0.0,450.0,19.6,16719.0,109800.0,,,,22.8,7241.0,49125.0,592.1,0.0,225.0,26.95,20907.0,112575.0,543.5,133.0,150.0,31.85,7317.0,78525.0,500.0,666.0,3225.0,37.6,23136.0,155175.0,455.3,169.0,150.0,44.35,7935.0,108900.0,414.5,715.0,2025.0,51.95,35631.0,165450.0,372.7,427.0,2625.0,62.05,9689.0,103575.0,335.0,8176.0,50100.0,73.2,42345.0,368100.0,297.85,1391.0,15525.0,86.25,11928.0,136725.0,262.0,8302.0,86100.0,100.55,29611.0,400875.0,229.4,8165.0,110550.0,117.75,23397.0,224025.0,197.6,47678.0,660225.0,136.55,66891.0,641175.0,169.15,23414.0,458850.0,157.55,24221.0,357150.0,143.45,46287.0,462000.0,181.75,34541.0,286575.0,120.15,16586.0,233250.0,208.0,8906.0,65775.0,98.35,35499.0,366300.0,237.1,17328.0,65325.0,80.05,13771.0,207900.0,267.65,1641.0,15750.0,64.05,45455.0,356400.0,303.0,9423.0,28425.0,50.75,14128.0,153975.0,338.8,1235.0,14400.0,39.9,45638.0,304125.0,375.3,3182.0,6900.0,31.4,14319.0,141900.0,415.0,524.0,675.0,24.35,26367.0,164850.0,459.6,3235.0,8550.0,19.05,11519.0,141600.0,505.65,0.0,75.0,14.8,31362.0,141225.0,549.0,0.0,525.0,11.8,8761.0,98700.0,597.0,0.0,300.0,9.45,19106.0,94200.0,640.4,0.0,75.0,7.7,7976.0,42075.0,,,,6.35,57548.0,176550.0,740.0,4260.0,750.0,5.3,8878.0,55800.0,,,,4.45,21824.0,51750.0,,,,4.0,17955.0,54075.0,,,,3.45,37041.0,55500.0,,,,3.0,10089.0,47925.0,986.2,0.0,750.0,2.7,23518.0,54150.0,,,,2.5,4803.0,12825.0,,,,2.25,25089.0,70875.0,,,,2.1,4185.0,6450.0,,,,2.0,52615.0,54675.0,,,,1.95,0.0,23175.0,,,,1.8,13512.0,3675.0,,,,1.85,2365.0,1800.0,,,,1.75,9706.0,2700.0,,,,1.75,0.0,20250.0,,,
2025-01-30,2025-01-24 10:00:00+05:30,bullish,0.0045475658100824,106,148,10614.700000000003,85,767288.0,85,6296650.0,85,20.255716236927984,20.463399648853486,17.0,0.13445277392582708,11.551662391906808,14.522315416391056,1,0.09426441044047232,-9.530730967431955,9.045902719562994,-23,0.10917406992190072,24155.399999999998,63,663800.0,63,8991575.0,63,-11.922899969870443,14.21219326236603,-23.0,0.12184392889424525,-8.011480191178965,10.947988132525277,1,0.11364249311160725,28.26906820007121,19.370419278140687,57,0.11798604038848458,0.8651249595979607,-0.07231421128539964,1.42799345683816,0.17627455116601176,2.275655458939018,0.38943517562503405,,,,2.55,1298.0,11500.0,,,,2.85,11318.0,30775.0,,,,3.1,2419.0,15275.0,,,,3.45,0.0,29250.0,,,,3.9,0.0,13925.0,,,,4.4,14781.0,30175.0,,,,5.15,2780.0,21950.0,1158.85,0.0,450.0,5.85,80880.0,205075.0,,,,6.7,3931.0,75800.0,,,,7.75,0.0,126125.0,,,,9.1,0.0,87450.0,,,,10.7,32509.0,150375.0,,,,12.5,5421.0,68800.0,873.0,0.0,11025.0,14.65,23834.0,104450.0,,,,17.2,5589.0,71500.0,765.0,0.0,25.0,20.4,0.0,174200.0,729.35,0.0,75.0,24.0,5925.0,114675.0,684.0,0.0,6325.0,28.4,57864.0,490550.0,635.0,0.0,25.0,33.25,6752.0,136775.0,596.65,0.0,300.0,39.05,21748.0,201525.0,552.9,0.0,250.0,45.75,7137.0,116825.0,511.85,625.0,4225.0,53.25,0.0,198125.0,470.55,0.0,725.0,62.9,5392.0,202475.0,431.2,2265.0,28225.0,73.4,34437.0,324375.0,394.0,0.0,3850.0,85.5,6678.0,142375.0,357.8,3023.0,52925.0,98.55,22502.0,409225.0,321.6,0.0,8750.0,114.2,7027.0,249525.0,289.8,0.0,128050.0,129.85,0.0,814725.0,255.8,4476.0,64175.0,149.8,9961.0,266250.0,227.65,21970.0,231950.0,170.25,29998.0,779075.0,200.0,13180.0,323875.0,192.9,16578.0,882075.0,174.65,63968.0,593550.0,217.9,55295.0,1021825.0,151.8,30334.0,467975.0,244.75,21054.0,253175.0,130.9,0.0,476125.0,272.0,0.0,254750.0,110.75,0.0,196775.0,304.6,0.0,52525.0,93.7,41268.0,231900.0,336.65,18958.0,81900.0,78.6,13140.0,140625.0,371.8,3461.0,8950.0,65.2,70492.0,364875.0,407.95,26666.0,56000.0,53.75,0.0,104425.0,445.0,0.0,5125.0,44.35,0.0,222875.0,486.05,0.0,10075.0,35.75,0.0,100475.0,526.75,0.0,800.0,28.9,44329.0,176800.0,568.85,0.0,3625.0,23.55,18032.0,76500.0,614.35,0.0,50.0,19.05,64671.0,310375.0,662.45,0.0,900.0,15.6,12340.0,106175.0,,,,12.85,0.0,201875.0,749.2,0.0,450.0,10.55,0.0,138100.0,,,,8.85,103164.0,180650.0,849.1,30581.0,3200.0,7.25,8962.0,47725.0,,,,6.05,29489.0,88475.0,954.55,0.0,50.0,5.15,8042.0,55275.0,,,,4.45,0.0,197150.0,1049.4,0.0,75.0,3.8,0.0,34650.0,,,,3.4,0.0,63475.0,,,,2.95,6392.0,25400.0,,,,2.75,20903.0,55875.0,1247.75,0.0,75.0,2.65,3405.0,4400.0,,,,2.5,0.0,96400.0,1351.2,0.0,75.0,2.35,0.0,18050.0,,,,2.25,0.0,58150.0,1456.0,1483.0,150.0,2.15,3126.0,8550.0,,,
2025-02-06,2025-02-01 10:00:00+05:30,bullish,0.001922909578679,98,124,10702.9,64,1214706.0,64,2942025.0,64,20.707395863690472,18.53614241386398,48.0,0.10447383976040293,17.879929640298773,16.764926165845814,48,0.10969485303489943,-6.999687000719432,9.766747513485024,-21,0.10399050724569976,7006.85,60,1040329.0,60,2086425.0,60,-22.05767983013066,17.92618715387974,-49.0,0.12414053631110927,-19.759049570437472,17.85961397873768,-49,0.09306589021891513,5.148690210294212,15.145124721012285,29,0.2027373213355502,0.8564450986493851,-0.07732784635271736,0.7091799015983888,-0.17015183605285922,0.6546683609115287,-0.20870142153333612,,,,13.15,2953.0,4950.0,,,,14.25,7892.0,21600.0,,,,15.45,2637.0,9300.0,,,,16.75,12912.0,29250.0,,,,18.2,3691.0,25425.0,,,,19.75,14935.0,17700.0,,,,21.55,3379.0,10500.0,,,,23.4,11914.0,20250.0,,,,25.75,4771.0,8025.0,1113.0,0.0,150.0,28.05,31416.0,34425.0,,,,30.7,4362.0,14850.0,,,,33.45,12306.0,26550.0,,,,36.45,5742.0,13575.0,922.95,928.0,225.0,39.95,24141.0,59250.0,,,,43.8,6291.0,22950.0,,,,48.0,20984.0,35175.0,,,,52.8,5124.0,26100.0,742.85,0.0,150.0,58.3,17471.0,50400.0,697.2,0.0,150.0,63.9,7025.0,32400.0,655.15,16090.0,1875.0,70.05,78214.0,119700.0,612.25,2763.0,900.0,78.25,9078.0,27525.0,571.15,8150.0,750.0,86.35,24252.0,44775.0,530.4,4469.0,450.0,95.7,11883.0,25350.0,491.2,22848.0,3375.0,106.6,43812.0,70200.0,453.2,7392.0,2025.0,117.85,16266.0,25875.0,415.0,25551.0,8475.0,131.3,49102.0,60600.0,380.25,10071.0,13800.0,145.5,21571.0,30900.0,345.8,27836.0,28500.0,162.3,52954.0,65325.0,313.8,10721.0,25650.0,179.25,20592.0,59700.0,283.65,55204.0,123825.0,199.45,65471.0,121500.0,254.75,21701.0,85800.0,220.5,18876.0,106275.0,227.95,44092.0,222900.0,243.3,18765.0,127875.0,203.0,12942.0,71625.0,269.2,4860.0,27225.0,180.25,24601.0,117150.0,294.8,6825.0,22875.0,159.15,11247.0,60150.0,324.7,0.0,5700.0,139.65,25336.0,104400.0,353.85,4878.0,2775.0,121.6,9607.0,47775.0,388.7,0.0,975.0,106.65,22283.0,75450.0,422.0,2194.0,825.0,92.7,12577.0,51150.0,458.9,0.0,150.0,80.8,88431.0,204900.0,495.95,0.0,1125.0,70.2,0.0,49950.0,,,,61.25,20267.0,114675.0,,,,53.25,6971.0,34875.0,,,,46.75,23029.0,101250.0,,,,41.15,6615.0,45675.0,,,,35.9,19118.0,54225.0,,,,31.75,5913.0,34050.0,,,,28.2,19354.0,54750.0,,,,24.95,7638.0,26850.0,,,,22.05,56886.0,176550.0,,,,19.5,8367.0,47550.0,,,,17.4,17986.0,38700.0,,,,15.3,7625.0,26175.0,,,,13.6,19971.0,41175.0,,,,12.0,5850.0,16050.0,,,,10.65,23187.0,25050.0,,,,9.55,5547.0,11175.0,,,,8.6,17316.0,23775.0,,,,7.75,5291.0,5475.0,,,,7.05,86944.0,79950.0,1420.55,0.0,75.0,6.45,4161.0,7650.0,,,
2025-02-13,2025-02-07 10:00:00+05:30,bearish,-0.0243640006693056,87,116,9825.0,52,907297.0,52,2786325.0,52,15.783938445734968,12.95803563365776,38.0,0.13133185715372145,8.94950337810557,9.940336763283868,0,0.15461225808188206,-10.0661475826972,8.621253167416707,-22,0.11653944020356234,6556.1,64,730289.0,64,4100625.0,64,-16.286047030696068,15.245373196513121,0.0,0.0761328734240828,-12.098655692729766,15.343999302920297,0,0.1523365340649291,6.768437028111224,8.541683554049984,18,0.13193819496346912,0.8049062214467809,-0.10809081171920132,1.4716965895938199,0.19083919587045065,0.6672875318066158,-0.19955314356178763,,,,2.5,6321.0,41550.0,,,,2.75,2598.0,26250.0,,,,2.9,13633.0,21450.0,,,,3.3,2680.0,23475.0,,,,3.5,13758.0,31950.0,,,,3.95,3045.0,18300.0,,,,4.35,14526.0,32475.0,,,,5.0,4203.0,17025.0,1145.0,453.0,0.0,5.7,43429.0,104850.0,,,,6.5,4058.0,25875.0,1049.15,0.0,75.0,7.5,18729.0,37050.0,,,,8.65,6758.0,30000.0,,,,10.1,36027.0,139575.0,,,,11.85,7600.0,21825.0,855.8,0.0,75.0,13.85,28212.0,111600.0,805.0,60.0,75.0,16.3,5418.0,31800.0,,,,19.15,20631.0,81825.0,,,,22.45,6177.0,43425.0,669.7,4215.0,525.0,26.4,36559.0,168150.0,,,,30.8,6309.0,53250.0,577.6,0.0,375.0,36.2,15330.0,157875.0,536.9,0.0,225.0,42.3,7146.0,55500.0,492.65,0.0,600.0,49.4,31073.0,152700.0,453.65,0.0,600.0,58.45,7809.0,82650.0,413.85,6792.0,6825.0,68.2,23584.0,169500.0,375.8,0.0,825.0,79.85,8431.0,92475.0,337.9,5857.0,27825.0,93.3,19926.0,195600.0,303.0,1770.0,9900.0,108.0,8802.0,126000.0,270.05,17969.0,67275.0,124.55,37438.0,226800.0,238.5,8037.0,68625.0,143.05,16642.0,181875.0,209.3,57708.0,430800.0,163.75,55599.0,624675.0,182.2,23904.0,199500.0,186.3,15922.0,148725.0,156.65,48500.0,230625.0,211.35,28124.0,198600.0,134.2,18987.0,71700.0,238.35,5745.0,43275.0,113.25,41205.0,127875.0,267.45,12160.0,36225.0,94.6,12330.0,96075.0,298.85,1234.0,5475.0,78.25,23777.0,100950.0,332.3,2494.0,8850.0,63.9,11631.0,59175.0,367.65,0.0,900.0,51.9,63902.0,184800.0,406.75,8123.0,7350.0,41.5,9103.0,66675.0,447.9,0.0,450.0,32.55,31164.0,84675.0,487.5,0.0,1575.0,26.15,9578.0,28950.0,,,,20.6,30497.0,80325.0,575.0,0.0,150.0,16.15,10322.0,95925.0,,,,12.65,29591.0,70350.0,666.05,0.0,75.0,10.1,8328.0,57600.0,,,,8.0,25599.0,43575.0,,,,6.5,5738.0,23325.0,,,,5.45,49623.0,77925.0,865.0,0.0,150.0,4.4,11661.0,25125.0,,,,3.7,36892.0,41925.0,,,,3.05,10155.0,15225.0,,,,2.55,26925.0,73275.0,,,,2.35,7624.0,12900.0,,,,2.05,26922.0,72975.0,,,,1.9,0.0,7200.0,,,,1.8,11656.0,23325.0,,,,1.75,2742.0,3825.0,,,,1.7,56427.0,43725.0,,,,1.65,2859.0,15225.0,,,,1.55,6058.0,20400.0,,,
2025-02-20,2025-02-14 10:00:00+05:30,bearish,-0.0059586559944468,88,120,9752.15,65,1040216.0,65,6316350.0,65,16.52673675467403,14.541936416387774,49.0,0.08979481184677028,11.416015578617397,13.686408448743492,1,0.10628369232230639,-9.513635454745875,7.741177170164876,-21,0.11160103156739795,7541.95,55,824324.0,55,6031950.0,55,-14.364435586007444,12.848835645616589,-1.0,0.06691786239391308,-8.158953572227887,8.378574253530772,-1,0.11570885037177032,8.40157386352336,7.57049157840582,19,0.12005515814875464,0.7924546440354695,-0.1157883445782874,0.9549739960578498,-0.023031510410339885,0.7733627969217045,-0.12780081068109933,,,,1.6,0.0,5475.0,,,,1.75,20144.0,60000.0,,,,1.8,2442.0,13950.0,,,,2.15,22049.0,44250.0,,,,2.25,2596.0,10725.0,,,,2.55,16467.0,36450.0,,,,2.95,3054.0,28650.0,,,,3.2,12351.0,26100.0,,,,3.75,4098.0,15150.0,1088.35,416.0,1950.0,4.25,53411.0,319575.0,,,,4.95,5532.0,52500.0,,,,5.75,14384.0,110175.0,,,,6.7,8512.0,54600.0,898.35,72.0,75.0,7.95,29871.0,178125.0,,,,9.55,7351.0,106275.0,804.0,36.0,75.0,11.4,31464.0,144750.0,,,,13.55,6621.0,81600.0,704.35,0.0,675.0,16.35,40193.0,392700.0,658.8,0.0,75.0,19.6,7464.0,122100.0,607.7,1875.0,675.0,24.2,42306.0,346350.0,570.3,409.0,225.0,28.65,8426.0,99600.0,525.0,413.0,600.0,34.4,42792.0,385950.0,486.0,0.0,150.0,41.65,8453.0,118575.0,437.4,1017.0,2775.0,49.3,23723.0,244350.0,396.1,447.0,675.0,59.25,10147.0,119100.0,358.95,3679.0,21000.0,69.65,35923.0,341850.0,321.35,1405.0,9750.0,83.65,12663.0,139950.0,285.45,4708.0,38925.0,96.7,23521.0,368550.0,252.45,3804.0,116250.0,114.05,12826.0,181800.0,220.75,38061.0,382500.0,133.35,55162.0,697950.0,192.6,20473.0,350250.0,152.55,20487.0,374625.0,165.05,60174.0,671325.0,175.65,41291.0,426000.0,141.1,25036.0,251250.0,200.45,10981.0,118350.0,117.9,51221.0,382200.0,230.0,20019.0,122925.0,99.2,18902.0,211050.0,258.3,2744.0,19650.0,80.8,45027.0,320925.0,291.1,8178.0,31350.0,65.85,15656.0,168375.0,326.95,1146.0,3000.0,52.9,49956.0,308175.0,364.25,3017.0,2550.0,41.95,16818.0,144225.0,403.0,465.0,150.0,33.55,65535.0,441450.0,448.0,6018.0,6000.0,25.9,15231.0,91875.0,481.1,0.0,825.0,20.45,35705.0,258975.0,526.2,4281.0,1350.0,15.5,12798.0,96225.0,574.3,0.0,150.0,11.95,36292.0,180300.0,620.0,0.0,1050.0,9.4,14322.0,81750.0,,,,7.4,33703.0,150675.0,717.1,1089.0,75.0,6.0,14113.0,118050.0,,,,4.75,24400.0,141150.0,,,,3.9,8911.0,72900.0,,,,3.3,80208.0,267600.0,905.45,0.0,150.0,2.7,18856.0,59475.0,,,,2.4,26559.0,25050.0,,,,2.05,8289.0,72225.0,,,,1.95,43299.0,71625.0,,,,1.75,7191.0,41325.0,,,,1.6,16459.0,43950.0,,,,1.55,5435.0,7875.0,,,,1.45,9333.0,19575.0,,,,1.3,1859.0,9975.0,,,,1.2,50521.0,49950.0,,,,1.15,4032.0,11550.0,,,
2025-02-27,2025-02-20 10:00:00+05:30,bearish,-0.0148310315519928,79,109,6347.35,54,808012.0,54,1599075.0,54,21.697336178175572,21.90477325794077,72.0,0.11385969515304228,11.823694948642183,10.363638955347168,12,0.14520894892359645,-8.612247630901084,10.79951465874222,-26,0.20707854458947436,21381.999999999996,55,628168.0,55,1176000.0,55,-8.217083646413062,16.062928668782433,2.0,0.10425077367837904,-9.567538265306123,9.755925975731055,-12,0.14081632653061224,38.628495931157055,24.65509851095397,72,0.16742119539799835,0.7774240976619159,-0.12522385773371025,0.7354251676750622,-0.15245533904489067,3.3686499090171482,0.5421926586811446,,,,2.1,0.0,7350.0,,,,2.35,1248.0,2100.0,,,,2.35,38436.0,5175.0,,,,2.65,0.0,2025.0,1314.4,42.0,75.0,2.75,9781.0,38475.0,,,,3.15,1455.0,1650.0,,,,3.55,9524.0,18450.0,,,,4.15,2323.0,1275.0,,,,4.65,17904.0,20550.0,,,,5.35,0.0,3525.0,,,,6.25,11041.0,14625.0,,,,7.45,0.0,3825.0,,,,8.75,60127.0,32550.0,,,,10.3,3189.0,5475.0,,,,12.25,12077.0,27600.0,,,,14.4,3372.0,42225.0,,,,17.55,22259.0,123750.0,,,,20.65,3054.0,17250.0,639.65,0.0,75.0,24.55,21747.0,165600.0,,,,29.35,3268.0,11100.0,553.85,0.0,150.0,34.95,12908.0,29625.0,,,,41.15,3981.0,15825.0,467.65,6408.0,2100.0,49.1,47036.0,47775.0,419.7,147.0,150.0,58.15,2817.0,12600.0,388.15,0.0,1875.0,68.05,16902.0,39675.0,343.5,354.0,525.0,80.25,4027.0,13200.0,313.8,3655.0,11775.0,93.55,21458.0,50250.0,278.45,1383.0,26925.0,109.4,4257.0,13575.0,246.05,13720.0,65625.0,126.8,34383.0,91875.0,216.05,5510.0,57000.0,146.7,6742.0,58200.0,186.65,31681.0,117900.0,168.55,30610.0,98250.0,162.1,6097.0,32775.0,192.4,4241.0,16200.0,138.4,65976.0,88875.0,219.15,65487.0,64050.0,117.4,5611.0,15900.0,246.95,2330.0,3750.0,98.25,25964.0,41850.0,278.75,12314.0,14400.0,81.95,4833.0,11550.0,315.2,1328.0,750.0,67.0,38886.0,42525.0,350.7,19233.0,3975.0,55.3,7569.0,16275.0,,,,44.75,33869.0,61125.0,424.85,12524.0,9750.0,36.1,7298.0,22425.0,,,,28.95,24829.0,45000.0,517.25,0.0,1125.0,23.35,4657.0,13200.0,,,,18.55,65498.0,232200.0,600.95,32760.0,2025.0,14.9,5361.0,24825.0,,,,12.1,34261.0,223050.0,700.0,0.0,75.0,9.55,7908.0,23700.0,,,,7.8,23953.0,37950.0,,,,6.5,9168.0,6150.0,,,,5.35,30053.0,24750.0,,,,4.5,5645.0,2325.0,,,,3.95,19099.0,106425.0,,,,3.45,3739.0,1125.0,,,,3.1,83097.0,39900.0,1078.4,14824.0,1425.0,2.85,5594.0,1875.0,,,,2.45,13696.0,36750.0,1184.6,986.0,525.0,2.3,3292.0,9975.0,,,,2.15,17485.0,5325.0,1283.8,0.0,75.0,2.0,0.0,600.0,,,,1.85,13134.0,20400.0,,,,1.85,0.0,13125.0,,,,1.8,0.0,12450.0,1482.95,0.0,225.0
2025-03-06,2025-02-28 10:00:00+05:30,bullish,0.0139102512210258,92,127,6618.850000000001,76,1282580.0,76,6500850.0,76,19.366533081757083,18.153294622495128,7.0,0.07824775062764117,11.849396617365421,13.362777938386772,1,0.08533884030549851,-6.98662154301729,7.2471993290425,-15,0.12144103582948697,16317.599999999999,51,817550.0,51,9136650.0,51,-8.24309338878356,12.112190493681133,-5.0,0.08182007216683995,-5.638275516737535,8.3424445078037,1,0.11068608297351874,27.170938128156102,21.326551093158344,65,0.1955220130411335,0.6374261254658579,-0.2214291496240709,1.405454671312213,0.16855635491606716,2.4653225258164175,0.4228531442311254,,,,,,,,,,1.85,59854.0,242100.0,,,,1.9,4114.0,39750.0,,,,2.0,7469.0,31575.0,,,,2.15,1308.0,22950.0,,,,2.35,50039.0,167325.0,,,,2.45,4314.0,56325.0,,,,2.6,30969.0,111150.0,,,,2.7,2607.0,31425.0,,,,3.0,30562.0,117225.0,,,,3.25,3702.0,22275.0,,,,3.7,13218.0,80250.0,,,,4.0,5389.0,34350.0,,,,4.5,13235.0,91875.0,,,,5.2,4642.0,79200.0,803.8,358.0,750.0,6.2,44971.0,275100.0,,,,7.15,5126.0,100350.0,704.15,0.0,1650.0,8.4,19343.0,186000.0,,,,10.3,5565.0,140400.0,609.5,75.0,375.0,12.6,24790.0,183600.0,560.9,68.0,525.0,15.6,8231.0,156600.0,512.0,548.0,3225.0,19.3,32688.0,409875.0,469.15,92.0,1725.0,24.0,9934.0,183000.0,419.65,600.0,6225.0,29.95,20685.0,329700.0,374.05,308.0,6525.0,37.25,9307.0,297750.0,334.95,5790.0,47175.0,45.95,66892.0,720300.0,295.0,669.0,12075.0,57.05,10911.0,262800.0,258.65,3639.0,88425.0,69.6,22245.0,538125.0,223.8,2738.0,41250.0,84.9,13031.0,379800.0,191.5,16523.0,263100.0,102.4,35704.0,893700.0,161.5,17648.0,297150.0,123.0,22740.0,824550.0,134.5,65067.0,554775.0,146.3,45036.0,1011300.0,110.2,30850.0,203025.0,171.95,16228.0,407025.0,89.2,52682.0,432600.0,200.8,22845.0,330150.0,70.75,20470.0,195075.0,233.3,8810.0,87000.0,55.55,85899.0,377775.0,267.35,44048.0,143625.0,42.95,23408.0,185475.0,304.2,9664.0,29250.0,32.6,100359.0,349050.0,344.6,33612.0,49425.0,24.75,23027.0,222825.0,385.45,4443.0,14400.0,19.05,57465.0,313350.0,427.0,14640.0,22425.0,14.4,18182.0,187875.0,470.6,1879.0,6525.0,11.15,50974.0,348600.0,521.3,11949.0,13800.0,8.65,15374.0,146100.0,566.0,958.0,3750.0,6.8,35616.0,168375.0,610.0,4518.0,3000.0,5.6,13909.0,111000.0,658.05,0.0,525.0,4.6,73945.0,349575.0,704.8,13063.0,3975.0,3.8,13349.0,98475.0,,,,3.25,33975.0,143325.0,,,,2.9,14883.0,81825.0,,,,2.55,48911.0,139125.0,904.15,0.0,75.0,2.3,10641.0,42450.0,,,,2.15,31857.0,71400.0,,,,1.95,6809.0,23925.0,1053.45,0.0,450.0,1.85,26265.0,87600.0,,,,1.8,7225.0,55950.0,,,,1.7,43555.0,75225.0,1204.05,2260.0,225.0,1.6,3915.0,5925.0,,,,1.55,14946.0,34125.0,,,,1.5,5255.0,27825.0,,,,1.5,14484.0,22800.0,,,,1.4,3495.0,2325.0,,,
2025-03-13,2025-03-07 10:00:00+05:30,bearish,-0.0067253984127793,88,114,5718.549999999999,57,1073420.0,57,8821125.0,57,13.085332861321756,15.694358460340608,-1.0,0.07278604833150118,6.759971092122603,8.930507615974333,-1,0.12314755770947583,-7.002631786029676,6.416476667985988,-15,0.13256857070411207,6657.450000000001,57,1159940.0,57,8219775.0,57,-15.6560080693829,13.136672284673272,-1.0,0.07391934065555116,-12.01901511902698,12.074520647056382,-1,0.11917297006304917,9.534123425635942,8.613537800773582,21,0.1559531051678946,1.0806021874010172,0.038739835942257404,0.9318284232453343,-0.03528862912170132,1.1641849769609431,0.07586457659987084,,,,1.65,2874.0,14025.0,,,,1.7,11215.0,48450.0,,,,1.85,4352.0,8475.0,,,,1.9,24834.0,113850.0,,,,2.15,4481.0,36075.0,,,,2.3,26704.0,283650.0,,,,2.55,5428.0,28725.0,,,,2.9,35187.0,214050.0,,,,3.05,5734.0,73575.0,,,,3.5,63549.0,199275.0,,,,3.75,7979.0,62100.0,,,,4.2,31398.0,163425.0,,,,4.8,7270.0,59475.0,,,,5.55,26580.0,169425.0,,,,6.4,12849.0,51450.0,758.1,705.0,75.0,7.55,54741.0,172050.0,,,,9.1,11505.0,137175.0,674.9,0.0,225.0,11.05,25827.0,151575.0,,,,13.5,11226.0,97800.0,580.0,9509.0,4725.0,16.6,64795.0,375675.0,,,,20.1,13610.0,118050.0,486.45,5425.0,3975.0,25.05,35844.0,344850.0,441.95,1767.0,10800.0,30.4,15188.0,130575.0,400.55,8548.0,11175.0,36.95,77708.0,476850.0,358.6,2472.0,10575.0,45.65,19146.0,177150.0,318.7,12532.0,63675.0,55.75,50183.0,359775.0,280.65,5831.0,28500.0,68.25,23535.0,233550.0,245.4,30097.0,158025.0,82.15,61290.0,498600.0,211.85,12327.0,176700.0,99.35,27998.0,352650.0,180.25,78130.0,1086300.0,117.8,85742.0,979575.0,152.3,42558.0,870375.0,138.85,29820.0,489975.0,126.4,56991.0,851175.0,164.2,22403.0,293850.0,104.2,21806.0,385125.0,190.95,4881.0,58275.0,84.3,41837.0,604950.0,221.1,7957.0,79500.0,67.2,16970.0,340125.0,253.95,2268.0,28275.0,52.25,73238.0,567975.0,288.35,4017.0,22575.0,40.95,18591.0,280050.0,325.95,668.0,1650.0,31.6,40120.0,441900.0,364.75,1093.0,2175.0,24.0,14523.0,147375.0,406.85,206.0,75.0,18.45,75940.0,533850.0,452.85,8346.0,6825.0,13.8,15024.0,153675.0,,,,10.2,52673.0,210375.0,555.5,0.0,75.0,7.85,15005.0,81750.0,,,,5.8,40038.0,150975.0,654.25,530.0,1950.0,4.6,14097.0,76425.0,,,,3.65,33135.0,95025.0,,,,2.95,11133.0,72225.0,,,,2.4,27732.0,82125.0,,,,2.05,10641.0,75450.0,898.75,0.0,150.0,1.85,54153.0,146100.0,,,,1.65,6174.0,61200.0,,,,1.55,16501.0,397650.0,1038.25,0.0,75.0,1.4,2334.0,42675.0,,,,1.3,12310.0,101700.0,,,,1.2,2745.0,7500.0,,,,1.2,7002.0,103800.0,,,,1.15,2914.0,21150.0,,,,1.1,11100.0,3525.0,,,,1.05,3341.0,16875.0,,,,1.0,42216.0,120825.0,,,,0.95,3029.0,29550.0,,,
2025-03-20,2025-03-13 10:00:00+05:30,bullish,0.0293596754434246,78,106,6499.799999999999,50,362877.0,50,1475700.0,50,11.538821694403337,12.061647297787678,-1.0,0.10104525775951631,6.578674527342956,10.883041775339324,-1,0.13468184590363896,-9.643912120372935,7.560525693081588,-21,0.1603126250038463,10729.35,56,422090.0,56,1570275.0,56,-17.025665142505154,13.344457310150938,-31.0,0.1313274420147362,-12.320771839327506,11.473770258362586,-11,0.09867698333094521,17.72575691910507,12.520608179333395,35,0.16478165033296518,1.1631765033330854,0.07543374434848854,1.0640882293149014,0.03104917144756605,1.6507200221545282,0.24548802465588845,,,,2.3,1029.0,825.0,,,,2.4,0.0,6150.0,,,,,,,,,,2.5,12792.0,18900.0,,,,2.6,0.0,1050.0,,,,2.8,11325.0,22425.0,,,,3.05,2496.0,11175.0,,,,3.3,13029.0,9525.0,,,,3.55,2872.0,28350.0,1042.0,0.0,450.0,3.9,26265.0,22950.0,,,,4.15,4212.0,15375.0,,,,4.7,11446.0,82425.0,,,,5.3,2583.0,13125.0,,,,6.0,11159.0,42300.0,,,,6.95,3570.0,15900.0,747.8,0.0,150.0,8.0,15192.0,49125.0,,,,9.35,2826.0,8625.0,651.1,0.0,375.0,11.25,10236.0,25650.0,,,,13.4,2850.0,25500.0,555.2,2013.0,16275.0,16.45,26058.0,154950.0,515.55,167.0,75.0,20.1,3972.0,15900.0,465.45,0.0,75.0,25.15,9672.0,71700.0,,,,30.5,3893.0,18000.0,378.95,1573.0,1125.0,37.45,15805.0,121050.0,338.9,563.0,1050.0,46.0,7707.0,75000.0,298.5,4479.0,34050.0,56.45,15768.0,123225.0,261.4,1563.0,11775.0,69.5,6039.0,32250.0,226.2,12511.0,54450.0,83.95,20802.0,45825.0,193.05,5394.0,48000.0,101.25,7500.0,37425.0,162.65,36667.0,198750.0,120.7,37150.0,129000.0,135.9,6200.0,77250.0,143.5,3195.0,50100.0,111.45,17718.0,125175.0,169.0,10344.0,50250.0,89.6,5937.0,49650.0,198.1,1616.0,12450.0,71.55,16767.0,75375.0,229.4,3542.0,20175.0,56.1,4537.0,79575.0,263.55,338.0,675.0,43.3,17641.0,154125.0,301.7,1377.0,5175.0,33.15,3834.0,48675.0,338.95,183.0,1350.0,25.15,11163.0,60300.0,384.35,399.0,4575.0,19.1,5066.0,46050.0,,,,14.65,33025.0,77550.0,472.4,3211.0,1800.0,10.7,5022.0,22275.0,,,,7.85,14177.0,36975.0,561.5,0.0,75.0,6.0,5001.0,23250.0,,,,4.5,27133.0,36225.0,663.0,157.0,75.0,3.6,3874.0,3075.0,,,,2.9,12889.0,15675.0,756.0,0.0,75.0,2.6,2694.0,5625.0,,,,2.25,8860.0,8025.0,,,,1.9,1558.0,2325.0,,,,1.85,36045.0,30225.0,,,,1.5,0.0,3150.0,,,,1.4,6030.0,12225.0,,,,,,,,,,1.25,3352.0,750.0,1154.0,108.0,75.0,,,,,,,1.2,3447.0,1725.0,1251.2,114.0,150.0,1.2,546.0,150.0,,,,,,,1352.0,133.0,0.0,,,,,,,1.2,20266.0,4275.0,,,,,,,,,
2025-03-27,2025-03-21 10:00:00+05:30,bullish,0.0141077857181237,101,137,16938.20000000001,63,1344081.0,63,4482525.0,63,9.559933515911615,15.379182459969064,15.0,0.08908540482307242,5.479043619388626,7.049406873533016,1,0.14414308899559958,-43.00911549042988,42.70628787057278,-105,0.3114262436386391,13130.800000000001,74,1619682.0,74,3951300.0,74,-19.286212355264798,22.26099293086543,-5.0,0.07794246031011026,-12.514178877837674,18.644665100682747,-1,0.10318123149343254,35.15769793158071,28.729052262118053,75,0.2833148018399488,1.205047910058992,0.09299022897579867,0.8814897853330433,-0.06298743452703845,0.7752181459659228,-0.12662210249758918,,,,2.0,3858.0,3525.0,,,,2.1,46709.0,9675.0,,,,2.25,4965.0,6300.0,,,,2.35,21194.0,22650.0,,,,2.45,5687.0,23325.0,1289.7,12692.0,150.0,2.7,111366.0,54975.0,,,,2.8,10616.0,47550.0,,,,3.0,19260.0,65550.0,,,,3.2,6791.0,21600.0,,,,3.4,43848.0,25200.0,,,,3.7,9987.0,25950.0,,,,4.1,49380.0,80400.0,,,,4.55,10261.0,64725.0,884.0,0.0,75.0,5.05,34292.0,49275.0,,,,5.7,9380.0,36600.0,792.0,36990.0,3075.0,6.6,98939.0,163800.0,737.2,2820.0,75.0,7.3,12359.0,43125.0,689.0,0.0,1200.0,8.5,41291.0,92400.0,645.9,0.0,300.0,9.9,16437.0,57450.0,593.5,12340.0,525.0,11.85,56808.0,92625.0,547.8,2787.0,525.0,14.25,16523.0,62025.0,500.45,17247.0,2700.0,17.25,68095.0,141000.0,455.05,2193.0,675.0,20.85,18603.0,49425.0,409.75,14454.0,7950.0,25.7,80317.0,133275.0,365.9,3966.0,6075.0,32.25,25457.0,87300.0,323.4,75712.0,46350.0,40.5,126242.0,264675.0,283.5,7536.0,12150.0,50.7,26423.0,92625.0,246.4,39645.0,74925.0,63.0,68040.0,234150.0,211.9,19537.0,95025.0,78.05,38111.0,166725.0,178.95,75413.0,383400.0,95.65,100016.0,407700.0,149.35,34887.0,369375.0,116.55,30531.0,292350.0,123.0,64639.0,646125.0,139.75,35702.0,338475.0,99.05,24143.0,242625.0,165.6,6107.0,56175.0,78.35,54798.0,324600.0,195.0,9176.0,107025.0,61.1,24554.0,172950.0,227.9,1572.0,21300.0,46.4,109602.0,400875.0,263.9,18289.0,21825.0,35.4,21119.0,139125.0,302.45,0.0,300.0,26.5,47439.0,233325.0,342.85,1305.0,3375.0,20.2,19209.0,138150.0,,,,15.15,53109.0,188625.0,430.0,1404.0,1275.0,11.7,15471.0,76350.0,481.45,111.0,75.0,9.1,43109.0,180150.0,523.0,1702.0,900.0,7.15,10858.0,84750.0,575.0,0.0,150.0,5.75,61959.0,88200.0,,,,4.55,12582.0,47250.0,,,,3.75,119738.0,146700.0,720.0,10791.0,300.0,3.2,8084.0,37125.0,,,,2.7,47475.0,42675.0,,,,2.35,9714.0,8250.0,,,,2.05,29784.0,94650.0,917.2,0.0,75.0,1.85,3053.0,15075.0,,,,1.65,14400.0,97125.0,,,,1.5,3268.0,6450.0,,,,1.4,7311.0,9225.0,,,,1.3,2003.0,4725.0,,,,1.15,52713.0,15525.0,1218.95,0.0,450.0,1.1,0.0,2625.0,,,,,,,,,,0.95,1558.0,75.0,,,,0.95,0.0,2700.0,,,,,,,,,
2025-04-03,2025-03-27 10:00:00+05:30,bearish,-0.0142331402793206,93,123,13426.25,53,121291.0,53,2158050.0,53,6.499385774707109,9.057239891291081,18.0,0.26236901336455304,9.585459095016335,10.423718209101343,8,0.09564189893653993,-16.213350712224184,13.364868430890663,-36,0.13649380877013312,6381.75,70,68127.0,70,1405950.0,70,-7.413081450819792,10.315039175879129,-2.0,0.5882102543778531,-13.22991571535261,17.701580263983512,-2,0.10615597994238771,9.12354761624946,13.566783253508758,28,0.2129196537000039,0.5616822352853881,-0.28067026364970593,0.6514909293111837,-0.21102693602693604,0.4753188716134438,-0.35563913570274636,,,,4.95,0.0,9600.0,,,,5.15,0.0,6600.0,,,,5.65,0.0,7200.0,,,,6.0,0.0,2175.0,,,,6.4,0.0,4650.0,,,,6.8,0.0,75.0,,,,7.4,0.0,5175.0,,,,7.95,0.0,2775.0,1159.95,0.0,525.0,8.7,0.0,26400.0,1120.0,0.0,1050.0,9.35,0.0,4800.0,,,,10.45,0.0,6375.0,,,,11.45,0.0,7800.0,,,,12.35,0.0,18675.0,922.0,4536.0,225.0,13.85,6368.0,5850.0,,,,15.25,0.0,23775.0,,,,17.15,0.0,21450.0,,,,19.0,0.0,27600.0,722.4,258.0,75.0,21.85,0.0,5775.0,682.05,0.0,2400.0,25.1,0.0,88125.0,,,,27.85,0.0,8550.0,582.35,0.0,75.0,32.15,8571.0,24750.0,541.2,0.0,300.0,36.15,0.0,26025.0,496.0,0.0,2925.0,41.95,0.0,81150.0,459.0,0.0,225.0,49.0,0.0,12600.0,412.0,0.0,7950.0,56.9,0.0,62100.0,374.35,0.0,3225.0,66.2,0.0,39750.0,332.0,0.0,34800.0,77.0,0.0,125400.0,293.55,6040.0,20175.0,90.0,6972.0,27675.0,259.4,25791.0,133050.0,105.3,40073.0,149250.0,226.7,0.0,129225.0,121.75,0.0,77250.0,196.5,0.0,176100.0,140.95,0.0,120300.0,169.0,0.0,57375.0,162.9,0.0,37125.0,143.3,0.0,128775.0,188.0,0.0,41325.0,121.8,0.0,35400.0,211.95,0.0,10275.0,103.2,28186.0,192750.0,246.55,0.0,25875.0,86.7,5649.0,51375.0,278.0,0.0,6900.0,72.0,0.0,55875.0,316.0,0.0,4200.0,60.4,0.0,26625.0,351.4,0.0,3600.0,50.0,0.0,206400.0,394.45,0.0,6825.0,42.35,0.0,30225.0,,,,36.6,0.0,45525.0,477.6,0.0,225.0,30.75,3414.0,25125.0,,,,26.9,15594.0,74325.0,572.15,0.0,375.0,23.25,0.0,17775.0,,,,20.3,0.0,53850.0,660.0,356.0,75.0,17.9,0.0,19275.0,,,,16.2,0.0,35025.0,,,,14.45,0.0,8400.0,,,,13.1,31823.0,63075.0,,,,12.1,0.0,34275.0,,,,11.2,0.0,185850.0,,,,9.75,0.0,43200.0,,,,9.05,0.0,33375.0,,,,8.35,0.0,7575.0,,,,7.5,0.0,33825.0,,,,6.55,0.0,1650.0,,,,6.45,0.0,24375.0,,,,5.95,0.0,7200.0,,,,5.6,0.0,18675.0,1358.8,0.0,75.0,5.1,0.0,3825.0,,,,4.75,0.0,8550.0,,,
2025-04-09,2025-04-03 10:00:00+05:30,bearish,-0.0359716719855217,94,117,4510.649999999999,52,439081.0,52,708450.0,52,17.73607603152949,15.010568391214743,43.0,0.09369797372238835,11.861740419225068,10.984751779082353,15,0.1330721998729621,-6.009466484874687,8.7566870749194,-19,0.21309567357254505,7359.2,65,432699.0,65,844725.0,65,-14.592622123000053,15.607875079104515,-5.0,0.10561152209734712,-15.682233863091538,13.744932686393707,-21,0.16736215928260675,8.720941134905969,10.308180370856814,21,0.14199913034025438,0.9854650964172897,-0.007320654293514419,1.192356553038323,0.08773963011251147,1.6315165220090235,0.23998197112853165,,,,4.1,1283.0,4050.0,,,,4.35,6402.0,21900.0,,,,4.45,909.0,3075.0,,,,4.75,7989.0,9600.0,,,,5.2,0.0,225.0,,,,5.6,26959.0,34575.0,,,,6.0,796.0,1350.0,,,,6.5,5636.0,11100.0,,,,7.05,819.0,1275.0,,,,7.7,12032.0,141375.0,,,,8.6,2252.0,5100.0,961.2,0.0,150.0,9.6,14681.0,16050.0,,,,10.75,2597.0,15525.0,,,,12.05,12902.0,12975.0,,,,13.8,2321.0,3900.0,,,,16.25,19665.0,39600.0,,,,18.8,3873.0,9900.0,,,,21.75,12393.0,24525.0,,,,25.05,3283.0,5475.0,,,,28.8,14755.0,21300.0,,,,33.8,3126.0,4875.0,493.35,0.0,75.0,39.65,18318.0,22800.0,,,,47.2,3502.0,6675.0,410.2,877.0,300.0,55.35,15310.0,13050.0,371.7,0.0,150.0,65.0,3557.0,8175.0,335.05,12850.0,10950.0,76.1,45698.0,49500.0,296.2,510.0,375.0,89.45,3792.0,4500.0,260.15,3105.0,4425.0,104.25,15720.0,33525.0,228.2,2047.0,4125.0,121.25,7905.0,18450.0,197.2,15162.0,50550.0,141.2,27057.0,63675.0,167.85,7111.0,32400.0,161.5,8668.0,29475.0,141.0,25279.0,53325.0,184.4,24078.0,47100.0,118.0,5385.0,16875.0,212.0,3524.0,8775.0,97.2,14935.0,30150.0,242.0,8561.0,8625.0,79.3,3671.0,9075.0,273.0,1794.0,1500.0,63.7,28464.0,33675.0,306.8,10860.0,4350.0,50.7,4596.0,12300.0,344.2,0.0,150.0,40.15,20340.0,44850.0,384.5,0.0,375.0,31.9,3597.0,11475.0,425.55,0.0,150.0,25.4,12793.0,27975.0,469.7,0.0,1875.0,19.75,7714.0,17700.0,,,,15.85,23600.0,23475.0,561.35,10361.0,1350.0,13.05,5008.0,8250.0,,,,10.65,17534.0,24225.0,,,,8.65,3193.0,3450.0,,,,7.35,29694.0,94275.0,748.1,0.0,75.0,6.2,3752.0,2550.0,,,,5.2,8931.0,24525.0,,,,4.7,0.0,9075.0,,,,4.1,12732.0,19350.0,946.35,313.0,750.0,3.65,2530.0,1575.0,,,,3.3,12416.0,12075.0,1045.0,0.0,2850.0,3.0,0.0,150.0,,,,2.75,0.0,7950.0,,,,2.6,1222.0,6150.0,,,,2.4,25548.0,22875.0,,,,2.25,1108.0,525.0,,,,2.1,8148.0,8100.0,,,,1.95,592.0,900.0,,,,1.95,5583.0,15375.0,,,,1.85,0.0,150.0,,,
2025-04-17,2025-04-09 10:00:00+05:30,bullish,0.0654169914437523,98,137,13228.349999999999,75,332157.0,75,1076175.0,75,23.775717507082494,16.532501835037113,32.0,0.10038024187357183,31.341347829117012,18.25715153070113,42,0.19046623458080703,-5.633642895750416,9.915976795107715,-18,0.07597319393575164,20734.850000000002,62,249883.0,62,572775.0,62,-17.05870347322547,15.945532076159102,-40.0,0.10259201306211307,-15.696346733010344,15.377885231927838,-40,0.0851119549561346,11.625094948842166,14.315567245531309,32,0.07604106130500099,0.7523038803939102,-0.14135454607930725,0.5322322113039236,-0.3052851814791231,1.5674555027648955,0.22101863193103136,,,,36.2,2866.0,8775.0,,,,38.5,556.0,1725.0,,,,42.0,19044.0,31500.0,,,,44.05,629.0,225.0,,,,47.35,1607.0,4200.0,,,,50.0,447.0,450.0,,,,55.0,3965.0,8250.0,,,,58.35,0.0,1875.0,,,,62.85,3595.0,8925.0,,,,67.25,497.0,1425.0,,,,72.0,2475.0,5625.0,,,,78.25,1018.0,3825.0,1005.0,486.0,3975.0,83.7,12594.0,17775.0,,,,89.3,0.0,750.0,,,,96.45,3831.0,5550.0,884.1,0.0,300.0,102.4,1084.0,2250.0,839.15,0.0,75.0,110.65,3690.0,14025.0,792.0,203.0,375.0,119.35,977.0,3075.0,752.95,1128.0,150.0,128.4,5751.0,19200.0,713.0,0.0,1125.0,137.4,1049.0,4200.0,673.35,1302.0,450.0,148.3,4299.0,14625.0,633.95,0.0,750.0,159.4,1561.0,4125.0,592.15,5313.0,4275.0,170.4,17250.0,33300.0,557.6,333.0,300.0,181.0,1983.0,2700.0,517.0,1456.0,2025.0,197.15,4437.0,4650.0,485.35,420.0,900.0,209.0,1786.0,20475.0,451.0,1926.0,975.0,225.95,6654.0,38025.0,414.6,825.0,1875.0,241.5,1861.0,3225.0,382.65,3373.0,7725.0,259.55,18402.0,26775.0,352.45,1244.0,5250.0,279.0,2827.0,17250.0,322.8,7365.0,25950.0,302.95,10354.0,35175.0,296.4,2538.0,11100.0,324.75,2877.0,15450.0,269.05,21662.0,37050.0,348.85,20614.0,34275.0,247.0,2390.0,3825.0,370.25,1898.0,1050.0,221.45,7902.0,20100.0,400.25,5964.0,11850.0,202.05,2485.0,5400.0,423.8,1766.0,2700.0,179.1,5197.0,10725.0,457.0,2547.0,3825.0,161.1,1695.0,5550.0,,,,144.25,7278.0,25275.0,516.9,2805.0,1575.0,129.5,1493.0,2925.0,554.0,0.0,450.0,113.85,4014.0,8550.0,580.05,0.0,1650.0,101.6,1836.0,6525.0,617.0,0.0,300.0,89.05,17643.0,28950.0,665.35,0.0,2100.0,80.0,1753.0,3675.0,702.05,0.0,75.0,70.5,7292.0,12300.0,735.8,0.0,825.0,62.2,2016.0,3600.0,,,,54.65,6701.0,16950.0,823.0,0.0,75.0,48.45,0.0,1125.0,867.35,0.0,75.0,41.85,10113.0,17325.0,911.3,0.0,75.0,37.35,0.0,3000.0,,,,33.0,5036.0,10725.0,998.35,570.0,75.0,29.2,2370.0,5850.0,,,,26.15,13758.0,52500.0,1091.4,0.0,150.0,23.25,1647.0,1725.0,1137.05,83.0,75.0,20.15,8638.0,21150.0,1195.8,0.0,75.0,18.0,1749.0,3600.0,,,,16.3,15747.0,10800.0,,,,14.05,2368.0,1500.0,1316.4,0.0,300.0,12.5,14688.0,8025.0,,,,10.95,1475.0,2400.0,,,,9.55,5956.0,2775.0,,,
2025-04-24,2025-04-17 10:00:00+05:30,bullish,0.0356062110660508,92,131,22118.15,60,719999.0,60,1072425.0,60,12.04096950134653,18.3803030638322,42.0,0.10793764991340266,8.696132596685082,10.955966313168199,0,0.13875096160570669,-26.445114080517584,18.884183202823404,-58,0.13156615720573375,12332.099999999999,71,797983.0,71,938550.0,71,-19.4448891768371,22.305084102414064,-8.0,0.07310306109278017,-15.82116030046348,15.659141317089892,-28,0.14000319642000958,17.05838016234056,16.538769866645254,42,0.1682600692501683,1.1083112615434187,0.05137346819659258,0.875166095531156,-0.06657218513407676,0.5575556726037213,-0.2840632506295311,1529.2,0.0,75.0,7.15,8907.0,27750.0,,,,7.55,2235.0,32850.0,1424.15,0.0,150.0,7.95,54510.0,131400.0,,,,8.65,1303.0,5475.0,,,,9.45,12570.0,44400.0,,,,10.15,1921.0,600.0,1236.45,2289.0,75.0,11.0,12939.0,32025.0,,,,12.0,1655.0,5025.0,1134.15,1625.0,1425.0,13.2,11190.0,8475.0,,,,14.35,2932.0,2625.0,1039.9,0.0,225.0,15.9,14939.0,15000.0,,,,17.5,2997.0,2775.0,937.25,18905.0,600.0,19.45,41695.0,30675.0,,,,21.35,3190.0,1800.0,847.15,0.0,75.0,23.95,16261.0,11550.0,,,,26.45,2739.0,3300.0,752.0,6121.0,150.0,29.45,18040.0,17925.0,,,,33.45,3828.0,4050.0,655.9,0.0,75.0,37.6,19077.0,16125.0,,,,42.9,3462.0,4950.0,562.1,6324.0,675.0,48.75,19024.0,19500.0,521.25,1206.0,225.0,55.85,4209.0,9375.0,485.35,21188.0,7875.0,63.55,58335.0,46275.0,445.0,0.0,675.0,72.85,3513.0,9525.0,406.15,4911.0,5400.0,83.4,14638.0,16050.0,366.9,1325.0,1350.0,95.45,4220.0,11625.0,331.45,10092.0,12525.0,109.0,18468.0,30975.0,296.1,2521.0,6975.0,124.65,5640.0,7800.0,263.85,29011.0,48825.0,143.05,41919.0,47925.0,233.25,7344.0,30300.0,161.0,8514.0,16275.0,204.0,36673.0,148800.0,181.8,36071.0,101475.0,178.1,5877.0,39750.0,206.35,3734.0,28425.0,154.35,62452.0,130125.0,231.5,52423.0,52050.0,133.05,3785.0,21000.0,261.05,1662.0,3150.0,113.7,22136.0,40425.0,292.8,11829.0,11850.0,97.5,4883.0,10425.0,325.1,1426.0,3525.0,82.65,30924.0,72900.0,359.1,10689.0,6075.0,68.9,4482.0,7125.0,393.15,0.0,150.0,58.0,31651.0,29175.0,433.55,0.0,3225.0,48.8,4236.0,14925.0,,,,40.25,21765.0,28350.0,515.0,0.0,375.0,33.7,4705.0,8925.0,,,,29.05,63781.0,66825.0,604.65,13890.0,1875.0,24.0,4149.0,6975.0,,,,20.0,12357.0,35700.0,695.95,375.0,75.0,16.8,4362.0,7350.0,,,,14.1,14271.0,33825.0,787.0,447.0,6450.0,11.85,2625.0,6975.0,,,,9.75,16477.0,36675.0,891.0,0.0,75.0,8.15,1935.0,5625.0,,,,7.05,7302.0,25350.0,,,,5.85,2799.0,15075.0,,,,5.2,41633.0,85800.0,1081.05,5416.0,1800.0,4.4,1492.0,375.0,,,,3.6,7794.0,9375.0,,,,3.15,1424.0,1200.0,,,,2.55,10530.0,2100.0,,,,,,,,,,1.95,19831.0,9750.0,,,,,,,,,,1.65,0.0,1575.0,,,
2025-04-30,2025-04-24 10:00:00+05:30,bullish,0.0026163233858109,105,134,14139.199999999999,53,322451.0,53,548775.0,53,11.389445218033128,11.441800213791037,15.0,0.12980887018492732,10.754680880142136,11.764979385673099,1,0.13639469728030615,-18.32763169061899,16.8220802281513,-45,0.1636796989928709,6837.2,81,262841.0,81,754050.0,81,-17.757260092603513,21.0582262750214,-5.0,0.12820298203096167,-19.46399443007758,26.208181076138093,1,0.15963795504276904,5.831531913648862,14.880936027998233,25,0.17331656233545897,0.8151347026369898,-0.10184659964598868,1.3740604072707394,0.15756145299637325,0.48356342650220663,-0.34810548997921476,,,,11.75,0.0,450.0,,,,13.0,0.0,75.0,,,,13.5,0.0,150.0,,,,14.5,0.0,2400.0,,,,15.4,0.0,600.0,1327.6,0.0,525.0,16.4,0.0,19725.0,,,,16.9,0.0,75.0,,,,18.25,3782.0,2550.0,,,,19.35,0.0,450.0,,,,20.1,9543.0,19950.0,,,,21.8,0.0,525.0,,,,23.15,0.0,3000.0,,,,24.9,0.0,900.0,944.0,0.0,225.0,26.1,0.0,6675.0,,,,28.5,0.0,600.0,844.0,5106.0,375.0,30.9,20744.0,24900.0,800.0,273.0,75.0,33.3,0.0,375.0,,,,36.25,11061.0,22575.0,710.35,0.0,75.0,39.15,0.0,4800.0,,,,42.1,15414.0,21600.0,,,,46.55,6403.0,1125.0,571.15,3095.0,675.0,52.0,15111.0,33900.0,529.7,0.0,75.0,58.4,3271.0,5700.0,479.3,0.0,450.0,64.9,13037.0,16425.0,441.25,1415.0,75.0,73.3,3401.0,6450.0,397.0,11676.0,8550.0,83.45,33697.0,33000.0,361.0,870.0,825.0,95.3,0.0,7125.0,322.8,0.0,8550.0,108.4,0.0,24150.0,290.45,2602.0,3900.0,124.15,4529.0,10575.0,258.25,19486.0,43500.0,142.9,24769.0,70500.0,229.25,7162.0,19575.0,163.0,6129.0,35400.0,201.3,22459.0,74850.0,184.4,21450.0,120375.0,175.65,6748.0,22425.0,208.25,0.0,15225.0,152.6,17161.0,31650.0,235.2,0.0,25275.0,132.75,0.0,5925.0,263.8,0.0,2400.0,113.65,30375.0,24675.0,296.0,5922.0,8850.0,99.0,4179.0,8400.0,333.9,505.0,525.0,84.9,19868.0,17925.0,366.0,0.0,4650.0,72.55,3279.0,7275.0,407.5,0.0,150.0,62.25,13698.0,21000.0,447.4,0.0,3150.0,53.75,0.0,10200.0,,,,46.6,0.0,20775.0,527.05,0.0,75.0,40.8,2375.0,7350.0,,,,35.4,10830.0,10125.0,,,,30.25,0.0,1800.0,,,,26.55,41857.0,51000.0,705.0,0.0,450.0,23.2,0.0,7800.0,,,,20.5,0.0,3450.0,,,,17.7,0.0,1125.0,,,,15.3,11126.0,6375.0,,,,13.6,0.0,1350.0,,,,11.4,9498.0,12000.0,,,,10.45,0.0,2175.0,,,,9.1,13009.0,10575.0,,,,7.95,0.0,8625.0,,,,6.6,29593.0,21000.0,1185.0,0.0,75.0,6.05,0.0,750.0,,,,5.15,11604.0,5925.0,,,,4.0,0.0,3000.0,,,,3.65,0.0,4875.0,,,,3.15,0.0,1425.0,,,
2025-05-08,2025-05-02 10:00:00+05:30,bearish,-0.0121036009637299,115,151,14819.75,51,957214.0,51,9549825.0,51,12.33771340577969,12.397501519289639,31.0,0.08841178670600304,11.379302762092498,10.698190457456256,29,0.09306453259614705,-13.138453752593666,9.879995421593579,-31,0.11100052295079202,8799.449999999999,100,1142482.0,100,6177600.0,100,-26.620393144049533,25.530051368486774,-11.0,0.062406234846588395,-30.883267773892776,31.486968014792154,-1,0.06853389665889666,5.787736733545847,13.595753427717261,19,0.0986425287944133,1.1935491958955886,0.08823563030076735,0.6468809637872945,-0.21441685463449991,0.5937650770087214,-0.254890089418778,,,,13.8,2298.0,10050.0,,,,14.65,8721.0,53100.0,,,,15.55,3814.0,14775.0,,,,16.55,14186.0,34125.0,,,,17.5,3192.0,16425.0,,,,18.7,11813.0,40200.0,,,,19.8,3573.0,31350.0,1243.2,0.0,75.0,21.1,13834.0,45450.0,,,,22.35,3597.0,27450.0,,,,23.85,41131.0,84975.0,,,,25.35,3905.0,16950.0,1052.7,992.0,150.0,26.9,15924.0,49575.0,1012.65,161.0,4200.0,28.85,0.0,10800.0,964.4,0.0,150.0,31.0,24608.0,330375.0,,,,33.4,5976.0,27375.0,865.1,2673.0,375.0,35.7,31007.0,91725.0,,,,38.65,7619.0,23550.0,771.0,2083.0,1500.0,41.8,20014.0,60900.0,725.3,556.0,525.0,45.55,8128.0,28500.0,677.2,21645.0,5550.0,49.85,71298.0,341850.0,628.95,585.0,975.0,54.4,9684.0,47025.0,592.35,3949.0,1050.0,59.95,23710.0,94800.0,547.6,1062.0,525.0,66.0,10768.0,55875.0,502.5,9840.0,14550.0,73.2,33785.0,112875.0,458.45,3908.0,2925.0,80.85,14955.0,71775.0,417.7,21284.0,94425.0,90.1,53459.0,218850.0,377.6,7013.0,18375.0,100.0,23619.0,114300.0,339.5,35496.0,172875.0,112.15,69210.0,299100.0,301.65,14166.0,92025.0,125.15,29101.0,133425.0,266.9,45373.0,470100.0,140.65,66229.0,423375.0,233.3,19971.0,415650.0,157.7,23199.0,240975.0,203.0,43550.0,750375.0,177.7,23561.0,312450.0,175.55,13605.0,317325.0,198.7,4844.0,69075.0,150.1,28767.0,461925.0,222.9,6703.0,100050.0,126.6,12606.0,266550.0,249.7,1742.0,15975.0,104.9,34854.0,532575.0,280.0,3127.0,22275.0,86.45,11551.0,273525.0,311.35,553.0,5925.0,70.55,22414.0,365025.0,345.4,930.0,9525.0,57.3,9374.0,218400.0,380.15,222.0,600.0,46.45,67139.0,753450.0,419.45,4271.0,14175.0,36.65,9438.0,239100.0,457.25,108.0,225.0,28.75,23533.0,346725.0,503.25,348.0,2775.0,22.3,9774.0,142575.0,540.0,22.0,150.0,17.15,54680.0,381825.0,586.45,316.0,525.0,13.5,10830.0,106200.0,634.7,48.0,150.0,10.6,29807.0,265500.0,,,,8.4,7796.0,160725.0,,,,6.5,21999.0,126225.0,767.9,29.0,300.0,5.1,7455.0,71100.0,,,,4.15,57441.0,246000.0,868.0,788.0,150.0,3.4,7003.0,54150.0,,,,2.85,24651.0,131250.0,,,,2.55,3991.0,45300.0,,,,2.05,25020.0,109050.0,,,,1.95,5654.0,19875.0,,,,1.7,22327.0,121425.0,,,,1.7,3702.0,74550.0,,,,1.5,22390.0,67125.0,,,,1.35,4368.0,525.0,,,,1.3,74805.0,888750.0,,,,1.25,8663.0,146625.0,,,
2025-05-15,2025-05-09 10:00:00+05:30,bullish,0.0437062209006937,112,147,9861.4,59,1070210.0,59,4609425.0,59,21.882605283075286,13.934506288253587,40.0,0.0834667962362527,12.498348492490928,12.289203793890081,0,0.09630810784425389,-7.47195124424524,8.596969964023936,-20,0.11002494574806823,17409.7,88,928299.0,88,6268725.0,88,-22.119515371663656,24.858488950435007,0.0,0.08642258582633397,-14.977016857494945,21.55422359692457,0,0.16649318641350513,4.3869164890836725,18.414218460754995,24,0.06938086239280401,0.8673989217069548,-0.07100843678962666,1.3599798239476724,0.15253512775609823,1.765438984322713,0.2767875149883944,,,,57.7,36648.0,113175.0,,,,60.0,2209.0,22425.0,,,,62.0,6002.0,24675.0,,,,64.0,1690.0,10950.0,,,,67.05,6036.0,42600.0,,,,69.3,2392.0,15075.0,,,,72.15,8338.0,43275.0,,,,75.35,2390.0,9525.0,,,,77.95,4491.0,30450.0,,,,81.15,1692.0,15150.0,1085.0,0.0,75.0,84.4,44035.0,250275.0,,,,88.2,2951.0,25650.0,,,,91.8,10051.0,38100.0,,,,96.55,3503.0,27075.0,,,,100.3,14943.0,62550.0,855.15,0.0,75.0,105.2,2943.0,22500.0,801.0,549.0,0.0,110.0,10145.0,45525.0,,,,115.95,3583.0,37500.0,717.3,0.0,75.0,121.35,11772.0,72600.0,675.95,66.0,225.0,127.75,4451.0,30000.0,634.0,4167.0,2925.0,134.7,39096.0,213600.0,,,,141.5,7470.0,51300.0,552.4,1004.0,1875.0,150.15,16456.0,150450.0,506.35,352.0,450.0,158.3,6481.0,57975.0,468.3,1525.0,2700.0,167.25,23156.0,116400.0,427.7,344.0,4650.0,177.3,6065.0,72075.0,387.2,2692.0,21675.0,189.0,41238.0,309225.0,350.8,740.0,15600.0,202.25,8042.0,116475.0,315.0,4032.0,50400.0,215.65,25953.0,256200.0,280.65,2820.0,49725.0,232.2,12189.0,185100.0,249.6,24493.0,443925.0,251.1,80226.0,1043700.0,218.65,17871.0,159750.0,271.45,21288.0,415425.0,192.65,33628.0,277875.0,293.45,34398.0,518250.0,167.45,12440.0,151425.0,318.3,10237.0,118275.0,145.0,26124.0,260625.0,346.15,24333.0,169050.0,126.0,9063.0,103350.0,374.0,5045.0,35550.0,107.0,29920.0,243600.0,407.95,19556.0,58650.0,91.85,14960.0,121050.0,442.75,8940.0,8400.0,77.05,44052.0,320700.0,476.4,22377.0,24300.0,65.6,16173.0,78975.0,516.5,3206.0,1650.0,54.95,51515.0,261075.0,554.45,11277.0,23625.0,46.05,11413.0,120075.0,594.15,1037.0,1200.0,38.75,29617.0,225300.0,635.5,3099.0,1425.0,32.0,12199.0,88650.0,681.3,473.0,600.0,26.85,25306.0,125100.0,723.85,1759.0,1575.0,22.2,12458.0,82875.0,770.2,0.0,75.0,18.5,47651.0,153900.0,819.95,0.0,375.0,15.65,11385.0,64125.0,,,,12.9,20768.0,88350.0,915.0,572.0,3000.0,11.1,8783.0,33600.0,,,,9.45,66796.0,190350.0,1005.5,3048.0,2250.0,7.95,8059.0,36750.0,,,,6.6,25002.0,51375.0,1109.2,210.0,75.0,5.7,8337.0,11175.0,,,,4.95,35262.0,149550.0,1207.9,0.0,75.0,4.3,10102.0,9600.0,,,,3.8,30087.0,15600.0,,,,3.55,8529.0,6375.0,,,,3.15,22862.0,38700.0,,,,3.0,5323.0,10425.0,,,,2.8,50589.0,44850.0,,,
2025-05-22,2025-05-16 10:00:00+05:30,bearish,-0.0152791643575528,95,123,9033.9,52,1232695.0,52,4156200.0,52,14.257164180920666,12.284567772437287,20.0,0.0866045534377928,8.878645156633464,10.740010322359199,0,0.16365309657860547,-9.410049923067557,8.963347597128251,-22,0.1228705210374257,7250.4000000000015,71,983225.0,71,5418825.0,71,-20.241727986981616,18.44314899230528,0.0,0.08408451778585777,-11.064580421032234,16.342741458350634,0,0.16718107707851795,5.624903453602559,11.036525349481689,20,0.13944747875979252,0.7976222828842495,-0.11258077908949782,1.3037931283383861,0.1318664964321242,0.8025769601168933,-0.10952266907389314,,,,8.25,40950.0,62025.0,,,,8.9,3009.0,8700.0,,,,9.45,12324.0,26250.0,,,,10.1,2379.0,11025.0,,,,10.9,15648.0,38775.0,,,,11.8,3847.0,17175.0,,,,12.65,21245.0,42225.0,,,,13.6,3699.0,9375.0,1110.0,0.0,150.0,14.9,17937.0,27600.0,,,,16.35,3847.0,23250.0,1020.85,2661.0,75.0,17.8,53322.0,116400.0,,,,19.55,4593.0,34200.0,,,,21.45,10297.0,33375.0,,,,23.7,8067.0,25875.0,,,,26.1,21336.0,57600.0,,,,29.1,7085.0,31350.0,728.95,1059.0,225.0,32.35,20233.0,83775.0,,,,36.3,6855.0,40200.0,640.3,2530.0,150.0,40.75,21307.0,71850.0,597.25,652.0,75.0,45.55,8226.0,48600.0,543.55,11008.0,2325.0,51.55,56481.0,282675.0,500.55,1409.0,375.0,58.8,10543.0,78750.0,457.05,10921.0,3000.0,66.75,35466.0,145500.0,418.05,3882.0,600.0,75.9,10885.0,94350.0,380.2,9072.0,8250.0,86.5,32927.0,258225.0,340.7,3313.0,2550.0,98.9,13113.0,162450.0,304.45,17300.0,17625.0,113.05,40242.0,326775.0,270.45,3378.0,17400.0,129.3,12764.0,190050.0,239.35,15210.0,82950.0,147.9,36375.0,453000.0,209.9,8595.0,176550.0,168.85,21473.0,407100.0,182.95,85324.0,680175.0,191.0,82674.0,905925.0,158.85,36706.0,268725.0,216.95,21001.0,249750.0,137.3,71756.0,328050.0,243.75,26937.0,210375.0,117.8,18743.0,154650.0,275.95,3409.0,30600.0,100.9,55482.0,357600.0,308.8,7381.0,63150.0,85.75,15716.0,114675.0,343.65,1155.0,5925.0,72.6,42906.0,198225.0,380.9,2357.0,5700.0,61.7,11179.0,114600.0,417.8,387.0,600.0,52.05,35175.0,134775.0,458.95,677.0,2250.0,44.25,13706.0,57450.0,,,,37.3,82555.0,230925.0,542.55,3543.0,3825.0,31.4,10797.0,60600.0,,,,26.35,29054.0,70125.0,629.85,0.0,150.0,22.3,8499.0,34050.0,,,,18.85,30049.0,72450.0,717.8,0.0,75.0,15.95,10114.0,28725.0,,,,13.4,49493.0,65550.0,,,,11.55,11158.0,41400.0,,,,9.9,23874.0,39150.0,,,,8.65,9902.0,40350.0,,,,7.45,106757.0,121425.0,1011.05,706.0,150.0,6.5,6075.0,15300.0,,,,5.55,32088.0,25575.0,,,,5.0,10164.0,7050.0,,,,4.35,67460.0,45150.0,,,,4.0,7451.0,15150.0,,,,3.65,24938.0,77325.0,,,,3.3,4757.0,6975.0,,,,3.1,16303.0,43200.0,,,,2.9,4920.0,15750.0,,,,2.75,44474.0,62625.0,,,
2025-05-29,2025-05-23 10:00:00+05:30,bullish,0.0015385887330134,116,145,14180.800000000001,57,1231042.0,57,7458150.0,57,13.829612637099302,14.079766623969931,24.0,0.08657056379879809,11.639236942137126,13.656262299139405,0,0.11326200197099817,-24.009752623265257,22.154259798911987,-56,0.1997348527586596,6407.35,88,1294584.0,88,4639650.0,88,-18.99897959498959,20.05878729459889,-16.0,0.07306903221420935,-13.992062978888494,21.320061852359228,0,0.1269115127218648,4.043075530445504,10.5241088412946,14,0.106596330776374,1.0516164355074806,0.025158911097684297,0.6220912692825968,-0.2329762436145415,0.4518327597878822,-0.377569135643562,,,,5.3,21512.0,19125.0,,,,5.6,3117.0,4950.0,,,,6.0,12948.0,20100.0,,,,6.55,3649.0,11250.0,,,,7.15,49305.0,37800.0,,,,7.75,3309.0,8775.0,,,,8.4,26916.0,76125.0,,,,9.45,6369.0,16725.0,1133.45,2086.0,75.0,10.45,23159.0,40950.0,,,,11.55,3903.0,12225.0,,,,13.05,22026.0,36600.0,,,,14.55,5399.0,16800.0,,,,16.4,26264.0,58425.0,,,,18.5,9342.0,19575.0,858.6,22239.0,1500.0,21.35,94594.0,132450.0,,,,24.15,7351.0,29325.0,746.7,5303.0,225.0,27.3,23295.0,42675.0,,,,31.25,6951.0,56025.0,672.0,6831.0,825.0,35.7,55506.0,157200.0,,,,41.45,11292.0,43650.0,585.0,6214.0,2175.0,47.55,41079.0,118050.0,542.65,0.0,3525.0,54.95,9528.0,63225.0,500.0,7823.0,7575.0,63.2,51775.0,237600.0,459.7,1137.0,5400.0,73.55,13884.0,97125.0,418.75,38420.0,35100.0,84.35,88167.0,253125.0,381.6,5061.0,13425.0,96.7,16260.0,134475.0,346.8,35382.0,129675.0,110.85,80301.0,381000.0,311.2,11170.0,100275.0,126.85,30702.0,232200.0,278.0,41234.0,297375.0,144.5,70337.0,372675.0,248.4,17510.0,326250.0,163.55,25630.0,262125.0,219.55,56832.0,844725.0,184.2,54326.0,588825.0,193.1,15351.0,335475.0,207.45,9633.0,122850.0,168.25,35698.0,382500.0,233.15,13113.0,80775.0,146.15,11340.0,199275.0,261.6,2186.0,19650.0,125.3,90843.0,558525.0,291.85,40090.0,73950.0,107.65,13023.0,172200.0,322.35,2522.0,4800.0,91.7,31830.0,274125.0,356.05,9684.0,15525.0,77.9,9523.0,151125.0,391.0,653.0,450.0,65.3,43076.0,375375.0,429.0,2580.0,2850.0,54.8,9162.0,204150.0,,,,45.5,30806.0,230400.0,509.0,1149.0,525.0,37.85,7456.0,89925.0,560.0,118.0,150.0,31.15,39173.0,154575.0,594.0,0.0,150.0,25.95,8465.0,89550.0,,,,21.55,70338.0,212475.0,683.0,9003.0,1050.0,17.9,9805.0,105000.0,,,,14.7,27834.0,142125.0,,,,12.1,7322.0,54675.0,,,,9.9,34017.0,150750.0,,,,8.35,8190.0,40275.0,,,,7.0,37084.0,109425.0,,,,5.95,6093.0,37050.0,,,,5.05,27582.0,75750.0,,,,4.25,5383.0,29250.0,,,,3.65,106572.0,102150.0,,,,3.15,3933.0,9825.0,,,,2.55,32188.0,35850.0,,,,2.2,5360.0,23325.0,,,,1.95,43689.0,47925.0,,,,1.8,12099.0,42225.0,,,,1.55,28367.0,19950.0,,,
2025-06-05,2025-05-30 10:00:00+05:30,bearish,-0.0022554254167698,92,146,24178.149999999998,67,1236280.0,67,10323075.0,67,18.6052916814961,13.848684587086945,40.0,0.10060342317274404,10.894987685355382,11.85378004787071,0,0.10384987031480446,-21.009432069864733,14.63813386663501,-46,0.09611157181173913,21507.55,79,803122.0,79,17660325.0,79,-16.079002941022658,16.209808765755874,0.0,0.07770425912875005,-10.043461827571123,11.882678780968778,0,0.12287712711968778,17.10711122373306,9.93656928193335,30,0.068380638426971,0.6496279160060827,-0.2123946137151969,1.7107620549109641,0.2622000900533888,0.8895448990100566,-0.05845592822261668,,,,3.0,8963.0,182625.0,,,,3.1,2410.0,59025.0,1429.95,168.0,375.0,3.65,12622.0,138000.0,,,,3.85,1796.0,107025.0,1320.0,1245.0,1425.0,4.15,33558.0,301950.0,,,,4.75,3499.0,141450.0,1234.1,0.0,150.0,5.35,14845.0,261825.0,,,,5.95,4029.0,104700.0,,,,6.75,15867.0,298725.0,1084.9,12.0,525.0,7.8,13821.0,227250.0,1035.0,0.0,825.0,8.65,24213.0,496200.0,,,,10.0,6499.0,205575.0,940.5,0.0,1050.0,11.6,19666.0,257175.0,892.1,77.0,600.0,13.35,5251.0,153975.0,833.0,2214.0,11175.0,15.5,51003.0,628875.0,798.0,0.0,900.0,18.25,5510.0,205575.0,749.65,0.0,675.0,21.2,12018.0,357300.0,702.25,0.0,1050.0,24.9,5232.0,203700.0,647.55,771.0,6600.0,29.25,22630.0,437475.0,612.0,125.0,1050.0,34.0,5426.0,206475.0,581.45,792.0,2700.0,40.05,23604.0,523050.0,529.15,265.0,900.0,46.85,10005.0,388275.0,495.45,1853.0,8700.0,54.8,37373.0,713475.0,442.9,324.0,4500.0,64.95,10797.0,381900.0,415.0,6093.0,57900.0,76.6,38468.0,950550.0,380.0,886.0,8250.0,89.65,11667.0,613350.0,344.2,5766.0,51675.0,104.0,31769.0,800850.0,311.35,1665.0,36375.0,121.4,8897.0,560400.0,280.1,14469.0,305850.0,139.9,31878.0,1023750.0,250.4,11051.0,233025.0,161.2,17834.0,803775.0,223.2,65118.0,1072050.0,184.35,62406.0,2170050.0,198.6,34008.0,659925.0,209.35,24118.0,804300.0,175.7,49683.0,697275.0,236.6,23582.0,739050.0,155.15,14739.0,340125.0,265.85,4326.0,192075.0,136.6,81876.0,840975.0,296.6,23189.0,259200.0,118.95,10497.0,290475.0,329.05,930.0,58425.0,103.05,33831.0,388500.0,369.15,3797.0,76725.0,88.75,11278.0,325275.0,414.0,335.0,16725.0,75.85,41510.0,377625.0,435.65,3425.0,49800.0,64.45,11768.0,214800.0,500.0,222.0,7275.0,54.25,36211.0,383400.0,519.25,1146.0,19575.0,46.0,11091.0,149625.0,567.0,501.0,3450.0,38.55,28321.0,202875.0,599.45,791.0,7275.0,32.35,8964.0,152925.0,650.7,148.0,825.0,27.3,60732.0,450375.0,686.05,2691.0,17475.0,22.5,10469.0,126675.0,743.6,59.0,1500.0,18.7,31299.0,184050.0,789.5,375.0,2250.0,15.65,8142.0,108450.0,835.85,72.0,1350.0,12.8,30878.0,197775.0,892.45,181.0,3450.0,10.8,7885.0,161325.0,933.25,0.0,450.0,8.95,35597.0,186675.0,979.25,398.0,1350.0,7.55,8470.0,56400.0,,,,6.35,23989.0,107025.0,1076.7,67.0,1650.0,5.45,5643.0,174825.0,1135.5,15.0,75.0,4.8,94928.0,186150.0,1190.0,1050.0,1875.0,4.0,6035.0,168300.0,,,,3.35,26670.0,104325.0,1287.35,20.0,1050.0,3.05,9337.0,35700.0,1357.35,11.0,75.0,2.65,33583.0,96450.0,1386.15,87.0,750.0,2.35,9516.0,36225.0,,,,2.2,29394.0,78975.0,1470.7,0.0,225.0
2025-06-12,2025-06-06 10:00:00+05:30,bullish,0.0070791984057134,89,114,6712.249999999999,55,1196552.0,55,3051450.0,55,16.675079729088246,13.611336142084438,6.0,0.07188738976659602,10.185960772747382,11.928636196974523,0,0.12603844074128692,-6.426794294014676,7.7790849762014345,-16,0.12460054378189134,5955.8,59,738842.0,59,2692275.0,59,-15.884084824630976,15.992077183737004,0.0,0.07802750791102833,-15.007493662423043,18.370613131035494,-49,0.16912276791932473,5.6531700191410055,7.611643947625179,16,0.13282850330770005,0.6174758806972033,-0.2364944812270783,0.8822936636680923,-0.06253346042855464,0.8873030652910724,-0.0597132155304091,,,,2.1,9861.0,11250.0,,,,2.4,2701.0,825.0,,,,2.6,9421.0,115500.0,,,,2.9,1882.0,1350.0,,,,3.25,9979.0,33975.0,,,,3.6,2193.0,9150.0,,,,4.1,38859.0,16575.0,,,,4.65,2775.0,4275.0,,,,5.15,13383.0,11550.0,,,,6.0,2756.0,3450.0,,,,6.7,16236.0,73575.0,,,,7.65,5184.0,3825.0,,,,8.9,21017.0,27675.0,,,,10.4,6084.0,11475.0,836.35,0.0,75.0,12.0,20199.0,18300.0,,,,14.15,9169.0,10725.0,735.0,2547.0,225.0,16.75,44533.0,124500.0,,,,19.6,5015.0,20625.0,641.3,502.0,150.0,23.1,14450.0,32400.0,,,,27.5,8701.0,20700.0,550.0,1250.0,150.0,32.7,29604.0,77775.0,,,,38.75,11139.0,30225.0,463.45,1326.0,3900.0,46.15,22478.0,72150.0,425.35,248.0,375.0,55.05,9363.0,56700.0,384.45,2142.0,3825.0,65.95,20267.0,89250.0,347.05,741.0,1350.0,78.3,8756.0,60450.0,311.55,11174.0,54525.0,92.35,40917.0,153225.0,279.2,3132.0,5175.0,109.1,14385.0,63675.0,246.45,17649.0,49950.0,127.5,29313.0,135450.0,216.45,12252.0,77475.0,147.15,18129.0,141075.0,189.4,71054.0,384600.0,170.0,57650.0,353400.0,164.45,46986.0,281250.0,195.95,21477.0,188700.0,142.15,72432.0,242625.0,222.7,34143.0,104025.0,122.0,18090.0,76650.0,253.65,5259.0,30525.0,104.25,39099.0,132150.0,284.55,9773.0,18825.0,88.3,14247.0,99825.0,317.6,1551.0,3450.0,74.4,86017.0,261450.0,355.0,11166.0,7800.0,62.1,10616.0,67725.0,391.7,498.0,1950.0,51.55,30885.0,109950.0,433.3,0.0,1125.0,42.9,16736.0,46350.0,470.3,273.0,150.0,35.75,40757.0,117225.0,515.9,2010.0,600.0,29.55,11646.0,28950.0,559.5,0.0,450.0,24.4,29803.0,60525.0,,,,20.25,10048.0,43575.0,,,,16.8,27102.0,83925.0,,,,14.15,10965.0,17625.0,,,,11.9,64602.0,119175.0,791.1,0.0,300.0,9.9,9331.0,35775.0,,,,8.25,29868.0,44100.0,,,,7.05,10729.0,6975.0,,,,6.0,24757.0,47325.0,,,,5.2,8508.0,7725.0,,,,4.5,47016.0,29925.0,,,,3.8,8666.0,25050.0,,,,3.35,25217.0,61650.0,,,,3.0,7739.0,10950.0,,,,2.8,80078.0,50400.0,,,,2.45,7357.0,6900.0,,,,2.35,20673.0,25050.0,,,,2.15,6601.0,4125.0,,,,1.95,26773.0,5025.0,,,
2025-06-19,2025-06-13 10:00:00+05:30,bullish,0.0061705598753307,83,108,5722.499999999999,57,1150222.0,57,5568975.0,57,17.41575365451191,12.956917109271512,7.0,0.075744508451412,11.534631597376537,12.942250226821605,-1,0.10760507992943046,-4.6684054172127585,7.085212268353339,-13,0.11987767584097861,7320.250000000001,51,853498.0,51,3281100.0,51,-12.39819659800023,13.585604481972812,-13.0,0.08061413149181369,-13.121216969918624,12.97324966168866,-1,0.0965987016549328,4.604091390321368,8.953830458305427,14,0.09953211980465147,0.7420289300674131,-0.14808655900025952,0.5891748481542833,-0.2585147583495055,1.2792048929663613,0.12250100630618557,,,,9.55,4579.0,20250.0,,,,10.15,9502.0,51600.0,,,,10.8,3600.0,17025.0,,,,11.4,10863.0,31875.0,,,,12.35,2961.0,9300.0,,,,13.25,8052.0,27375.0,,,,14.45,2935.0,15075.0,,,,15.45,44140.0,101175.0,,,,16.8,3657.0,12450.0,,,,18.25,15613.0,47175.0,,,,19.8,6132.0,23475.0,,,,21.7,14088.0,41175.0,,,,23.6,4674.0,13050.0,,,,26.25,21139.0,75450.0,,,,28.9,9022.0,15525.0,,,,31.8,18412.0,93825.0,,,,35.25,5616.0,29025.0,686.0,2967.0,2850.0,39.45,68804.0,195150.0,,,,44.0,6545.0,34125.0,598.85,0.0,375.0,49.05,22427.0,57225.0,,,,55.5,8589.0,70125.0,510.0,766.0,2550.0,62.4,37026.0,133950.0,468.2,149.0,600.0,70.6,12975.0,50100.0,428.0,1025.0,5775.0,80.0,28377.0,97350.0,388.85,725.0,4950.0,90.5,10419.0,58725.0,351.6,2932.0,24075.0,102.9,33973.0,136875.0,315.15,2410.0,10125.0,116.6,11583.0,53850.0,279.65,15110.0,125175.0,132.5,65286.0,263775.0,247.45,6737.0,74400.0,149.55,20017.0,113550.0,217.6,41232.0,599250.0,168.8,55567.0,316950.0,189.3,20091.0,377250.0,190.65,16704.0,187500.0,163.0,29383.0,400350.0,214.6,24267.0,119025.0,139.45,11429.0,142575.0,241.0,5143.0,23400.0,118.25,32421.0,272100.0,270.0,18633.0,63225.0,100.25,14866.0,129750.0,301.4,5444.0,8775.0,83.8,37797.0,272250.0,335.75,16867.0,24075.0,69.85,13527.0,94800.0,371.9,3223.0,2700.0,57.75,87123.0,390075.0,409.0,19922.0,17550.0,48.05,15973.0,122100.0,451.5,3072.0,1050.0,39.8,53216.0,175425.0,489.15,13407.0,1575.0,33.05,20250.0,80550.0,535.2,4172.0,825.0,26.95,59344.0,171150.0,575.25,14293.0,1800.0,22.5,18174.0,92025.0,,,,18.75,42810.0,145650.0,671.7,2553.0,525.0,15.6,15542.0,80550.0,728.6,368.0,150.0,13.0,26904.0,115875.0,,,,10.9,10146.0,60000.0,,,,9.15,64056.0,177225.0,,,,7.6,10842.0,43350.0,,,,6.45,30336.0,75000.0,,,,5.55,8700.0,63975.0,,,,4.8,35214.0,73800.0,,,,4.1,7764.0,33675.0,,,,3.55,49164.0,66075.0,,,,3.15,8419.0,25050.0,,,,2.75,18942.0,29550.0,,,,2.45,6954.0,7125.0,,,,2.3,74760.0,148950.0,,,,2.0,15869.0,17025.0,,,,1.95,27657.0,16500.0,,,,1.85,0.0,4050.0,,,
2025-06-26,2025-06-20 10:00:00+05:30,bullish,0.0275354071190279,113,148,13767.85,63,1232564.0,63,6437400.0,63,17.126737435135215,22.18993593350244,23.0,0.10453737087891582,10.271204212880976,14.095885718128581,1,0.11289495759157424,-18.52908406178161,15.421031070721897,-47,0.1739378334307826,13460.8,85,1168558.0,85,3090825.0,85,-17.330580938216162,20.36799302625554,-1.0,0.07654562289591103,-8.182742471670185,11.565328836639525,1,0.11734731018417413,36.79319951265899,33.83842902975967,83,0.30475900392250094,0.948070850681993,-0.02665670465723941,0.4801356137571069,-0.3512275371330967,0.9776980429043023,-0.011276725067162752,,,,5.0,2388.0,10125.0,,,,5.4,13428.0,33375.0,,,,5.7,1954.0,5250.0,1396.0,4269.0,300.0,6.1,51525.0,110250.0,,,,6.35,3630.0,6225.0,,,,6.75,13546.0,40350.0,,,,7.2,2349.0,11175.0,,,,7.75,16239.0,25425.0,,,,8.3,3972.0,14625.0,1103.0,0.0,75.0,8.85,41839.0,43425.0,,,,9.65,5621.0,29625.0,,,,10.45,20872.0,22500.0,,,,11.4,4538.0,19500.0,906.0,14100.0,525.0,12.65,81936.0,87375.0,858.25,0.0,75.0,13.65,6369.0,12675.0,810.0,0.0,75.0,15.15,13983.0,22875.0,763.7,0.0,75.0,16.8,5154.0,27900.0,707.0,1384.0,150.0,18.85,29608.0,70425.0,,,,21.25,6607.0,13800.0,621.6,1324.0,300.0,24.05,20742.0,52350.0,,,,27.6,7503.0,40875.0,525.65,0.0,975.0,31.9,41575.0,43875.0,479.45,0.0,900.0,37.25,13143.0,34725.0,433.6,18063.0,11550.0,43.85,77405.0,309075.0,393.85,0.0,825.0,51.3,13595.0,84975.0,351.2,7001.0,20700.0,60.05,34977.0,115875.0,312.6,2128.0,5250.0,71.1,12564.0,112350.0,275.65,19698.0,76875.0,83.6,50322.0,188325.0,239.75,8236.0,51900.0,98.5,17631.0,100575.0,207.5,64630.0,490650.0,115.9,89448.0,341475.0,176.6,31044.0,445050.0,135.95,36405.0,309600.0,149.7,64961.0,726750.0,158.8,57724.0,362700.0,125.2,18061.0,271125.0,183.5,10027.0,73950.0,103.75,95210.0,541350.0,213.0,50097.0,95775.0,84.3,15573.0,246825.0,243.2,2214.0,5775.0,68.05,39127.0,228600.0,276.95,10044.0,9525.0,54.0,16848.0,135600.0,313.1,1948.0,1650.0,42.25,66855.0,372300.0,350.6,10390.0,4875.0,33.35,14640.0,133650.0,388.9,0.0,1500.0,26.15,38256.0,216000.0,431.25,4127.0,3300.0,20.45,11439.0,118200.0,,,,16.05,34182.0,184575.0,521.25,1372.0,900.0,12.6,9679.0,134925.0,571.7,0.0,225.0,10.05,73348.0,271575.0,617.0,7544.0,1575.0,7.9,8605.0,122775.0,,,,6.35,27387.0,125400.0,,,,5.2,9664.0,53325.0,,,,4.3,32121.0,91650.0,815.05,309.0,750.0,3.75,10141.0,45975.0,,,,3.25,37677.0,59925.0,,,,2.8,8145.0,72000.0,,,,2.4,23391.0,93750.0,,,,2.3,8615.0,46500.0,,,,2.05,128849.0,414600.0,1105.75,12282.0,225.0,1.9,11088.0,27900.0,,,,1.7,0.0,48075.0,,,,1.6,6557.0,7575.0,,,,1.45,29896.0,66150.0,,,,1.4,7239.0,11700.0,,,,1.35,24885.0,39225.0,,,,1.35,6007.0,14775.0,,,
2025-07-03,2025-06-27 10:00:00+05:30,bearish,-0.0054493139423359,88,118,10369.999999999998,53,1137617.0,53,5283450.0,53,10.473481848460422,11.340667065998035,9.0,0.08145975315066495,11.705391363597649,12.031345803275919,29,0.10081480850580586,-11.099893924783029,7.616974774404653,-21,0.10315332690453233,6406.7,65,1105233.0,65,4162800.0,65,-16.558742817125438,16.549960818579425,-1.0,0.08283140297113821,-9.265440328624964,13.167647166076588,-1,0.12802680887863938,9.393502114973385,12.667939463885665,29,0.22344576771192656,0.9715334774357275,-0.014438772098000312,0.7878942736280271,-0.11863437872171496,0.617810993249759,-0.23623835438435445,,,,3.7,1771.0,1950.0,,,,4.05,12352.0,16425.0,,,,4.4,2634.0,5925.0,,,,4.85,37929.0,45375.0,,,,5.15,4706.0,17925.0,,,,5.65,17923.0,23850.0,,,,6.15,3756.0,9225.0,,,,6.75,18896.0,112125.0,,,,7.5,4107.0,18375.0,1069.7,0.0,450.0,8.2,41523.0,57750.0,,,,9.15,4779.0,20175.0,982.0,677.0,75.0,9.95,18129.0,38100.0,,,,11.3,6333.0,16125.0,880.7,0.0,150.0,12.65,19962.0,84900.0,828.7,0.0,75.0,14.15,9794.0,40125.0,789.45,0.0,150.0,16.15,33324.0,71025.0,,,,18.3,9766.0,33525.0,680.4,0.0,900.0,20.95,24628.0,143550.0,,,,23.8,10038.0,53625.0,590.1,18147.0,12900.0,27.7,76158.0,189975.0,545.65,0.0,75.0,31.85,12567.0,36150.0,497.35,9222.0,2475.0,36.8,30936.0,65100.0,454.65,2079.0,975.0,42.65,14489.0,53550.0,413.35,10796.0,4950.0,49.95,61545.0,134475.0,374.0,4128.0,1500.0,58.9,20094.0,89850.0,333.35,23301.0,32925.0,69.4,53692.0,193800.0,295.15,9429.0,25650.0,81.6,27582.0,96975.0,259.6,26923.0,50325.0,96.35,63759.0,246450.0,226.5,11607.0,41025.0,112.95,23626.0,146325.0,196.0,66342.0,332775.0,132.55,91548.0,532950.0,167.6,39565.0,412875.0,153.8,34350.0,512475.0,141.15,91617.0,526575.0,178.6,41250.0,416850.0,118.25,33009.0,223575.0,205.4,10460.0,104025.0,98.5,56098.0,287850.0,235.0,9561.0,62550.0,80.95,22071.0,156600.0,267.35,1906.0,8475.0,65.75,48717.0,241425.0,301.9,5046.0,30000.0,53.05,18822.0,102750.0,339.85,686.0,5250.0,42.35,33297.0,156375.0,378.0,1357.0,11175.0,33.9,15801.0,80625.0,419.0,0.0,150.0,27.35,92670.0,280725.0,463.5,5324.0,6375.0,21.85,14295.0,99675.0,506.45,0.0,300.0,17.35,28143.0,118500.0,550.15,0.0,150.0,13.85,10459.0,49050.0,,,,11.2,39679.0,100500.0,,,,8.75,14928.0,69300.0,,,,7.05,33715.0,93075.0,,,,5.85,15609.0,41550.0,,,,4.9,22828.0,68475.0,,,,4.05,9627.0,47325.0,,,,3.5,69451.0,111600.0,,,,2.9,8107.0,193950.0,,,,2.6,22319.0,43275.0,,,,2.3,4541.0,26925.0,,,,1.95,16937.0,26475.0,,,,1.8,5038.0,38325.0,,,,1.65,19029.0,85950.0,,,,1.6,5883.0,36375.0,,,,1.4,34608.0,16425.0,,,,1.35,14637.0,18825.0,,,,1.25,59757.0,532650.0,1431.55,815.0,150.0,1.35,4397.0,45300.0,,,
2025-07-10,2025-07-04 10:00:00+05:30,bearish,-0.0023136808182875,87,115,7851.949999999999,54,1186808.0,54,10049700.0,54,12.509405902218388,11.205319035860283,2.0,0.08734521506427324,6.463857130063584,7.674038188326322,0,0.15352697095435686,-9.391323174498053,7.756866868065804,-20,0.13297970567820735,6032.4,61,907016.0,61,5259675.0,61,-11.952028409642168,13.918681774923673,0.0,0.09042949628231475,-5.9914158194185,9.403522021877635,0,0.1937286999672033,7.739258006763478,7.934497426198174,18,0.1436078509382667,0.764248303011102,-0.13362727717324857,0.5233663691453476,-0.31288181261481934,0.7682677551436268,-0.13105042727963495,,,,2.2,16001.0,4875.0,,,,2.4,2742.0,675.0,,,,2.55,57698.0,86025.0,,,,2.6,1902.0,12300.0,,,,2.85,9292.0,16575.0,,,,3.0,2373.0,9600.0,,,,3.2,13662.0,18600.0,,,,3.55,5931.0,14625.0,,,,3.75,15357.0,33750.0,,,,4.1,2688.0,40575.0,1044.15,0.0,300.0,4.6,15387.0,31575.0,,,,5.0,3735.0,42975.0,937.0,0.0,75.0,5.6,40990.0,85725.0,,,,6.3,4527.0,14400.0,,,,7.1,17549.0,109875.0,,,,8.25,5760.0,28200.0,745.3,0.0,75.0,9.55,29252.0,112875.0,,,,11.2,7881.0,55575.0,,,,13.55,35285.0,123750.0,600.0,75.0,300.0,16.05,7158.0,57600.0,553.0,0.0,1125.0,19.4,24360.0,104700.0,509.65,174.0,375.0,23.55,9586.0,81450.0,458.0,6135.0,11550.0,28.55,75619.0,386850.0,414.0,273.0,2775.0,35.05,14190.0,93975.0,372.55,1843.0,7425.0,42.6,30598.0,200400.0,332.0,747.0,7650.0,52.3,18884.0,148200.0,294.0,7005.0,72900.0,64.15,36210.0,319350.0,258.35,2381.0,49650.0,78.0,18796.0,186525.0,224.5,16015.0,253350.0,94.3,48260.0,475575.0,193.2,13572.0,336075.0,113.05,29189.0,406500.0,164.85,77721.0,1542900.0,133.9,82021.0,1018950.0,139.55,45777.0,1011300.0,157.05,28002.0,344700.0,116.1,103662.0,1024575.0,185.2,59657.0,307050.0,95.35,32525.0,516525.0,214.4,10070.0,33075.0,77.5,69999.0,758325.0,247.25,17824.0,57450.0,62.1,29810.0,312600.0,281.6,3366.0,9525.0,49.7,72793.0,483225.0,317.2,6612.0,14325.0,39.65,23354.0,231600.0,357.65,1339.0,1650.0,31.75,54868.0,400275.0,398.5,4101.0,3975.0,24.9,16452.0,172425.0,440.2,0.0,375.0,19.7,35064.0,466650.0,488.0,1007.0,1275.0,15.7,14197.0,125700.0,,,,12.55,85164.0,465075.0,579.0,5651.0,4800.0,9.9,11484.0,129525.0,,,,7.9,29192.0,111300.0,671.0,258.0,75.0,6.4,10446.0,75450.0,,,,5.15,35790.0,137175.0,,,,4.2,11052.0,123225.0,,,,3.55,40602.0,108600.0,866.3,117.0,150.0,2.95,10625.0,131175.0,,,,2.5,35172.0,66375.0,,,,2.2,7508.0,13875.0,,,,1.95,67018.0,585150.0,,,,1.7,9149.0,54900.0,,,,1.55,24250.0,45750.0,,,,1.45,6458.0,9075.0,,,,1.4,30550.0,13575.0,,,,1.3,4299.0,11325.0,,,,1.2,22236.0,75300.0,,,,1.2,2332.0,9150.0,,,,1.15,10771.0,16875.0,,,
2025-07-17,2025-07-11 10:00:00+05:30,bearish,-0.0069442659384941,87,117,8734.599999999999,56,1170332.0,56,10372875.0,56,12.56168420584928,11.045796924987437,4.0,0.08509209352559786,8.601648530421894,11.563376457413964,0,0.14579371678536568,-14.20259084560255,10.920570061868158,-30,0.17174226638884438,8373.45,61,918771.0,61,11179575.0,61,-10.23231577836044,12.781417025191557,0.0,0.09433689134724539,-3.840380783706,7.164865677668507,0,0.22490121493885054,15.54471573843517,14.911855578446216,40,0.23824707856379387,0.7850515921977695,-0.12041579567881526,1.0777701456924913,0.0374296193704196,0.9586529434662151,-0.02110994531813958,1500.1,86.0,75.0,2.15,16812.0,45600.0,,,,2.4,1641.0,12150.0,,,,2.45,5776.0,16800.0,,,,2.75,2137.0,23775.0,1310.0,0.0,6000.0,2.8,58620.0,78000.0,,,,3.05,2460.0,33150.0,,,,3.2,10977.0,24750.0,,,,3.45,1624.0,11100.0,,,,3.65,18444.0,74400.0,,,,3.9,3143.0,34500.0,,,,4.3,21726.0,45750.0,,,,4.8,10662.0,59700.0,,,,5.2,24807.0,42900.0,,,,5.6,4596.0,26550.0,817.35,0.0,525.0,6.25,36614.0,119700.0,,,,6.95,4746.0,33300.0,,,,7.7,19686.0,147150.0,,,,8.9,5633.0,162300.0,615.0,253.0,150.0,10.05,26781.0,171975.0,562.95,39.0,75.0,11.85,6698.0,100200.0,520.0,798.0,2325.0,14.15,28393.0,225975.0,466.75,99.0,150.0,16.95,8274.0,98400.0,430.0,1049.0,1650.0,20.8,22615.0,234600.0,386.05,192.0,1125.0,25.55,9630.0,168975.0,342.1,7138.0,59100.0,31.75,62478.0,775650.0,299.75,708.0,12150.0,39.55,18263.0,233475.0,260.0,5036.0,52350.0,49.5,49045.0,588150.0,222.75,2919.0,57675.0,62.0,27136.0,511575.0,189.15,19084.0,325200.0,78.1,58759.0,1254450.0,157.7,19218.0,508350.0,96.75,44808.0,1247400.0,130.0,69918.0,1512300.0,119.15,86674.0,2514300.0,105.55,37476.0,639900.0,144.85,27093.0,765675.0,84.85,76697.0,833175.0,173.7,45757.0,771525.0,67.1,33854.0,369675.0,206.15,9846.0,127500.0,52.85,99586.0,1029225.0,242.25,40108.0,177675.0,41.25,27741.0,305025.0,280.55,4638.0,19200.0,32.05,77327.0,570150.0,320.8,11034.0,33600.0,25.0,22712.0,318975.0,365.0,1039.0,1725.0,19.55,43521.0,342600.0,408.6,4344.0,11175.0,15.3,16048.0,231450.0,453.3,577.0,1575.0,12.15,48839.0,319500.0,500.9,3666.0,6075.0,9.5,14008.0,228225.0,553.45,0.0,450.0,7.65,27849.0,203625.0,596.85,713.0,975.0,6.3,10152.0,143250.0,,,,5.2,66833.0,355875.0,693.8,2082.0,1350.0,4.3,12759.0,94725.0,760.0,41.0,1050.0,3.6,49573.0,171900.0,,,,3.05,10287.0,44250.0,,,,2.65,33465.0,176475.0,,,,2.25,9952.0,55650.0,,,,1.95,34110.0,39600.0,,,,1.95,21969.0,35925.0,,,,1.7,21560.0,40500.0,,,,1.6,3851.0,18675.0,,,,1.55,73188.0,138375.0,,,,1.4,0.0,9225.0,,,,1.35,26223.0,7050.0,,,,1.15,9459.0,10875.0,,,,1.15,23926.0,79575.0,,,,1.05,7251.0,600.0,,,,1.05,23547.0,7425.0,,,
2025-07-24,2025-07-18 10:00:00+05:30,bullish,0.0008705965982835,78,101,4959.400000000001,53,1199729.0,53,3780450.0,53,13.558173554194322,11.98556410637542,3.0,0.07946544594654292,5.777824068563266,7.735764959694824,1,0.14065785819148513,-6.200508125982981,6.012254002720907,-13,0.13653869419687864,4569.0,48,767053.0,48,6294825.0,48,-8.877629055619364,11.261000168324003,-1.0,0.09310699521415078,-3.1352658731577128,6.659453860970491,-1,0.18458019087107266,7.634405778069599,7.8728057619278475,19,0.2034690304224119,0.639355221054088,-0.2199918445460656,1.6650993929294131,0.24955894504120235,0.9212808000967858,-0.04097225137483738,,,,1.65,1778.0,1650.0,,,,1.7,0.0,7950.0,,,,1.9,1347.0,1200.0,,,,2.0,15911.0,7350.0,,,,2.2,4225.0,1800.0,,,,2.4,24285.0,16650.0,,,,2.6,2726.0,4725.0,,,,2.75,10047.0,13650.0,,,,3.05,3339.0,23925.0,,,,3.3,41501.0,66300.0,,,,3.75,2400.0,24600.0,,,,4.05,15492.0,40350.0,,,,4.55,16515.0,39825.0,,,,4.85,22821.0,41100.0,,,,5.55,5376.0,20550.0,,,,6.2,18975.0,63225.0,,,,7.05,3792.0,26175.0,677.15,0.0,75.0,8.2,19548.0,56850.0,,,,9.55,6363.0,50625.0,587.0,0.0,600.0,11.4,36430.0,169575.0,539.15,0.0,75.0,13.5,5584.0,46125.0,491.35,470.0,675.0,16.3,21796.0,199350.0,,,,19.95,9381.0,76425.0,400.0,1593.0,2700.0,24.55,24720.0,153525.0,355.1,264.0,1350.0,30.5,11684.0,155475.0,316.9,3779.0,28800.0,38.1,34495.0,259725.0,275.35,833.0,4875.0,47.25,17993.0,141300.0,237.55,6045.0,65850.0,59.3,54246.0,507075.0,202.55,4125.0,63150.0,73.8,18455.0,291150.0,170.25,39279.0,289050.0,91.7,71418.0,1161900.0,140.75,26788.0,362250.0,112.15,38139.0,825750.0,114.95,83889.0,531750.0,136.1,58160.0,912225.0,92.0,42483.0,300150.0,163.65,21015.0,266550.0,73.15,95337.0,399600.0,194.6,40019.0,395100.0,57.1,34961.0,168975.0,229.05,7668.0,62025.0,44.05,78257.0,219675.0,266.6,13023.0,76425.0,34.05,32460.0,96975.0,305.85,2223.0,6600.0,26.75,55076.0,174075.0,350.6,7270.0,9600.0,20.85,18803.0,90750.0,394.3,795.0,1425.0,16.6,73197.0,160125.0,439.8,8778.0,6600.0,13.0,15679.0,45075.0,,,,10.35,37653.0,160425.0,536.0,3185.0,600.0,8.15,14767.0,47325.0,,,,6.75,27084.0,61950.0,,,,5.45,12308.0,27075.0,,,,4.5,35929.0,80025.0,,,,3.8,13251.0,51075.0,,,,3.3,30531.0,14100.0,,,,2.85,14723.0,19275.0,,,,2.5,58813.0,61875.0,929.65,0.0,75.0,2.2,9955.0,10875.0,,,,2.05,42549.0,36975.0,,,,1.75,9537.0,9750.0,,,,1.7,27387.0,42525.0,,,,1.5,6690.0,3975.0,,,,1.45,20259.0,8400.0,,,,1.4,5652.0,2100.0,,,,1.35,31891.0,6375.0,,,,1.1,10392.0,6525.0,,,,1.1,48156.0,61650.0,,,,1.0,14814.0,6000.0,,,
2025-07-31,2025-07-25 10:00:00+05:30,bearish,-0.0064383234685916,90,123,10860.3,59,1516071.0,59,4776525.0,59,13.534730893210147,12.61603160780538,5.0,0.07944087051332029,7.4524471242168735,8.315154763217107,1,0.117245277686184,-19.175796248722413,14.230054444397751,-39,0.18023443182969165,9623.5,64,1113484.0,64,4577175.0,64,-9.597218280639865,13.852595454970894,1.0,0.09366816227265053,-8.568795162955317,13.055805345230286,-1,0.12797194776253912,14.243362601963943,10.60583309404135,31,0.16104327947212552,0.7344537294097704,-0.15310080983284244,0.9582646379951952,-0.02131242182238045,0.8861173264090311,-0.060379421786973086,,,,2.15,2640.0,5325.0,,,,2.25,34491.0,22500.0,,,,2.35,1905.0,1800.0,,,,2.4,14163.0,6150.0,,,,2.55,2518.0,9525.0,,,,2.8,11542.0,145800.0,,,,3.05,5415.0,11550.0,,,,3.25,31086.0,34500.0,,,,3.55,4704.0,22800.0,,,,3.95,12201.0,27375.0,,,,4.4,5621.0,21075.0,960.0,0.0,1800.0,4.8,79980.0,89925.0,,,,5.35,3766.0,48000.0,,,,5.85,16410.0,35700.0,799.75,16.0,300.0,6.6,6096.0,50850.0,765.65,0.0,225.0,7.35,30602.0,249450.0,,,,8.5,8577.0,52425.0,665.9,434.0,375.0,9.9,24892.0,98100.0,,,,11.55,9156.0,35325.0,567.95,0.0,375.0,13.6,30523.0,96225.0,,,,16.25,10989.0,53325.0,472.2,7452.0,10350.0,19.35,60057.0,146850.0,424.55,0.0,300.0,23.35,9818.0,72675.0,382.35,1653.0,7125.0,28.45,34674.0,194325.0,339.2,600.0,525.0,34.7,18643.0,97275.0,296.95,3698.0,9450.0,43.05,47605.0,239400.0,257.65,1444.0,3150.0,53.2,21444.0,130725.0,219.8,11430.0,44925.0,66.15,67458.0,336900.0,186.8,5787.0,76350.0,82.25,27944.0,239925.0,155.2,39861.0,270375.0,101.4,81699.0,585750.0,127.65,37484.0,390450.0,123.5,41819.0,440775.0,103.2,120087.0,560025.0,149.65,104298.0,393150.0,82.6,31610.0,159675.0,178.7,14106.0,90375.0,65.55,84991.0,536625.0,211.5,40223.0,105450.0,51.55,37542.0,131100.0,246.85,10608.0,47400.0,40.45,120438.0,497625.0,286.25,42315.0,31275.0,31.75,36017.0,95100.0,327.05,4602.0,12300.0,24.9,71607.0,210900.0,371.7,14304.0,12075.0,19.5,19055.0,91575.0,415.55,0.0,900.0,15.4,53696.0,143625.0,461.05,10710.0,1800.0,12.35,18479.0,69825.0,,,,10.05,112716.0,210825.0,556.05,23604.0,4275.0,8.05,17000.0,96300.0,609.9,1014.0,75.0,6.6,45540.0,85425.0,652.8,7419.0,1425.0,5.4,13802.0,44250.0,,,,4.6,54265.0,359325.0,,,,3.85,17209.0,39750.0,,,,3.3,45765.0,57900.0,,,,2.85,12380.0,7050.0,895.25,0.0,150.0,2.4,40083.0,27300.0,946.0,1087.0,75.0,2.2,8777.0,15225.0,,,,2.05,110903.0,84525.0,1045.05,0.0,150.0,1.8,0.0,6975.0,,,,1.65,27567.0,79650.0,,,,1.55,7238.0,16350.0,,,,1.45,39261.0,123075.0,,,,1.35,8794.0,5475.0,,,,1.35,35970.0,143700.0,,,,1.25,0.0,3675.0,,,,1.2,20354.0,4500.0,,,,1.15,0.0,525.0,,,
2025-08-07,2025-08-01 10:00:00+05:30,bearish,-0.0040653451595464,86,113,6062.35,64,1140151.0,64,5030625.0,64,13.823398830505784,12.585352943907525,6.0,0.07658722397296498,7.188699217294074,9.886404097093548,0,0.1737308982482296,-7.707440184087028,7.711090794767214,-18,0.148902653261524,7234.45,49,898395.0,49,5842050.0,49,-9.794274233494177,11.729749894746233,0.0,0.10232247508056033,-4.255924718206794,7.018776138752667,0,0.21168511053482938,8.60430993371991,7.991986545736112,20,0.1378819398848565,0.7879614191453588,-0.11859236926711489,1.161297055534849,0.07462974842897448,1.1933408661657607,0.08814902833764511,,,,2.6,11633.0,3075.0,,,,2.8,1584.0,1725.0,,,,3.0,8680.0,8400.0,,,,3.3,2608.0,9075.0,,,,3.5,13929.0,6825.0,,,,3.9,3065.0,5625.0,,,,4.3,52872.0,61500.0,,,,4.6,1875.0,2325.0,,,,5.1,15522.0,56100.0,,,,5.65,3609.0,25950.0,,,,6.2,14640.0,78825.0,,,,6.8,4107.0,54375.0,902.7,0.0,75.0,7.55,23024.0,58275.0,,,,8.65,5299.0,15750.0,,,,9.65,13584.0,41100.0,,,,11.3,6626.0,32925.0,715.05,2343.0,975.0,13.1,51236.0,143550.0,,,,15.05,6099.0,37875.0,614.0,0.0,75.0,17.6,21031.0,56025.0,,,,20.45,8124.0,69600.0,528.25,611.0,75.0,24.2,28380.0,159300.0,,,,28.7,12080.0,89700.0,440.35,958.0,1125.0,34.65,41761.0,200250.0,394.0,0.0,525.0,41.5,17650.0,96525.0,355.0,1383.0,3375.0,49.9,43941.0,261900.0,315.9,532.0,1650.0,60.5,14683.0,138975.0,279.0,10065.0,40575.0,73.35,54897.0,392775.0,243.4,1729.0,15900.0,87.9,15667.0,286875.0,212.2,12556.0,103800.0,105.35,54577.0,589650.0,181.1,12765.0,183150.0,125.55,33271.0,602550.0,153.9,74716.0,873975.0,147.65,91926.0,1236675.0,129.4,46575.0,455850.0,173.45,31817.0,444600.0,107.8,76904.0,473700.0,201.25,42553.0,319050.0,89.2,30535.0,210750.0,233.1,9209.0,42450.0,72.9,55813.0,399900.0,266.95,24063.0,78450.0,59.55,22289.0,126000.0,302.55,2990.0,8550.0,47.4,87321.0,438150.0,340.95,17986.0,45450.0,38.15,18948.0,116325.0,383.05,0.0,750.0,30.3,44076.0,178050.0,425.55,4827.0,1875.0,24.35,17054.0,67725.0,474.75,822.0,75.0,19.25,66106.0,196875.0,513.9,4412.0,3600.0,15.5,14122.0,79800.0,562.9,851.0,75.0,12.65,42572.0,82425.0,611.0,2369.0,975.0,10.1,11085.0,94200.0,,,,8.1,28210.0,68550.0,,,,6.65,10548.0,32025.0,,,,5.45,50102.0,87975.0,804.25,3201.0,450.0,4.45,12413.0,14175.0,,,,3.75,36779.0,99900.0,,,,3.25,14446.0,21150.0,,,,2.8,30590.0,42300.0,997.5,454.0,75.0,2.5,6213.0,52200.0,,,,2.25,36205.0,24825.0,,,,2.05,4929.0,4200.0,,,,1.85,14481.0,137325.0,,,,1.75,0.0,26700.0,,,,1.7,84528.0,33675.0,,,,1.45,2688.0,6225.0,,,,1.35,9198.0,33750.0,,,,1.25,0.0,11025.0,,,,1.15,21049.0,24600.0,,,
2025-08-14,2025-08-08 10:00:00+05:30,bullish,0.0062977103134964,83,131,12294.05,69,1184156.0,69,9738075.0,69,12.784274200358736,12.4121850369892,2.0,0.08428872547198173,11.636278217204119,14.07775331564332,2,0.11908411056599995,-13.076557359047671,7.571251902975236,-24,0.09760412557293976,22131.649999999998,62,948133.0,62,11357925.0,62,-10.354221401427859,11.870247795573677,0.0,0.10677404963227732,-4.478410449091713,7.262401231122182,0,0.18800969367203957,20.78427500886739,11.317346230076343,42,0.09479862549787298,0.8006825114258594,-0.11068996744812734,1.166341910490523,0.07678469852104665,1.8001919627787424,0.2857632524538353,,,,2.55,39081.0,41700.0,,,,2.65,2458.0,4800.0,,,,2.75,10750.0,14400.0,,,,2.9,1398.0,10425.0,,,,3.1,19866.0,51825.0,,,,3.25,2514.0,12900.0,1199.95,48.0,225.0,3.6,21602.0,156525.0,,,,3.7,2956.0,47175.0,,,,4.05,13345.0,36525.0,,,,4.3,2914.0,58500.0,1001.0,0.0,525.0,4.75,51159.0,116550.0,952.95,0.0,150.0,5.2,3540.0,70725.0,903.7,0.0,75.0,5.7,25716.0,132450.0,850.1,15.0,75.0,6.45,5244.0,63675.0,804.15,0.0,375.0,7.25,23838.0,193350.0,,,,8.25,5556.0,91500.0,712.25,439.0,1125.0,9.45,31086.0,219450.0,657.5,0.0,675.0,10.9,6768.0,148725.0,618.55,185.0,675.0,12.85,18905.0,204150.0,563.15,36.0,225.0,15.15,7089.0,156600.0,525.0,3772.0,4800.0,18.25,59316.0,503700.0,470.15,0.0,525.0,21.75,11136.0,151725.0,431.25,835.0,2475.0,26.25,26073.0,250500.0,390.0,257.0,1575.0,31.95,12824.0,238425.0,346.0,4139.0,12525.0,39.1,48069.0,517200.0,305.0,673.0,9225.0,48.5,15222.0,329400.0,265.4,7184.0,57300.0,59.6,36379.0,521925.0,228.75,2392.0,35775.0,73.15,27862.0,430725.0,195.4,19439.0,216750.0,89.2,54725.0,1122150.0,165.3,12077.0,318375.0,108.6,41032.0,1154325.0,138.0,85610.0,1032375.0,130.8,101236.0,2135400.0,113.15,46242.0,600675.0,155.75,34479.0,753900.0,91.3,99811.0,1159650.0,184.6,47828.0,706875.0,73.0,34901.0,318375.0,217.1,14073.0,283425.0,58.3,71262.0,499875.0,251.9,17058.0,196500.0,45.95,27339.0,319425.0,287.45,3597.0,27825.0,35.85,60255.0,616875.0,328.4,7509.0,67725.0,27.75,17977.0,410700.0,367.0,850.0,8625.0,21.4,43892.0,251100.0,413.7,5142.0,9675.0,16.4,16434.0,196800.0,457.95,398.0,3225.0,12.9,85543.0,429150.0,506.3,8402.0,18825.0,9.8,15644.0,113850.0,554.0,201.0,1500.0,7.6,48582.0,197325.0,598.85,2078.0,1050.0,6.0,11469.0,59775.0,655.7,0.0,225.0,4.85,40844.0,93900.0,703.75,0.0,1050.0,4.05,13617.0,78675.0,754.6,251.0,75.0,3.3,43113.0,150525.0,802.15,0.0,450.0,2.9,17910.0,65475.0,837.95,0.0,150.0,2.4,29473.0,229425.0,894.15,0.0,525.0,2.2,7587.0,20100.0,,,,2.0,56829.0,45075.0,994.3,0.0,4125.0,1.85,9582.0,19350.0,1050.45,95.0,225.0,1.75,32574.0,41700.0,,,,1.6,6297.0,14325.0,,,,1.5,22629.0,23100.0,,,,1.45,4493.0,1050.0,1248.55,27.0,225.0,1.35,15178.0,45825.0,1298.35,0.0,150.0,1.25,2394.0,23100.0,1349.25,50.0,150.0,1.2,8943.0,21000.0,1398.75,18.0,150.0,1.15,2118.0,63825.0,1448.85,12.0,0.0,1.2,62916.0,811725.0,1498.25,999.0,300.0
2025-08-21,2025-08-14 10:00:00+05:30,bullish,0.0182800216778404,62,87,6425.250000000001,41,292508.0,41,951450.0,41,9.029794056914684,9.00872475258085,17.0,0.09527944534850329,7.19880182878764,12.1307210166727,1,0.1364496295128488,-12.801470759892608,13.153851650851468,-33,0.26029337379868484,5920.05,46,337789.0,46,992475.0,46,-14.28591221146929,13.796646587228945,-41.0,0.11906249167379636,-4.586261618680571,8.830014243619782,-1,0.16882037330915137,7.221661979206257,7.493579080072025,17,0.1393569311070008,1.1548026036894719,0.07184073539934348,1.043118398234274,0.021104209267332846,0.9213727092331037,-0.040922456319409065,,,,3.4,247.0,150.0,,,,3.6,9236.0,1650.0,,,,3.95,627.0,150.0,,,,4.1,5718.0,22950.0,,,,,,,,,,4.8,0.0,2250.0,,,,5.05,0.0,150.0,,,,5.55,19319.0,14625.0,,,,,,,,,,6.35,0.0,2025.0,,,,6.85,0.0,1200.0,,,,7.7,13433.0,10050.0,,,,8.3,0.0,225.0,,,,9.4,16573.0,5325.0,,,,10.3,2499.0,750.0,,,,11.45,9203.0,5550.0,737.65,10.0,150.0,12.8,3705.0,1425.0,,,,14.7,24747.0,15525.0,,,,16.85,3602.0,1875.0,590.0,0.0,300.0,19.55,10093.0,12000.0,,,,22.45,3985.0,29175.0,504.0,0.0,300.0,26.55,15797.0,37725.0,,,,30.75,6490.0,11175.0,415.85,0.0,1350.0,37.1,14301.0,36825.0,368.3,0.0,75.0,44.25,4833.0,14550.0,330.2,2591.0,4725.0,53.4,15489.0,53475.0,292.6,1677.0,8100.0,63.9,5820.0,30150.0,254.4,10838.0,33975.0,77.0,20634.0,109275.0,220.0,3136.0,15075.0,92.4,6404.0,47925.0,187.35,21486.0,100425.0,109.3,27009.0,167550.0,158.85,8622.0,80025.0,130.6,10100.0,110175.0,132.3,23616.0,129825.0,153.8,15623.0,114375.0,109.75,5911.0,28275.0,181.35,0.0,21150.0,89.75,18609.0,75450.0,211.75,5328.0,49800.0,72.5,8444.0,40350.0,242.4,631.0,5775.0,58.5,18363.0,97725.0,279.35,2689.0,11175.0,46.65,3906.0,24000.0,318.15,0.0,2175.0,36.75,26844.0,66600.0,355.0,5530.0,11700.0,28.7,6565.0,16800.0,399.9,0.0,75.0,22.8,12993.0,39000.0,442.8,0.0,1350.0,17.8,4412.0,15825.0,487.1,0.0,75.0,14.1,15066.0,30825.0,540.0,969.0,450.0,11.1,4167.0,6675.0,,,,8.95,15309.0,9675.0,629.0,0.0,75.0,6.9,0.0,5025.0,,,,5.75,12575.0,17775.0,,,,5.0,0.0,1200.0,,,,4.25,27870.0,8400.0,825.0,0.0,75.0,3.65,4983.0,1650.0,,,,3.15,0.0,2475.0,,,,2.6,2930.0,675.0,,,,2.35,0.0,450.0,,,,,,,,,,1.95,9764.0,2625.0,,,,,,,,,,1.7,0.0,150.0,,,,,,,,,,1.55,16746.0,2700.0,,,,,,,,,,1.35,2288.0,375.0,,,,,,,,,
2025-08-28,2025-08-21 10:00:00+05:30,bearish,-0.0240532170206833,78,105,9172.05,42,580351.0,42,1132725.0,42,6.533747680283139,11.307657828439073,18.0,0.13419465116800006,3.52367079388201,5.552559191298974,0,0.18016288154671256,-17.26710495472659,15.305017389154848,-42,0.23330117040356302,7600.549999999999,63,742829.0,63,1540500.0,63,-14.486871137233468,15.345796948323473,-2.0,0.0993229935826415,-10.007789678675755,11.632009259722805,-2,0.1349561830574489,17.96172645400662,15.90799236772372,38,0.24503489879021917,1.2799650556301272,0.12279357305884309,1.3599947030391313,0.15254047077967622,0.828664257172606,-0.09369447789847729,,,,3.1,4975.0,38325.0,,,,3.35,0.0,600.0,,,,3.4,10022.0,34425.0,,,,3.5,1399.0,150.0,,,,3.7,23575.0,41325.0,,,,4.0,1966.0,2625.0,,,,4.35,14762.0,21000.0,,,,4.55,1981.0,1800.0,1144.45,0.0,225.0,5.0,68993.0,65475.0,,,,5.3,1965.0,10500.0,,,,5.7,11600.0,23775.0,,,,6.25,4258.0,34275.0,,,,6.6,26270.0,12750.0,894.0,0.0,75.0,7.1,5556.0,10200.0,,,,7.75,19723.0,20850.0,,,,8.65,5894.0,5325.0,,,,9.7,20458.0,37425.0,,,,11.0,7437.0,33600.0,651.45,13084.0,1350.0,12.6,50797.0,83400.0,,,,14.35,5999.0,12825.0,557.05,0.0,4875.0,16.6,24831.0,42450.0,507.1,0.0,600.0,19.7,6865.0,10725.0,463.95,8328.0,3525.0,23.55,27269.0,56400.0,416.35,0.0,1500.0,28.1,7385.0,16200.0,374.0,11319.0,10800.0,33.9,36891.0,101700.0,330.75,1537.0,2700.0,41.35,7564.0,34575.0,289.65,11121.0,14250.0,50.2,35440.0,86100.0,251.55,4445.0,12675.0,62.2,10782.0,48300.0,215.7,63584.0,81075.0,75.8,73780.0,207900.0,182.75,8457.0,53700.0,92.75,12584.0,59475.0,152.0,37421.0,204075.0,111.95,28050.0,164475.0,125.15,9250.0,65625.0,135.05,4172.0,35325.0,101.45,49267.0,128325.0,161.35,22040.0,44625.0,81.55,7840.0,37425.0,191.55,1500.0,7275.0,64.3,36678.0,187125.0,224.5,7687.0,15825.0,50.15,6503.0,26250.0,259.95,854.0,2175.0,38.85,23933.0,39750.0,298.5,4535.0,12450.0,29.9,5745.0,21150.0,340.7,0.0,150.0,23.4,64074.0,101475.0,382.7,20634.0,11775.0,17.7,4862.0,12525.0,,,,13.45,17769.0,14175.0,470.55,2883.0,2850.0,10.4,4517.0,3300.0,522.2,0.0,75.0,7.9,22394.0,18000.0,568.0,0.0,300.0,6.15,8991.0,4050.0,,,,5.0,24264.0,20175.0,,,,4.05,0.0,2250.0,,,,3.35,11503.0,24675.0,,,,2.95,4479.0,2025.0,,,,2.6,77880.0,16125.0,,,,2.3,2928.0,4725.0,,,,1.9,8938.0,1125.0,,,,1.8,1092.0,600.0,,,,1.55,0.0,300.0,,,,1.45,937.0,375.0,,,,1.25,0.0,7350.0,,,,,,,,,,1.15,0.0,75.0,,,,,,,,,,1.0,0.0,75.0,,,,,,,,,,,,,1456.4,0.0,75.0
2025-09-02,2025-08-26 10:00:00+05:30,bearish,-0.0087192185773397,66,90,6789.199999999998,46,231293.0,46,572550.0,46,11.016247789600204,10.313944737300767,4.0,0.11419714388243483,6.834948912758711,8.621779663907736,0,0.15679853287922452,-10.799077947328113,9.932229426489323,-26,0.19575944146585758,5172.2,44,166698.0,44,532725.0,44,-7.3710002519526325,11.107385858996313,4.0,0.08698364707435002,-4.9135576516964665,8.305318077983564,0,0.17893847669998592,8.402594640578478,8.731466168186092,20,0.18792776768106415,0.7207222008448159,-0.16230266513564376,0.9304427560911711,-0.03603175680260569,0.7618276085547636,-0.13518484458340985,,,,3.6,0.0,75.0,,,,3.95,0.0,75.0,,,,4.05,0.0,1425.0,,,,4.3,0.0,150.0,1329.05,31.0,900.0,4.65,5909.0,3525.0,,,,4.85,0.0,225.0,,,,5.05,957.0,1200.0,,,,5.35,740.0,675.0,,,,5.7,2011.0,11025.0,,,,,,,,,,6.4,3114.0,12525.0,,,,7.0,415.0,2550.0,,,,7.45,3354.0,26850.0,,,,8.6,0.0,225.0,837.0,0.0,2250.0,9.45,14211.0,9300.0,,,,10.1,1137.0,1725.0,739.95,0.0,75.0,11.45,3369.0,11400.0,,,,12.8,752.0,4275.0,,,,14.35,6777.0,20400.0,584.85,29.0,75.0,16.4,1570.0,1350.0,,,,19.1,7454.0,23550.0,,,,22.35,0.0,3225.0,453.7,1118.0,975.0,26.1,6637.0,5025.0,406.55,0.0,75.0,31.3,3327.0,6375.0,366.0,2538.0,2700.0,37.25,12464.0,44925.0,323.65,0.0,450.0,45.0,2727.0,7350.0,285.0,1920.0,4500.0,54.7,8862.0,31050.0,246.9,537.0,1350.0,66.75,2806.0,9450.0,212.0,3387.0,15525.0,81.25,10161.0,39975.0,178.85,2816.0,17850.0,98.5,3564.0,41475.0,149.5,12671.0,89775.0,118.7,14197.0,95325.0,123.2,4050.0,18525.0,142.15,4954.0,14100.0,100.55,18319.0,43275.0,170.7,9745.0,31950.0,80.95,9402.0,16950.0,201.1,2955.0,5550.0,65.25,26413.0,74175.0,235.85,14500.0,48825.0,52.45,4774.0,10650.0,275.0,1202.0,975.0,42.0,13265.0,65700.0,311.85,4475.0,6675.0,33.8,3366.0,13575.0,,,,27.3,14271.0,38475.0,396.5,2838.0,1050.0,22.15,4510.0,5475.0,,,,17.95,11016.0,30825.0,487.0,1341.0,1275.0,14.7,6202.0,10500.0,544.2,102.0,1125.0,12.3,7937.0,14775.0,,,,10.1,2345.0,4575.0,,,,8.75,13903.0,13125.0,681.45,0.0,75.0,7.55,2517.0,1275.0,,,,6.45,8157.0,11775.0,,,,5.75,2051.0,300.0,,,,5.0,6684.0,5700.0,,,,4.65,0.0,225.0,,,,4.3,6425.0,8475.0,972.0,30.0,75.0,,,,,,,3.75,2733.0,4125.0,,,,3.5,816.0,2175.0,,,,3.3,12390.0,10425.0,,,,3.05,537.0,225.0,,,,2.8,2404.0,2400.0,,,,,,,,,,2.45,3575.0,3450.0,,,,2.3,0.0,1050.0,,,,2.05,0.0,4500.0,,,
2025-09-09,2025-09-03 10:00:00+05:30,bullish,0.0118071151905736,84,111,4377.849999999999,55,1277589.0,55,12373950.0,55,10.87407609176347,11.223647635666632,0.0,0.089179697070028,5.067557247281588,6.946700372148198,0,0.150630962627132,-5.922758888495495,5.458958566645527,-12,0.14063981177975493,7761.799999999999,56,1084352.0,56,10969725.0,56,-10.973203350941391,12.333641128748154,-2.0,0.10881982972318952,-5.840923541839016,7.678149423733088,0,0.13289075159131153,10.910446030559925,7.955582448935573,22,0.1394843979489294,0.8487486977423881,-0.08181279718672058,0.8865176439213024,-0.06015441013465103,1.772970750482543,0.2787518585791189,,,,2.05,5991.0,73950.0,,,,2.15,2227.0,11625.0,,,,2.2,17106.0,34950.0,,,,2.35,1159.0,13875.0,,,,2.4,22566.0,104550.0,,,,2.6,2830.0,21750.0,,,,2.75,17549.0,82875.0,,,,2.85,4388.0,37725.0,,,,3.1,47472.0,48150.0,,,,3.3,4446.0,29250.0,,,,3.5,21906.0,177450.0,,,,3.85,10927.0,85275.0,,,,4.05,21015.0,134700.0,,,,4.45,9866.0,32850.0,,,,5.0,28358.0,114375.0,,,,5.5,6714.0,49500.0,,,,6.2,21935.0,114225.0,,,,7.3,8775.0,65775.0,615.7,3090.0,3225.0,8.55,61015.0,518325.0,,,,10.1,12411.0,225525.0,515.75,582.0,450.0,12.35,24909.0,246225.0,471.05,0.0,75.0,15.25,13435.0,154050.0,419.9,1227.0,3225.0,18.95,39025.0,716475.0,381.8,249.0,4425.0,23.65,19936.0,204225.0,332.45,3308.0,24375.0,29.9,47128.0,763500.0,289.3,1218.0,12825.0,38.15,32185.0,496500.0,249.15,7851.0,135075.0,48.6,56310.0,684000.0,212.3,4882.0,118125.0,61.65,28408.0,555225.0,178.4,54030.0,698175.0,77.75,117999.0,1299900.0,147.8,41279.0,1060350.0,96.45,63868.0,1172100.0,120.0,113935.0,1863900.0,119.1,89010.0,1457775.0,96.1,51059.0,1050450.0,145.1,24835.0,461250.0,75.65,95540.0,1141200.0,174.6,34807.0,351450.0,58.85,36194.0,601650.0,207.7,7092.0,91800.0,44.95,86169.0,740775.0,244.1,19743.0,98625.0,34.4,33011.0,410475.0,283.35,1793.0,20625.0,25.95,49635.0,555600.0,324.55,7692.0,19575.0,19.65,23088.0,342750.0,366.1,1038.0,2625.0,15.05,89368.0,834375.0,410.0,9132.0,10200.0,11.35,19277.0,206325.0,455.75,356.0,825.0,8.75,40354.0,324975.0,503.95,1515.0,300.0,6.9,20913.0,194925.0,,,,5.45,40191.0,176325.0,598.3,0.0,300.0,4.35,19579.0,102300.0,,,,3.65,33057.0,326850.0,694.0,0.0,450.0,3.1,17089.0,143550.0,735.3,52.0,150.0,2.6,34464.0,365625.0,,,,2.25,10768.0,99225.0,,,,2.1,71618.0,218700.0,895.0,0.0,150.0,1.85,11670.0,75525.0,,,,1.65,31298.0,132675.0,,,,1.55,3864.0,1950.0,,,,1.45,23049.0,106725.0,1082.65,151.0,300.0,1.3,3168.0,5325.0,,,,1.25,20034.0,78000.0,,,,1.15,0.0,150.0,,,,,,,,,,0.95,4899.0,23775.0,,,,0.95,66617.0,109275.0,,,,0.9,4857.0,2700.0,,,,0.75,22431.0,3750.0,,,
2025-09-16,2025-09-10 10:00:00+05:30,bullish,0.0095458281750928,78,110,11186.050000000003,51,894942.0,51,5498775.0,51,7.5999461417611425,9.262906393839604,0.0,0.11995414227961142,4.862010174993522,5.972207817300546,0,0.16022204945646984,-13.545527688504874,8.950268967551578,-30,0.13758654753018265,5238.8,59,1323834.0,59,4470900.0,59,-11.939578527217158,12.946387068799169,0.0,0.1181281036746299,-8.036200764946654,10.21691193649223,0,0.1594980876333624,6.952059631976788,6.924965289819716,14,0.1266511414827823,1.4792399954410453,0.19330117145669504,0.8130720024005347,-0.1031001512085399,0.4683333258835781,-0.36208854266553436,1539.05,0.0,225.0,2.5,45006.0,55275.0,,,,2.6,2711.0,1575.0,,,,2.7,14478.0,30825.0,,,,2.8,3485.0,12075.0,,,,2.95,30198.0,35475.0,,,,3.15,5522.0,3825.0,,,,3.3,31519.0,40275.0,,,,3.5,5527.0,6375.0,,,,3.75,19969.0,36675.0,,,,4.0,8097.0,18750.0,1042.5,2035.0,450.0,4.3,79514.0,57900.0,,,,4.6,8837.0,3225.0,943.25,0.0,450.0,4.9,31605.0,172275.0,,,,5.35,11493.0,12600.0,843.45,0.0,225.0,5.85,40358.0,109950.0,,,,6.55,9429.0,67275.0,744.25,0.0,150.0,7.25,33177.0,80775.0,693.5,85.0,150.0,8.15,9544.0,28800.0,646.65,0.0,75.0,9.4,27260.0,140625.0,598.35,463.0,2925.0,10.9,15334.0,237225.0,546.75,7867.0,1650.0,12.95,55078.0,274425.0,502.45,565.0,375.0,15.45,14932.0,62025.0,454.3,5055.0,2700.0,18.8,37434.0,130500.0,406.85,1176.0,1425.0,23.0,19389.0,77550.0,362.85,8394.0,17550.0,28.55,48997.0,191700.0,318.75,2934.0,5850.0,35.55,32568.0,110100.0,278.45,23969.0,63075.0,44.45,89424.0,276300.0,240.0,13548.0,42975.0,55.65,48944.0,185475.0,203.6,43433.0,308325.0,69.4,104358.0,306750.0,170.2,26187.0,256650.0,85.9,83112.0,285675.0,140.3,107352.0,881025.0,105.95,156382.0,713100.0,113.4,43955.0,487425.0,129.2,25725.0,254175.0,90.55,60666.0,581025.0,156.55,28499.0,154350.0,70.85,21295.0,232575.0,186.25,5610.0,31725.0,54.35,50775.0,372075.0,220.7,9747.0,31875.0,41.55,20522.0,241050.0,256.95,1873.0,5250.0,31.25,42399.0,246600.0,296.1,3578.0,6900.0,23.3,19930.0,115350.0,339.55,351.0,525.0,17.45,34435.0,213150.0,381.9,1597.0,2700.0,12.95,16523.0,143250.0,426.5,0.0,225.0,9.9,64201.0,234900.0,474.65,3321.0,3600.0,7.4,10922.0,87975.0,518.9,0.0,225.0,5.75,30007.0,110550.0,565.8,0.0,75.0,4.45,11815.0,95625.0,,,,3.6,32154.0,150000.0,663.5,191.0,225.0,3.0,7738.0,241800.0,,,,2.45,22842.0,247350.0,,,,2.1,5757.0,27450.0,,,,1.9,14223.0,10725.0,,,,1.65,6543.0,1200.0,,,,1.55,56716.0,33375.0,,,,1.4,3312.0,1575.0,,,,1.2,6869.0,5325.0,,,,1.15,1449.0,975.0,,,,1.05,11205.0,8850.0,,,,1.05,2214.0,1875.0,,,,0.9,11956.0,13575.0,,,,0.9,0.0,75.0,,,,0.8,5191.0,900.0,,,,0.8,0.0,2100.0,,,,0.7,36265.0,2475.0,,,
2025-09-23,2025-09-17 10:00:00+05:30,bearish,-0.0059576585631714,86,118,10483.85,52,995492.0,52,6986400.0,52,7.870284241360051,8.979615384768627,0.0,0.09647691794610103,5.729742785984198,6.61642397694325,0,0.13018507385778083,-12.16572633145266,8.051087189910564,-26,0.1304864148189835,5226.0,66,1108147.0,66,6036750.0,66,-12.341923048115458,14.006324640789275,0.0,0.09363107963113197,-6.063672505901354,12.236097650196598,0,0.2209218536464157,7.776109835438193,7.454581026734329,14,0.1215078453884424,1.11316514848939,0.05355243936816155,0.8640716248711783,-0.07292014604761521,0.4984809969619939,-0.3346849269725682,,,,2.9,21069.0,55650.0,,,,3.0,1832.0,7725.0,,,,3.0,13584.0,19500.0,,,,3.2,0.0,8775.0,1368.0,1248.0,75.0,3.35,56394.0,97275.0,,,,3.5,3179.0,8700.0,,,,3.65,17462.0,41775.0,,,,3.7,2784.0,3225.0,,,,3.95,27137.0,27075.0,,,,4.1,7030.0,41775.0,1068.25,148.0,150.0,4.35,24735.0,54975.0,,,,4.6,5213.0,28050.0,,,,4.8,25038.0,24375.0,,,,5.15,9731.0,21975.0,869.75,1979.0,225.0,5.5,60093.0,84975.0,,,,5.75,9542.0,46125.0,772.05,0.0,150.0,6.25,26496.0,69900.0,720.0,141.0,375.0,6.75,7583.0,12225.0,673.25,0.0,375.0,7.45,24312.0,59100.0,621.0,0.0,450.0,8.35,10197.0,18150.0,578.0,0.0,2025.0,9.45,32306.0,168750.0,531.85,0.0,600.0,10.85,10211.0,37425.0,483.85,3380.0,1500.0,12.85,30780.0,56700.0,436.25,0.0,2025.0,15.25,15857.0,52875.0,389.55,19456.0,12450.0,18.95,67681.0,213000.0,344.6,2663.0,18450.0,23.3,27754.0,118275.0,300.15,15078.0,38325.0,29.35,57321.0,249825.0,258.7,7299.0,31425.0,36.9,48589.0,306075.0,218.95,45661.0,191775.0,47.6,91253.0,450225.0,182.1,28365.0,207975.0,60.55,46737.0,369075.0,148.7,96042.0,909525.0,77.1,103757.0,1333650.0,119.1,61561.0,789075.0,97.75,42936.0,720375.0,93.55,78880.0,782025.0,121.9,34456.0,466125.0,71.7,33026.0,311925.0,150.4,8445.0,151425.0,54.15,75321.0,767025.0,182.8,16322.0,151650.0,40.35,23109.0,237450.0,219.55,1578.0,20400.0,29.6,48832.0,418200.0,257.55,2838.0,24750.0,21.75,17396.0,171450.0,303.05,521.0,3150.0,16.15,38057.0,239850.0,344.2,1078.0,3750.0,12.05,20642.0,264375.0,389.85,217.0,975.0,9.25,40448.0,212400.0,436.65,0.0,2400.0,7.1,13302.0,133425.0,487.0,66.0,1200.0,5.6,25145.0,74775.0,533.7,103.0,75.0,4.5,13092.0,45450.0,586.5,0.0,75.0,3.8,81329.0,225150.0,635.0,0.0,750.0,3.1,13269.0,85125.0,,,,2.7,20997.0,92400.0,,,,2.25,7926.0,212325.0,,,,2.1,29637.0,45225.0,,,,1.9,4405.0,108375.0,,,,1.8,21389.0,23400.0,,,,1.6,3012.0,38400.0,,,,1.45,12183.0,172350.0,,,,1.35,2643.0,42450.0,,,,1.4,38310.0,35250.0,,,,1.3,4527.0,10650.0,,,,1.15,9030.0,3675.0,,,,1.2,0.0,75.0,,,,1.15,10776.0,1575.0,,,,1.1,0.0,450.0,,,,0.95,16422.0,2100.0,,,
2025-09-30,2025-09-24 10:00:00+05:30,bearish,-0.0191537440667631,91,124,11388.9,59,1591426.0,59,7591575.0,59,10.535147722859875,10.543775366661805,18.0,0.09144503106019382,6.735084616828524,8.241803222500899,0,0.15266594876557235,-17.372336222111002,13.764312082647375,-42,0.1881832310407502,7851.549999999999,65,1230245.0,65,4647525.0,65,-10.247811614759662,13.627229140664527,-2.0,0.10219590406788892,-5.837397324382333,9.799483694021651,0,0.17096196362580082,15.83438938808261,14.159005221213244,38,0.23744993026854572,0.7730456835567597,-0.12800252049228986,0.6121950978551881,-0.2405446478907763,0.6894037176549096,-0.18384965008614668,,,,2.7,9117.0,27600.0,,,,2.85,0.0,8400.0,,,,3.0,19156.0,37500.0,,,,3.05,0.0,3525.0,,,,3.25,31645.0,94275.0,,,,3.25,2154.0,5700.0,,,,3.35,13409.0,22350.0,,,,3.5,4144.0,8925.0,1148.3,0.0,1125.0,3.65,71425.0,110850.0,,,,3.7,3363.0,17925.0,1048.5,167.0,150.0,3.85,14720.0,27600.0,,,,4.1,3639.0,19050.0,942.95,717.0,300.0,4.25,29499.0,55425.0,,,,4.45,5275.0,31725.0,,,,4.7,21190.0,56925.0,,,,5.15,8349.0,28950.0,747.0,0.0,150.0,5.7,23166.0,32325.0,,,,6.2,8438.0,17700.0,649.0,13746.0,1800.0,7.1,77724.0,120300.0,598.5,834.0,75.0,8.25,10529.0,67950.0,551.5,4173.0,525.0,9.6,36029.0,49650.0,500.35,0.0,375.0,11.5,12816.0,44475.0,456.9,12517.0,2100.0,14.1,58465.0,99150.0,410.0,1045.0,750.0,17.5,16540.0,75975.0,364.0,11107.0,13425.0,22.05,48522.0,199200.0,320.4,1153.0,8700.0,27.7,22281.0,226050.0,276.9,15813.0,40575.0,35.35,61761.0,346200.0,237.0,3741.0,44325.0,45.15,26946.0,157125.0,199.4,68333.0,410475.0,57.5,125726.0,473550.0,164.75,28578.0,446325.0,73.05,55622.0,487350.0,134.25,106369.0,1158975.0,91.7,108715.0,794550.0,106.35,55442.0,501600.0,114.7,36317.0,265875.0,83.35,117552.0,917100.0,141.35,55412.0,291150.0,64.45,42629.0,336525.0,172.55,13488.0,62925.0,49.1,97185.0,370125.0,207.2,34728.0,80025.0,37.4,36027.0,173325.0,244.85,5648.0,7950.0,28.35,67470.0,277050.0,286.1,16560.0,16275.0,21.55,30666.0,132450.0,328.0,1794.0,1125.0,16.7,118569.0,265575.0,374.0,23168.0,16425.0,12.75,24225.0,114000.0,420.9,836.0,825.0,9.85,57001.0,169725.0,466.9,4594.0,1425.0,7.9,21274.0,87450.0,,,,6.35,42293.0,154050.0,563.0,0.0,1800.0,5.2,18680.0,79050.0,610.6,0.0,75.0,4.4,48945.0,165375.0,666.4,0.0,600.0,3.8,22105.0,124125.0,,,,3.3,35188.0,456150.0,,,,2.95,14910.0,188325.0,,,,2.75,145528.0,296850.0,860.0,0.0,1500.0,2.45,15194.0,75150.0,,,,2.15,49249.0,105300.0,,,,1.95,13294.0,12000.0,,,,1.8,43353.0,147225.0,,,,1.65,0.0,9750.0,,,,1.55,38117.0,43725.0,,,,1.5,0.0,525.0,,,,1.35,26173.0,9300.0,,,,1.35,0.0,6225.0,,,,1.3,69150.0,182925.0,,,,1.3,2475.0,5400.0,,,,1.2,16818.0,1950.0,,,
2025-10-07,2025-09-30 10:00:00+05:30,bullish,0.0182102050954509,72,92,3360.15,45,224581.0,45,624900.0,45,10.172730551560461,8.333558458508843,7.0,0.18394254188911796,14.114858377340374,12.729020941918849,35,0.1116178588574172,-2.852164337901582,7.517967261439405,-13,0.21991577756945374,5583.099999999999,47,199877.0,47,459075.0,47,-8.731424826268155,10.3091917039735,1.0,0.1382200053032615,-5.431302074824375,9.509772465458397,1,0.1396830583238033,7.544536189572101,7.89685958931361,17,0.13881177123820101,0.8899995992537214,-0.05820128257683917,0.734637542006721,-0.1529786203556355,1.661562727854411,0.24856176445922895,,,,4.3,0.0,225.0,,,,4.25,0.0,3900.0,,,,,,,,,,4.65,2503.0,75.0,,,,5.0,673.0,300.0,,,,5.45,0.0,1125.0,,,,,,,,,,6.15,19859.0,18675.0,,,,6.35,0.0,4725.0,,,,6.95,3360.0,6150.0,,,,7.15,0.0,2625.0,,,,7.9,0.0,4500.0,,,,8.7,0.0,1350.0,,,,9.65,12603.0,26925.0,,,,10.45,0.0,2025.0,,,,11.75,10888.0,6900.0,,,,13.15,1509.0,750.0,738.95,0.0,75.0,14.95,23837.0,7500.0,,,,16.9,0.0,3375.0,,,,19.25,0.0,4875.0,,,,22.35,0.0,4575.0,,,,26.05,0.0,5850.0,,,,30.7,3711.0,2250.0,,,,35.65,14108.0,39150.0,413.5,103.0,300.0,42.0,0.0,5250.0,,,,49.85,0.0,8250.0,335.15,0.0,1275.0,59.15,0.0,6900.0,293.8,5169.0,7950.0,69.7,23805.0,43875.0,257.4,0.0,825.0,82.45,5370.0,11475.0,222.45,6716.0,25575.0,98.5,20360.0,32925.0,190.6,5814.0,21375.0,116.25,8901.0,32400.0,160.65,23533.0,61725.0,136.4,27627.0,64125.0,133.8,0.0,18450.0,158.6,0.0,34725.0,110.85,0.0,67950.0,186.25,0.0,33975.0,91.15,7253.0,9300.0,215.65,0.0,1125.0,73.75,24576.0,32325.0,249.35,12843.0,16725.0,59.4,6792.0,8625.0,285.05,0.0,300.0,48.15,41310.0,23700.0,322.95,0.0,4125.0,38.35,0.0,12600.0,360.2,0.0,75.0,30.9,0.0,24375.0,406.7,0.0,450.0,24.8,0.0,3450.0,,,,20.1,22334.0,6150.0,493.0,0.0,150.0,16.45,0.0,2475.0,549.3,0.0,1500.0,13.65,18841.0,7725.0,,,,11.2,3633.0,1350.0,632.0,0.0,150.0,9.35,14374.0,31425.0,,,,7.95,0.0,600.0,,,,6.7,0.0,18000.0,775.0,0.0,450.0,5.7,0.0,3675.0,,,,4.95,12630.0,13650.0,,,,4.35,0.0,2325.0,,,,3.8,11212.0,29250.0,,,,3.2,0.0,3075.0,,,,2.95,0.0,30825.0,,,,2.75,0.0,600.0,,,,2.4,14059.0,3225.0,,,,2.15,0.0,450.0,,,,2.35,0.0,18150.0,,,,2.05,0.0,1200.0,,,,2.05,0.0,11025.0,,,,,,,,,
2025-10-14,2025-10-07 10:00:00+05:30,bearish,-0.0014236726783909,76,99,6299.000000000001,48,224629.0,48,1931475.0,48,5.118666779445219,8.16705054429515,16.0,0.1631890806618914,9.754319885061934,9.462617217422219,16,0.15268124102046363,-8.04830925543737,6.210013211621798,-16,0.13302905223051276,3582.35,51,243287.0,51,1016175.0,51,-9.615252767307748,9.133276001975927,-4.0,0.16651937834738395,-9.340615543582553,11.64073064836474,0,0.12849656801239945,4.86500481527489,9.141093770961389,16,0.2182505896967075,1.0830614034697212,0.039874678361073355,0.5261134625092222,-0.31051854867436773,0.5687172567074138,-0.2749270089613262,,,,4.2,0.0,4650.0,,,,,,,,,,4.6,0.0,5175.0,,,,4.7,0.0,375.0,,,,5.1,0.0,2025.0,,,,,,,,,,5.6,0.0,27750.0,,,,5.7,0.0,5625.0,,,,6.05,0.0,32250.0,,,,6.25,0.0,6825.0,,,,6.55,10818.0,8700.0,,,,7.05,3271.0,4500.0,,,,7.5,11004.0,12150.0,,,,8.2,0.0,4650.0,837.95,0.0,75.0,8.9,0.0,7350.0,,,,9.8,0.0,7500.0,731.6,2267.0,525.0,10.85,20879.0,49425.0,,,,12.1,0.0,9525.0,635.25,0.0,6525.0,13.55,14698.0,31650.0,,,,15.6,4670.0,19725.0,540.0,2826.0,2100.0,17.9,16924.0,16875.0,490.6,0.0,1650.0,20.75,8596.0,16500.0,445.0,0.0,35775.0,24.5,0.0,42075.0,402.1,1623.0,450.0,29.05,8015.0,15375.0,356.65,7929.0,11700.0,34.8,22559.0,96525.0,313.85,1696.0,4275.0,42.15,9650.0,16350.0,274.35,18438.0,37650.0,51.85,40512.0,108750.0,235.35,4504.0,9750.0,62.9,7547.0,13725.0,199.5,17052.0,74400.0,76.65,21831.0,110550.0,166.1,0.0,44700.0,93.95,0.0,64800.0,136.6,25723.0,162900.0,114.0,15497.0,130575.0,110.45,8448.0,57975.0,138.2,2129.0,24225.0,88.05,17368.0,103425.0,165.7,5169.0,24750.0,69.0,6957.0,40725.0,197.25,777.0,1575.0,54.2,20769.0,145050.0,230.85,0.0,4950.0,41.55,0.0,30000.0,268.4,0.0,2025.0,32.35,0.0,75750.0,309.45,0.0,2625.0,24.95,6489.0,34275.0,345.8,101.0,150.0,19.65,0.0,94950.0,394.95,0.0,1275.0,15.25,3996.0,18825.0,,,,12.5,0.0,69975.0,,,,10.0,3912.0,20175.0,,,,8.15,20822.0,54825.0,,,,6.75,0.0,19425.0,,,,5.65,8544.0,55800.0,,,,4.7,3639.0,31950.0,,,,4.25,36657.0,294900.0,781.85,0.0,1200.0,3.5,1877.0,36900.0,,,,3.0,0.0,17775.0,,,,2.6,0.0,6900.0,,,,2.4,0.0,65400.0,,,,2.05,294.0,9075.0,,,,1.8,0.0,37725.0,,,,,,,,,,1.5,0.0,15900.0,,,,1.25,0.0,225.0,,,,1.05,0.0,176100.0,,,,0.95,0.0,5550.0,,,,0.9,2799.0,3900.0,,,,0.9,0.0,75.0,,,,0.85,0.0,3600.0,,,
2025-11-04,2025-10-29 10:00:00+05:30,bearish,-0.0148535999630534,91,124,11865.75,50,1387872.0,50,6662400.0,50,10.912849311752092,10.454236418806564,0.0,0.09899832261188352,4.8351945244956775,6.3026718293423,0,0.17700828530259366,-22.153134020184144,23.128094747425767,-60,0.2567894991888418,7802.0,74,1120339.0,74,6825075.0,74,-13.552173940209169,16.042867724383818,0.0,0.11018539924076552,-6.201964813573477,11.74867916692568,0,0.21019549235722684,9.317328890028199,8.560766078995243,20,0.12165470392207126,0.8072351052546632,-0.10666287644859225,1.0244168768011528,0.012061190104152186,0.657522701894107,-0.20661997432344828,,,,3.05,37849.0,29400.0,,,,3.2,1900.0,7500.0,,,,3.35,10704.0,3750.0,,,,3.5,1653.0,3975.0,,,,3.75,14613.0,14550.0,,,,3.85,3442.0,16500.0,,,,4.15,40077.0,91800.0,,,,4.35,5102.0,10200.0,,,,4.75,16761.0,43050.0,,,,5.0,5836.0,6675.0,1052.6,3528.0,825.0,5.45,60919.0,96150.0,,,,5.8,7245.0,12750.0,,,,6.05,19122.0,54600.0,,,,6.7,6690.0,16200.0,860.4,1782.0,975.0,7.2,30462.0,52800.0,,,,8.3,7695.0,27825.0,770.65,1533.0,150.0,9.45,31703.0,131850.0,,,,11.15,10659.0,36600.0,674.05,1365.0,375.0,12.9,54661.0,111225.0,625.6,0.0,750.0,15.7,12412.0,42825.0,570.9,7042.0,5025.0,19.15,63753.0,474450.0,532.2,436.0,675.0,23.1,15016.0,65700.0,479.4,4576.0,6300.0,27.95,36108.0,214500.0,438.25,1123.0,1875.0,33.9,15775.0,101175.0,394.95,5838.0,24300.0,41.05,40084.0,285300.0,350.25,2130.0,13875.0,50.2,27430.0,203550.0,313.0,15575.0,58950.0,60.15,54054.0,428550.0,274.6,6936.0,53100.0,73.95,27715.0,281925.0,239.8,31582.0,280650.0,89.1,69273.0,701250.0,208.0,29471.0,383025.0,107.35,47586.0,674925.0,178.0,137397.0,1179300.0,127.2,123445.0,1434600.0,151.2,49662.0,439200.0,150.15,27109.0,319950.0,127.6,83488.0,644175.0,176.25,33477.0,283050.0,106.3,40340.0,321000.0,205.0,6991.0,92850.0,88.25,91187.0,615225.0,236.2,14947.0,94275.0,72.15,28787.0,254325.0,269.2,1673.0,23700.0,58.55,62558.0,441375.0,304.5,5259.0,33525.0,47.2,24742.0,201525.0,345.2,457.0,6450.0,37.95,51627.0,231000.0,381.45,1640.0,6150.0,30.2,18813.0,160125.0,420.0,228.0,1650.0,24.55,73262.0,258825.0,468.8,4665.0,5025.0,19.2,18993.0,207225.0,512.7,0.0,600.0,15.25,37480.0,129075.0,560.0,1266.0,1350.0,11.9,13412.0,77700.0,606.45,0.0,600.0,9.6,40911.0,154800.0,644.65,207.0,600.0,7.65,17568.0,30450.0,,,,6.05,37167.0,64950.0,742.0,266.0,75.0,5.1,12381.0,26325.0,,,,4.2,44600.0,51225.0,,,,3.7,10888.0,41475.0,,,,3.45,106483.0,149325.0,949.15,852.0,450.0,2.95,9106.0,26850.0,,,,2.7,30715.0,8325.0,,,,2.5,6341.0,3225.0,,,,2.3,53538.0,27225.0,,,,2.2,9232.0,8625.0,,,,1.95,34441.0,26025.0,,,,1.9,8401.0,6525.0,,,,1.8,29649.0,6900.0,,,,1.75,0.0,4950.0,,,,1.6,75636.0,21375.0,,,
2025-11-11,2025-11-04 10:00:00+05:30,bearish,-0.0003793080642839,76,99,4917.150000000001,49,36.0,49,737100.0,49,-9.0,0.0,-9.0,1.0,11.306878306878307,11.329267635255464,0,0.1163003663003663,-3.6729202891919095,6.312906803428823,-10,0.11530052977842856,6362.75,50,9678.0,50,566100.0,50,-46.167389956602605,10.703662215250239,-48.0,0.9714817110973342,-6.919316375198728,12.191719802928253,0,0.18640699523052465,10.721551216062238,10.585010431894073,26,0.1970845939255825,268.8333333333333,0.9925880172946263,0.7680097680097681,-0.13121546961325967,1.2939914381298108,0.12815716451386974,,,,2.4,0.0,9150.0,,,,2.6,0.0,750.0,,,,2.65,0.0,4050.0,,,,3.15,0.0,450.0,,,,3.3,0.0,3225.0,,,,3.6,0.0,600.0,,,,4.05,0.0,9150.0,,,,4.1,0.0,525.0,,,,4.5,0.0,2325.0,,,,4.65,0.0,1125.0,,,,5.3,0.0,11700.0,,,,5.85,0.0,3450.0,,,,6.2,0.0,4950.0,,,,7.0,0.0,2550.0,,,,8.1,0.0,8475.0,,,,9.4,0.0,12450.0,,,,11.45,0.0,22650.0,,,,12.95,0.0,3525.0,,,,15.3,0.0,5025.0,,,,18.55,0.0,1425.0,566.95,0.0,75.0,22.0,0.0,19800.0,527.7,36.0,75.0,26.8,0.0,3975.0,473.7,0.0,75.0,32.45,0.0,8400.0,430.8,0.0,75.0,39.6,0.0,7800.0,390.35,0.0,375.0,48.25,0.0,6300.0,351.45,0.0,600.0,58.15,0.0,12075.0,314.6,0.0,4350.0,69.9,0.0,51075.0,276.3,0.0,825.0,83.95,0.0,7950.0,244.0,0.0,5850.0,100.2,0.0,35250.0,212.7,0.0,13500.0,119.4,0.0,25125.0,183.75,0.0,85725.0,140.7,0.0,105525.0,157.05,0.0,42075.0,163.7,0.0,30750.0,132.05,0.0,59400.0,189.55,0.0,69675.0,111.6,0.0,16950.0,219.0,0.0,10425.0,93.6,0.0,34950.0,250.55,0.0,8175.0,76.8,0.0,9675.0,283.9,0.0,2925.0,63.1,0.0,71250.0,319.25,0.0,8325.0,51.15,0.0,8925.0,,,,41.05,0.0,48225.0,398.7,0.0,2700.0,33.45,0.0,12450.0,438.4,0.0,75.0,27.05,0.0,26700.0,484.45,0.0,5850.0,22.0,0.0,14325.0,,,,17.85,0.0,29925.0,,,,14.5,0.0,7650.0,613.4,96.0,75.0,11.85,0.0,33225.0,,,,10.15,0.0,2475.0,,,,8.65,0.0,15900.0,,,,7.45,0.0,7200.0,,,,6.35,0.0,20025.0,857.05,180.0,75.0,5.7,0.0,3075.0,,,,5.25,0.0,2475.0,,,,4.75,0.0,1725.0,,,,4.4,0.0,17325.0,,,,4.05,0.0,525.0,,,,3.8,0.0,9450.0,,,,3.5,0.0,600.0,,,,3.35,0.0,48825.0,1254.0,0.0,75.0,3.05,0.0,750.0,,,,2.8,0.0,3150.0,,,,2.6,0.0,75.0,,,,2.4,0.0,3825.0,,,
2025-11-18,2025-11-12 10:00:00+05:30,bullish,0.0019586688012869,82,110,8987.900000000001,50,573.0,50,5189175.0,50,-37.0,0.0,-37.0,1.0,5.976759311451242,8.555868638602394,1,0.14018124268308546,-14.535892700185803,13.13915526020704,-37,0.21239666662957973,5810.1,60,474.0,60,3932325.0,60,-19.575949367088608,29.219010263997017,-44.0,0.5886075949367089,-7.073277259636475,10.562084882325184,-1,0.13823882817417177,7.884520059895698,8.384584849559486,17,0.13769986747216054,0.8272251308900523,-0.09455587392550144,0.7577938689676105,-0.1377898371978293,0.6464357636377797,-0.2147452358426815,,,,3.4,0.0,1425.0,,,,3.55,0.0,2775.0,,,,3.7,0.0,825.0,,,,3.9,0.0,15825.0,,,,4.1,0.0,8475.0,,,,4.35,0.0,36975.0,,,,4.6,0.0,14100.0,,,,4.9,0.0,57600.0,,,,5.2,0.0,7200.0,,,,5.5,0.0,60150.0,,,,6.1,0.0,34500.0,,,,6.55,0.0,72000.0,,,,7.05,0.0,7350.0,905.0,0.0,150.0,7.65,0.0,91350.0,862.4,0.0,375.0,8.25,0.0,16575.0,,,,9.2,0.0,39900.0,,,,10.35,0.0,33600.0,715.0,0.0,75.0,11.7,0.0,50400.0,,,,13.45,0.0,28800.0,617.4,0.0,300.0,15.65,0.0,57750.0,,,,18.45,0.0,88875.0,518.6,0.0,2250.0,22.05,0.0,164175.0,476.1,0.0,6375.0,26.3,0.0,77100.0,427.95,0.0,15900.0,31.6,0.0,285900.0,384.15,0.0,1575.0,38.05,0.0,76425.0,342.3,0.0,26925.0,46.1,0.0,237300.0,302.8,0.0,16800.0,55.65,0.0,171150.0,264.9,0.0,95250.0,67.75,0.0,258600.0,228.5,0.0,85950.0,81.75,0.0,199575.0,195.8,0.0,507675.0,98.3,0.0,543600.0,164.65,0.0,517950.0,117.65,0.0,359325.0,136.75,0.0,727425.0,139.45,0.0,343575.0,111.95,0.0,288600.0,165.35,0.0,101175.0,90.65,0.0,700800.0,193.9,0.0,144450.0,72.05,0.0,187275.0,225.1,0.0,9750.0,56.5,0.0,310125.0,259.05,0.0,14700.0,44.1,0.0,131400.0,296.35,0.0,825.0,33.8,0.0,209850.0,337.0,0.0,7950.0,25.65,0.0,113925.0,376.6,0.0,525.0,19.6,0.0,118575.0,420.4,0.0,2775.0,14.75,0.0,56925.0,,,,11.25,0.0,83625.0,506.95,0.0,150.0,8.7,0.0,63975.0,,,,6.85,0.0,118875.0,606.45,0.0,225.0,5.55,0.0,30225.0,,,,4.35,0.0,86775.0,701.35,159.0,75.0,3.8,0.0,53925.0,,,,3.15,0.0,51825.0,800.05,36.0,75.0,2.75,0.0,1950.0,,,,2.35,0.0,6750.0,,,,2.1,0.0,32100.0,,,,1.85,0.0,37125.0,,,,1.65,0.0,18825.0,,,,1.5,0.0,137325.0,,,,1.35,0.0,2625.0,,,,1.15,0.0,43275.0,,,,1.05,0.0,113475.0,,,,0.95,0.0,6000.0,,,,0.95,0.0,19050.0,,,,0.95,0.0,4200.0,,,,0.95,0.0,1350.0,,,
2025-11-25,2025-11-19 10:00:00+05:30,bearish,-0.0013638038360118,94,124,11941.9,53,1014.0,53,5449350.0,53,37.0,0.0,37.0,1.0,6.522832998431006,7.579127961404184,0,0.14185636819070163,-25.574046006079442,22.625094833043587,-58,0.24702936718612617,7295.199999999999,71,6584.0,71,4369725.0,71,32.0,0.0,32.0,1.0,-6.743027307210408,11.75871962279738,0,0.19403394950483155,13.293912435574079,13.091737679431848,32,0.21219431955258256,6.493096646942801,0.7330876546459595,0.8018800407388037,-0.10995180299569969,0.6108910642360093,-0.2415488821080101,,,,3.15,0.0,11625.0,,,,3.3,0.0,4200.0,,,,3.65,0.0,36075.0,,,,3.7,0.0,300.0,,,,3.9,0.0,27525.0,,,,4.2,0.0,9225.0,,,,4.25,0.0,60825.0,,,,4.55,0.0,21600.0,,,,4.8,0.0,87375.0,,,,5.2,0.0,9000.0,,,,5.45,0.0,44850.0,,,,5.8,0.0,17925.0,959.9,0.0,1500.0,6.3,0.0,64500.0,,,,6.8,0.0,21225.0,,,,7.25,0.0,32175.0,,,,8.05,0.0,10875.0,,,,9.0,0.0,30450.0,,,,10.3,0.0,29700.0,665.75,0.0,225.0,11.85,0.0,81675.0,617.0,0.0,225.0,13.95,0.0,16800.0,570.05,0.0,300.0,16.6,0.0,68625.0,519.55,0.0,150.0,20.0,0.0,33075.0,480.0,0.0,6975.0,24.5,0.0,163275.0,432.05,0.0,750.0,29.6,0.0,67050.0,391.0,0.0,18900.0,36.3,0.0,200175.0,349.1,0.0,4050.0,44.7,0.0,77400.0,309.25,0.0,32775.0,54.6,0.0,324975.0,271.85,0.0,32025.0,66.95,0.0,145575.0,237.15,0.0,211200.0,81.55,0.0,408825.0,204.25,0.0,183375.0,98.3,0.0,293700.0,173.25,0.0,773025.0,118.1,0.0,847875.0,145.85,0.0,504300.0,140.1,0.0,339000.0,120.95,0.0,638400.0,165.75,0.0,329325.0,98.9,0.0,285000.0,193.65,0.0,61875.0,80.05,0.0,283425.0,224.7,0.0,60075.0,63.8,0.0,154575.0,258.65,0.0,5925.0,50.15,0.0,263625.0,294.9,0.0,21075.0,38.9,0.0,94800.0,333.45,0.0,1950.0,29.9,0.0,177225.0,375.0,0.0,2775.0,23.1,0.0,98250.0,416.7,0.0,75.0,17.65,0.0,196725.0,462.6,0.0,1800.0,13.55,0.0,76275.0,509.85,0.0,150.0,10.75,0.0,265800.0,554.05,0.0,1575.0,8.25,0.0,61725.0,,,,6.6,0.0,135450.0,,,,5.35,0.0,32550.0,,,,4.45,0.0,159675.0,,,,3.8,0.0,92250.0,,,,3.25,0.0,136800.0,,,,2.95,0.0,151425.0,,,,2.6,0.0,78375.0,,,,2.35,0.0,71100.0,,,,2.3,0.0,50475.0,1045.6,0.0,1050.0,2.0,0.0,825.0,,,,1.9,0.0,16125.0,,,,1.75,0.0,60075.0,,,,1.65,0.0,3000.0,,,,1.45,0.0,32325.0,,,,1.3,0.0,46500.0,,,,1.2,0.0,225.0,,,,1.2,0.0,1125.0,,,
2025-12-02,2025-11-26 10:00:00+05:30,bearish,-0.0017352156748454,82,115,10510.699999999999,53,781356.0,53,11354700.0,53,7.376834631077255,7.6823939622840145,8.0,0.10573029451364038,7.982449998678961,8.538860588314941,18,0.10319295093661655,-11.551404758959919,7.5865278975265245,-22,0.10978336361993019,6788.95,62,993731.0,62,4697175.0,62,-8.796644162253164,10.02028264400934,-2.0,0.17646526071945023,-8.917370547190599,11.443007869770485,-2,0.12703380223219277,8.629434595924259,7.538506653558272,18,0.12589575707583647,1.2718031217524406,0.11964202317970894,0.41367671536896616,-0.4147506132461161,0.6459084551932793,-0.21513441023373303,,,,2.7,0.0,47475.0,,,,2.85,0.0,5550.0,,,,3.05,0.0,61725.0,,,,3.05,0.0,5025.0,,,,3.3,0.0,31275.0,,,,3.4,3871.0,12375.0,,,,3.5,19557.0,39300.0,,,,3.75,0.0,7125.0,1153.9,0.0,375.0,3.95,62584.0,165600.0,,,,4.2,7067.0,18450.0,1050.0,0.0,2400.0,4.45,0.0,34350.0,,,,4.85,0.0,22200.0,950.7,0.0,75.0,5.25,31569.0,62550.0,,,,5.6,10851.0,26400.0,855.5,0.0,300.0,6.15,39138.0,99300.0,,,,7.0,8811.0,51450.0,,,,8.05,44668.0,193725.0,708.45,0.0,450.0,9.2,10821.0,60525.0,659.0,0.0,3075.0,10.8,0.0,123525.0,612.05,198.0,375.0,12.9,12290.0,41400.0,563.0,0.0,3600.0,15.55,42108.0,116850.0,518.8,0.0,5850.0,19.0,17341.0,71400.0,472.35,0.0,13650.0,23.55,41915.0,145050.0,425.3,0.0,1875.0,29.1,21766.0,91425.0,383.0,0.0,54000.0,35.95,64668.0,227175.0,340.25,0.0,23175.0,44.4,0.0,120825.0,300.8,19488.0,195975.0,54.7,87495.0,285975.0,262.85,16059.0,191100.0,67.15,68375.0,245775.0,227.5,79509.0,593175.0,81.3,175359.0,596700.0,194.65,32073.0,564825.0,97.8,58206.0,384975.0,163.95,70853.0,1053975.0,117.55,67212.0,475350.0,136.3,31182.0,597375.0,139.65,15930.0,147375.0,112.0,0.0,841275.0,165.6,0.0,167775.0,90.3,22364.0,419775.0,193.75,4993.0,31425.0,72.2,50492.0,644325.0,225.0,13469.0,77175.0,56.6,25316.0,263775.0,258.0,0.0,7575.0,44.0,42487.0,438000.0,296.0,5534.0,17325.0,33.55,19123.0,200625.0,335.55,0.0,2100.0,25.65,82613.0,577500.0,378.0,4336.0,8250.0,19.55,0.0,198900.0,420.5,0.0,825.0,14.7,36360.0,348975.0,466.55,991.0,600.0,11.15,14249.0,145875.0,510.65,0.0,225.0,8.5,40785.0,272100.0,558.5,0.0,525.0,6.65,10998.0,114075.0,606.25,0.0,75.0,5.3,28454.0,748050.0,654.3,0.0,150.0,4.3,8905.0,127650.0,,,,3.45,0.0,283200.0,,,,2.95,10930.0,286875.0,,,,2.55,71004.0,1171725.0,854.7,0.0,150.0,2.1,0.0,50850.0,,,,1.7,31508.0,67275.0,,,,1.55,0.0,113100.0,,,,1.35,25833.0,213450.0,,,,1.2,0.0,2550.0,,,,1.25,9902.0,273225.0,,,,1.15,0.0,750.0,,,,1.05,0.0,4125.0,,,,1.0,0.0,3300.0,,,,1.0,0.0,50625.0,,,,0.85,0.0,4125.0,,,,0.85,0.0,5475.0,,,
2025-12-09,2025-12-03 10:00:00+05:30,bearish,-0.0043099628152514,83,110,5977.8,52,604.0,52,6260925.0,52,-11.0,0.0,-11.0,1.0,9.957737874195905,11.221042597260702,1,0.11764635417290575,-7.484760279701563,7.27195442540895,-19,0.1657465957375623,6299.749999999999,58,423.0,58,6193575.0,58,-42.0,0.0,-42.0,1.0,-5.761967038422882,10.279943479270031,-1,0.1483149877090372,8.508385253383072,7.254149882058401,17,0.1305051787769356,0.7003311258278145,-0.1762414800389484,0.9892428035793434,-0.005407683969649525,1.053857606477299,0.026222658429409688,,,,2.25,0.0,8775.0,,,,2.35,0.0,155025.0,,,,2.5,0.0,11850.0,,,,2.55,0.0,8475.0,,,,2.7,0.0,6975.0,,,,2.8,0.0,26325.0,,,,3.0,0.0,6300.0,,,,3.15,0.0,155250.0,,,,3.4,0.0,9525.0,,,,3.6,0.0,21225.0,,,,3.9,0.0,7800.0,990.8,0.0,75.0,4.3,0.0,83100.0,,,,4.65,0.0,29850.0,,,,5.1,0.0,57075.0,,,,5.6,0.0,7575.0,,,,6.25,0.0,71100.0,,,,7.1,0.0,41850.0,,,,8.2,0.0,45075.0,,,,9.5,0.0,51300.0,599.0,604.0,225.0,11.35,0.0,83400.0,551.4,0.0,1050.0,13.8,0.0,56700.0,505.0,0.0,1950.0,16.9,0.0,169500.0,454.15,0.0,75.0,21.15,0.0,77850.0,414.05,0.0,3075.0,26.25,0.0,180750.0,371.9,0.0,1950.0,32.7,0.0,274650.0,329.2,0.0,33975.0,41.0,0.0,199950.0,290.25,0.0,8625.0,51.15,0.0,177675.0,253.0,0.0,72375.0,63.65,0.0,495225.0,218.0,0.0,52950.0,78.65,0.0,279525.0,185.75,0.0,375300.0,96.8,0.0,918600.0,156.35,0.0,474150.0,117.35,0.0,728925.0,129.4,0.0,736575.0,140.5,0.0,868800.0,106.25,0.0,256125.0,167.15,0.0,212100.0,85.9,0.0,547425.0,196.8,0.0,225825.0,68.35,0.0,253725.0,229.75,0.0,37950.0,54.05,0.0,402750.0,265.6,0.0,75000.0,42.15,0.0,115350.0,303.65,0.0,8100.0,32.65,0.0,307425.0,343.05,0.0,28200.0,25.25,0.0,91350.0,392.8,0.0,2100.0,19.3,0.0,200700.0,429.8,0.0,4650.0,14.8,0.0,72375.0,477.15,0.0,150.0,11.55,0.0,150900.0,521.25,0.0,3825.0,8.9,0.0,86475.0,,,,7.2,0.0,91950.0,618.25,0.0,1125.0,5.85,0.0,51675.0,,,,4.9,0.0,134475.0,715.55,0.0,975.0,4.1,0.0,32775.0,,,,3.55,0.0,210750.0,822.15,0.0,75.0,3.1,0.0,60075.0,,,,2.7,0.0,156000.0,,,,2.45,0.0,73875.0,,,,2.25,0.0,185400.0,,,,2.0,0.0,15450.0,,,,1.8,0.0,119625.0,,,,1.8,0.0,46650.0,,,,1.6,0.0,133725.0,,,,1.5,0.0,39300.0,,,,1.4,0.0,179550.0,,,,1.35,0.0,11400.0,,,,1.4,0.0,8325.0,,,,1.3,0.0,18900.0,,,
2025-12-16,2025-12-10 10:00:00+05:30,bearish,-0.0007013611816873,80,108,7560.250000000001,54,2910.0,54,7286700.0,54,-23.1340206185567,8.824320733741834,-18.0,0.7278350515463917,7.756710856766437,8.983751632208161,0,0.1378813454650253,-15.490162362355738,14.478519136812752,-38,0.25381435799080715,6566.8,54,926.0,54,5985300.0,54,20.158747300215982,4.106527510337933,22.0,0.8326133909287257,-5.262718660718761,8.67122909577235,0,0.1876221743271014,9.496246269111287,8.083705123435005,22,0.1646540171773162,0.31821305841924397,-0.5172054223149114,0.8214006340318663,-0.09805605786618445,0.8685956152243642,-0.07032253726007912,,,,2.4,0.0,24000.0,,,,2.5,0.0,32250.0,,,,2.65,0.0,114300.0,,,,2.7,0.0,22500.0,,,,2.9,0.0,21900.0,,,,3.0,0.0,7350.0,,,,3.25,0.0,41775.0,,,,3.3,0.0,9450.0,,,,3.5,0.0,25275.0,,,,3.8,0.0,10200.0,,,,4.0,0.0,12000.0,,,,4.2,0.0,4575.0,929.2,2118.0,225.0,4.55,0.0,39375.0,,,,4.8,0.0,18375.0,,,,5.15,0.0,39825.0,,,,5.65,0.0,13950.0,,,,6.3,0.0,99375.0,679.35,36.0,75.0,7.2,0.0,25800.0,,,,8.3,0.0,136200.0,,,,9.8,0.0,96525.0,529.8,0.0,300.0,11.95,0.0,131700.0,481.8,0.0,975.0,14.9,0.0,66300.0,436.15,0.0,5250.0,18.9,0.0,220425.0,392.45,0.0,525.0,24.15,0.0,138000.0,348.75,0.0,9150.0,30.15,0.0,261525.0,307.0,0.0,6600.0,39.0,0.0,167700.0,267.25,0.0,39525.0,49.2,0.0,333825.0,230.1,0.0,68925.0,62.25,0.0,280350.0,196.0,0.0,246600.0,78.0,0.0,723075.0,165.1,0.0,387375.0,95.95,0.0,794550.0,136.25,0.0,1004700.0,118.2,0.0,1122975.0,111.4,0.0,415575.0,142.65,0.0,309150.0,89.4,0.0,903750.0,170.7,0.0,287100.0,70.9,0.0,297600.0,201.55,0.0,55275.0,54.8,0.0,367950.0,235.45,0.0,60825.0,42.4,0.0,219300.0,274.6,0.0,12150.0,32.5,0.0,352575.0,314.55,0.0,18900.0,24.55,0.0,145875.0,356.1,0.0,4125.0,18.6,0.0,281475.0,399.4,0.0,3750.0,14.25,0.0,98325.0,442.75,0.0,300.0,10.8,0.0,121200.0,492.6,0.0,450.0,8.55,0.0,83550.0,538.35,155.0,75.0,7.0,0.0,117600.0,581.35,0.0,600.0,5.55,0.0,66300.0,,,,4.65,0.0,184050.0,685.7,0.0,450.0,4.0,0.0,74475.0,,,,3.45,0.0,254925.0,,,,2.95,0.0,125700.0,,,,2.6,0.0,480675.0,,,,2.45,0.0,84375.0,,,,2.1,0.0,102225.0,,,,2.05,0.0,46350.0,,,,1.9,0.0,112575.0,1081.25,771.0,225.0,1.8,0.0,34050.0,,,,1.65,0.0,145050.0,,,,1.7,0.0,20625.0,,,,1.55,0.0,125775.0,,,,1.5,0.0,17850.0,,,,1.45,0.0,21375.0,,,,1.45,0.0,57450.0,,,,1.4,0.0,68025.0,,,
2025-12-23,2025-12-17 10:00:00+05:30,bullish,0.0119373674780185,76,103,5703.450000000001,53,93.0,53,4332600.0,53,-10.0,0.0,-10.0,1.0,6.561071873701703,8.5884799744096,1,0.1748892120204958,-6.738395181863607,6.2268948567305165,-15,0.14121277472407048,5690.8,50,941.0,50,5183325.0,50,-17.521785334750266,19.425675226978775,-30.0,0.7077577045696068,-2.4694332306000493,5.78503364327955,1,0.1943540102154505,7.878154213818796,6.1240200856573805,14,0.11539678076896043,10.118279569892474,0.8201160541586073,1.1963543830494392,0.08940013713853356,0.9977820442013167,-0.0011102090966935555,,,,2.3,666.0,225.0,,,,2.4,0.0,2700.0,,,,,,,,,,2.7,0.0,14850.0,,,,2.8,0.0,75.0,,,,2.9,0.0,900.0,,,,2.95,0.0,8100.0,,,,3.15,0.0,15150.0,,,,3.3,0.0,4050.0,,,,3.4,0.0,17775.0,,,,3.55,0.0,4875.0,,,,3.8,0.0,47400.0,,,,4.2,0.0,3975.0,,,,4.55,0.0,105000.0,,,,4.7,0.0,8175.0,805.4,0.0,75.0,5.1,0.0,35175.0,,,,5.55,0.0,15375.0,,,,6.35,0.0,39150.0,,,,7.2,0.0,27600.0,605.65,0.0,225.0,8.35,0.0,108600.0,555.55,93.0,75.0,10.1,0.0,52950.0,505.8,0.0,1650.0,12.45,0.0,151725.0,461.9,0.0,75.0,15.75,0.0,71175.0,415.3,0.0,1875.0,19.8,0.0,153675.0,370.9,0.0,1800.0,25.3,0.0,145950.0,327.35,0.0,7500.0,32.3,0.0,235575.0,286.6,0.0,6300.0,41.35,0.0,177150.0,248.0,0.0,30900.0,52.55,0.0,293475.0,211.55,0.0,38775.0,66.7,0.0,278400.0,178.5,0.0,200925.0,83.25,0.0,620100.0,149.2,0.0,410550.0,102.85,0.0,706275.0,122.1,0.0,757725.0,125.5,0.0,1007400.0,98.0,0.0,338925.0,151.7,0.0,322950.0,77.8,0.0,460875.0,181.25,0.0,313500.0,60.3,0.0,206250.0,214.5,0.0,61125.0,46.0,0.0,230775.0,250.85,0.0,74400.0,34.9,0.0,105825.0,288.95,0.0,9450.0,26.0,0.0,343275.0,330.0,0.0,16050.0,19.05,0.0,95850.0,373.6,0.0,1650.0,14.05,0.0,113325.0,417.5,0.0,8100.0,10.45,0.0,70800.0,464.55,0.0,75.0,7.95,0.0,80175.0,511.2,0.0,2325.0,6.15,0.0,42375.0,561.0,179.0,75.0,5.0,0.0,79350.0,610.0,0.0,900.0,4.15,0.0,24150.0,656.7,96.0,150.0,3.6,0.0,19275.0,,,,3.25,0.0,21300.0,,,,2.9,0.0,225000.0,,,,2.65,0.0,27675.0,,,,2.45,0.0,25650.0,,,,2.35,0.0,34050.0,,,,2.2,0.0,19275.0,,,,2.1,0.0,31425.0,,,,2.1,0.0,85875.0,,,,2.05,0.0,12450.0,,,,1.95,0.0,5475.0,,,,1.9,0.0,36600.0,,,,1.85,0.0,6075.0,,,,,,,,,,1.65,0.0,8250.0,,,,,,,,,
2025-12-30,2025-12-23 10:00:00+05:30,bearish,-0.0089916788287703,83,118,23355.500000000004,52,21433.0,52,1531425.0,52,-15.593850604208464,62.535356478899686,-43.0,0.4094153874865861,4.521670992702875,7.12538443964875,1,0.1996180028404917,-52.51824623750294,37.84783847060377,-103,0.22353835285050627,8095.650000000001,66,3109.0,66,1669275.0,66,-51.46928272756514,15.356431212217942,-30.0,0.3319395303956256,-6.288089140495125,9.932179536311105,-1,0.15064923394887003,17.119656852754257,14.451857126870822,37,0.22011821163217282,0.14505668828442123,-0.7466384157770353,1.0900142024584945,0.043068703721061016,0.346627132795273,-0.485192115391647,,,,3.4,1032.0,75.0,,,,3.4,0.0,11700.0,,,,,,,,,,3.55,0.0,19425.0,,,,3.85,0.0,1050.0,,,,3.9,0.0,4200.0,,,,4.1,0.0,675.0,1219.45,0.0,300.0,4.45,0.0,88800.0,,,,4.45,0.0,0.0,,,,4.65,0.0,44775.0,,,,4.9,0.0,7125.0,1020.0,0.0,150.0,5.15,0.0,32100.0,,,,5.45,0.0,2475.0,,,,5.75,0.0,13350.0,869.9,47.0,75.0,6.0,0.0,4575.0,,,,6.25,0.0,15750.0,,,,6.85,0.0,1725.0,723.2,0.0,225.0,7.55,0.0,27525.0,,,,8.3,0.0,6225.0,627.95,0.0,750.0,9.35,0.0,24075.0,574.8,0.0,75.0,10.95,0.0,14775.0,531.75,0.0,675.0,13.3,0.0,47025.0,484.65,0.0,150.0,16.05,0.0,24150.0,435.75,0.0,12975.0,19.95,0.0,144525.0,392.5,0.0,8175.0,24.55,0.0,47850.0,348.8,0.0,23700.0,30.8,0.0,106800.0,305.75,0.0,3975.0,38.6,0.0,63900.0,266.4,0.0,75675.0,48.65,0.0,142125.0,228.3,0.0,51825.0,60.2,0.0,96450.0,192.5,0.0,89925.0,74.5,0.0,251475.0,160.05,0.0,137850.0,92.4,0.0,97200.0,131.05,0.0,305700.0,112.35,0.0,179100.0,104.75,0.0,76425.0,136.15,0.0,43800.0,82.45,0.0,117075.0,164.3,0.0,29100.0,63.0,0.0,47475.0,195.0,0.0,10125.0,47.8,0.0,69300.0,230.2,0.0,15075.0,35.45,0.0,30975.0,265.0,0.0,1725.0,26.4,0.0,71850.0,308.0,0.0,19575.0,18.75,0.0,27150.0,346.9,0.0,600.0,14.15,0.0,116925.0,395.0,0.0,1200.0,10.7,0.0,23775.0,438.9,0.0,150.0,8.2,0.0,30225.0,489.9,0.0,300.0,6.45,0.0,5025.0,,,,5.3,0.0,34125.0,587.0,0.0,75.0,4.6,0.0,9225.0,,,,4.1,0.0,7200.0,,,,3.85,0.0,2850.0,,,,3.6,0.0,85725.0,785.0,0.0,375.0,3.25,0.0,4950.0,,,,2.8,0.0,7350.0,,,,2.65,0.0,750.0,,,,2.35,0.0,28875.0,,,,,,,,,,2.05,0.0,75.0,,,,,,,,,,1.6,0.0,1350.0,,,,1.55,0.0,2850.0,,,,1.35,0.0,2550.0,1279.95,0.0,150.0,,,,,,,1.1,0.0,1350.0,,,,,,,,,
2026-01-06,2025-12-31 10:00:00+05:30,bullish,0.0074659318752958,75,99,4749.9,49,1232392.0,49,9633455.0,49,9.285965017624262,10.036714443104051,0.0,0.11894429694447871,4.159385184235562,7.0355461997859905,0,0.21919342541175518,-7.106096970462535,6.048504658571161,-16,0.17777216362449735,4407.5,50,943746.0,50,8660860.0,50,-8.190314978818453,10.10904831010582,0.0,0.1266188148082217,-3.415996217465702,6.2095937998731054,0,0.24943712287232445,7.720431083380602,6.3835636073590045,16,0.17560975609756097,0.7657839388765912,-0.13264140417565431,0.8990398564170383,-0.05316378339391226,0.927914271879408,-0.03739052569506625,,,,1.7,21364.0,11830.0,,,,,,,,,,1.95,6712.0,2535.0,,,,2.0,677.0,5200.0,,,,2.0,9073.0,14950.0,,,,2.2,1885.0,30875.0,,,,2.2,7842.0,5980.0,,,,2.35,2924.0,650.0,,,,2.5,8560.0,30810.0,,,,2.65,2796.0,14820.0,,,,2.75,53246.0,181610.0,,,,2.9,4375.0,161850.0,,,,2.95,13399.0,18395.0,,,,3.15,6239.0,23595.0,844.4,0.0,130.0,3.4,29788.0,77350.0,,,,3.75,7268.0,41730.0,,,,4.05,36444.0,128830.0,,,,4.35,8929.0,67535.0,,,,4.9,37697.0,150735.0,,,,5.45,13334.0,87230.0,544.0,4988.0,2470.0,6.3,46946.0,230295.0,495.2,261.0,195.0,7.5,11211.0,108680.0,449.0,1582.0,18200.0,9.25,57133.0,155090.0,400.0,938.0,585.0,12.0,20838.0,177515.0,355.05,3034.0,19760.0,15.7,46888.0,424710.0,310.3,1227.0,11440.0,21.0,26309.0,273325.0,267.0,10328.0,79495.0,28.25,42329.0,380575.0,227.15,5353.0,63440.0,37.65,26542.0,381940.0,189.75,31551.0,393055.0,49.9,66762.0,780065.0,154.6,33411.0,654485.0,65.35,47237.0,913965.0,123.95,146586.0,2111590.0,84.5,119496.0,2160340.0,96.35,71576.0,1198145.0,107.25,35377.0,588250.0,73.55,96222.0,1135550.0,134.4,40158.0,590525.0,54.15,44603.0,605410.0,165.2,8945.0,140595.0,39.3,75530.0,692315.0,200.1,19120.0,192400.0,27.75,32536.0,287170.0,239.05,5636.0,33020.0,19.35,71038.0,424125.0,280.15,10266.0,34450.0,13.45,30577.0,284440.0,322.2,756.0,9360.0,9.3,65411.0,231595.0,370.0,1906.0,7410.0,6.95,17080.0,101855.0,420.45,319.0,585.0,5.4,60738.0,208195.0,464.5,6331.0,4225.0,4.2,18900.0,45045.0,524.4,322.0,260.0,3.55,49676.0,92105.0,,,,2.95,11001.0,35555.0,,,,2.7,49102.0,27625.0,,,,2.3,9282.0,3900.0,,,,2.0,39528.0,35035.0,774.0,242.0,65.0,1.85,9139.0,15405.0,,,,1.75,0.0,16185.0,,,,1.7,4891.0,18330.0,,,,1.6,69642.0,304590.0,,,,1.6,0.0,17290.0,,,,1.45,13883.0,113685.0,,,,1.45,3153.0,22490.0,,,,1.35,19511.0,78000.0,,,,1.25,2947.0,9945.0,,,,1.15,18108.0,18005.0,,,,1.15,3164.0,520.0,,,,1.05,16011.0,188175.0,,,,1.05,2900.0,455.0,,,,1.05,35585.0,28990.0,,,
2026-01-13,2026-01-07 10:00:00+05:30,bearish,-0.0155572431180288,77,104,7411.35,49,4663.0,49,9693970.0,49,28.0,0.0,28.0,1.0,2.6782778366345266,4.924393463856059,1,0.17144523863803993,-18.265201346583282,16.63563092289019,-43,0.29154607460179316,5338.6,55,0.0,55,8984235.0,55,,,,,-3.5895499171604484,6.579305740145759,-1,0.2042772701292876,8.371258382347431,6.673499995990942,17,0.1561270745139175,0.0,-1.0,0.9267859298099747,-0.037998030324648435,0.7203276056319025,-0.1625692649775097,,,,1.9,0.0,65.0,,,,1.95,0.0,12610.0,,,,2.0,0.0,2795.0,,,,2.05,0.0,7020.0,,,,2.25,0.0,27820.0,,,,2.2,0.0,1105.0,,,,2.25,0.0,6240.0,,,,2.35,0.0,220090.0,,,,2.4,0.0,975.0,,,,2.6,0.0,45045.0,,,,2.65,0.0,17940.0,,,,2.85,0.0,30875.0,,,,2.95,0.0,55055.0,,,,3.1,0.0,27885.0,824.15,0.0,65.0,3.4,0.0,5005.0,,,,3.7,0.0,166205.0,,,,4.05,0.0,55705.0,674.0,0.0,1755.0,4.55,0.0,123955.0,,,,5.0,0.0,50895.0,575.45,0.0,325.0,5.75,0.0,144105.0,,,,6.85,0.0,55445.0,477.0,0.0,2080.0,8.2,0.0,178555.0,427.95,0.0,975.0,10.65,0.0,141635.0,382.6,0.0,16120.0,13.85,0.0,250965.0,336.45,0.0,8190.0,18.35,0.0,224315.0,293.2,0.0,33540.0,24.45,0.0,485095.0,251.5,0.0,33475.0,32.65,0.0,315055.0,212.1,0.0,320645.0,43.55,0.0,775125.0,176.35,0.0,343005.0,57.2,0.0,555555.0,143.25,0.0,1444690.0,74.45,0.0,1835275.0,113.5,0.0,1632410.0,94.7,0.0,1416415.0,88.3,0.0,1661985.0,120.0,0.0,1051245.0,67.2,0.0,605280.0,148.9,0.0,239460.0,50.15,0.0,800345.0,181.2,0.0,269360.0,36.35,0.0,481780.0,218.0,0.0,46215.0,26.25,0.0,441155.0,257.2,0.0,35165.0,18.8,0.0,269295.0,299.3,0.0,7085.0,13.25,0.0,382525.0,344.15,0.0,14495.0,9.75,0.0,161720.0,388.6,0.0,2145.0,7.3,0.0,136435.0,437.05,0.0,4680.0,5.7,0.0,120185.0,485.2,0.0,130.0,4.6,0.0,177125.0,533.35,0.0,5005.0,3.8,0.0,75530.0,,,,3.05,0.0,152035.0,630.0,0.0,65.0,2.65,0.0,47970.0,,,,2.35,0.0,98670.0,,,,2.05,0.0,6825.0,,,,1.9,0.0,70460.0,833.5,0.0,260.0,1.65,0.0,6760.0,,,,1.6,0.0,17680.0,,,,1.45,0.0,11180.0,,,,1.35,0.0,50830.0,,,,1.3,0.0,14040.0,,,,1.15,0.0,6305.0,,,,1.15,0.0,5070.0,,,,1.05,0.0,19890.0,,,,1.1,0.0,3965.0,,,,1.0,0.0,18395.0,,,,0.95,4663.0,4420.0,,,,0.9,0.0,1560.0,,,,0.9,0.0,65.0,,,
2026-01-20,2026-01-13 10:00:00+05:30,bearish,-0.0185782657821911,79,106,6429.25,56,1127.0,56,1151735.0,56,-12.683229813664596,2.735600040343261,-14.0,0.8118899733806566,8.25390823409899,7.784902009507548,6,0.13798747107624584,-5.536158960998561,7.205883094235873,-14,0.11743204883928919,7333.0,50,1081.0,50,1523860.0,50,-4.045328399629972,18.583879372542935,11.0,0.6040703052728955,-5.261090257635216,8.886723068255847,1,0.13508786896434055,9.679769534978863,10.272719023943704,26,0.17181235510705034,0.9591836734693877,-0.020833333333333332,1.323099497714318,0.13908121371134272,1.1405684955476922,0.06566876782502862,,,,4.5,0.0,14105.0,,,,4.85,0.0,2860.0,,,,5.1,0.0,5720.0,,,,5.5,428.0,845.0,,,,5.8,0.0,16705.0,,,,6.35,0.0,195.0,,,,6.75,0.0,8970.0,,,,7.2,0.0,845.0,,,,7.65,0.0,29575.0,,,,8.15,0.0,520.0,,,,8.9,0.0,7540.0,,,,9.9,0.0,4355.0,,,,10.65,0.0,18395.0,,,,12.0,0.0,55315.0,,,,13.35,0.0,35035.0,,,,14.95,0.0,5265.0,755.0,915.0,390.0,16.9,0.0,44135.0,,,,19.4,0.0,6630.0,660.1,0.0,65.0,21.9,0.0,12675.0,,,,25.25,0.0,8905.0,568.55,0.0,520.0,29.6,0.0,48360.0,523.1,0.0,130.0,34.05,0.0,31265.0,481.1,0.0,390.0,39.95,0.0,35230.0,432.1,212.0,195.0,46.45,0.0,34775.0,394.4,0.0,2210.0,54.6,0.0,94120.0,354.4,0.0,325.0,64.55,0.0,44915.0,316.45,0.0,10920.0,75.75,0.0,82355.0,279.15,0.0,390.0,89.5,0.0,27105.0,245.95,0.0,15990.0,105.1,0.0,97825.0,215.35,0.0,11180.0,123.25,0.0,38870.0,185.85,0.0,78130.0,143.85,0.0,198380.0,159.6,0.0,41795.0,167.3,0.0,205855.0,134.85,0.0,157040.0,193.9,0.0,161525.0,114.05,0.0,33605.0,222.05,0.0,19045.0,95.45,0.0,97045.0,254.9,0.0,47775.0,80.2,0.0,33800.0,289.25,0.0,2275.0,66.65,0.0,158925.0,324.15,0.0,28535.0,54.75,0.0,34905.0,362.25,0.0,975.0,45.05,0.0,44980.0,404.0,0.0,1495.0,37.55,0.0,24895.0,446.0,0.0,4160.0,31.1,0.0,35230.0,488.65,0.0,130.0,25.9,0.0,13975.0,530.55,653.0,65.0,21.65,0.0,61490.0,577.6,0.0,1690.0,17.95,0.0,8255.0,,,,15.15,0.0,43290.0,,,,12.7,0.0,15080.0,,,,11.1,0.0,112060.0,771.95,0.0,520.0,9.6,0.0,3640.0,,,,8.25,0.0,12870.0,,,,7.35,0.0,5330.0,,,,6.4,0.0,11960.0,,,,5.85,0.0,1495.0,,,,5.3,0.0,15015.0,,,,4.75,0.0,975.0,,,,4.4,0.0,3965.0,,,,4.15,0.0,15145.0,,,,3.8,0.0,20150.0,1259.9,0.0,260.0,3.5,0.0,3315.0,,,,3.2,0.0,2535.0,,,,3.0,0.0,1170.0,,,,2.8,0.0,260.0,,,
2026-01-27,2026-01-20 10:00:00+05:30,bearish,-0.0111278266368667,85,120,9323.25,65,4541.0,65,2086240.0,65,35.40783968288923,10.724274318482744,36.0,0.7837480731116494,11.580228065802592,11.957168248805367,9,0.10213110667996012,-11.49417316922747,10.722848797467554,-25,0.13943635534818866,13976.249999999998,55,0.0,55,1324700.0,55,,,,,-4.058586849852797,8.19442367450424,-9,0.15338567222767419,18.47981039263036,13.069742857985055,41,0.1433145514712459,0.0,-1.0,0.6349700897308076,-0.223263968290266,1.499074893411632,0.19970385630592924,,,,3.25,0.0,65.0,,,,3.45,0.0,33085.0,,,,3.65,0.0,1430.0,,,,3.75,0.0,2210.0,,,,4.1,0.0,585.0,1300.0,0.0,65.0,4.25,0.0,5850.0,,,,4.6,0.0,1365.0,1195.0,0.0,195.0,4.8,0.0,8645.0,,,,5.25,0.0,3315.0,,,,5.5,0.0,6305.0,,,,6.1,0.0,3965.0,1004.35,0.0,260.0,6.55,0.0,14625.0,,,,7.25,0.0,8970.0,,,,8.2,0.0,4875.0,,,,9.35,0.0,1625.0,,,,10.35,0.0,9945.0,,,,11.9,0.0,5785.0,705.05,0.0,455.0,14.35,0.0,28275.0,,,,16.9,0.0,7800.0,611.0,89.0,130.0,19.85,0.0,26780.0,560.6,0.0,65.0,23.45,0.0,13715.0,522.05,0.0,4355.0,28.2,0.0,203190.0,,,,33.55,0.0,11245.0,432.0,0.0,715.0,40.6,0.0,39585.0,399.85,143.0,520.0,48.95,0.0,15600.0,352.5,0.0,7670.0,58.3,0.0,58500.0,312.0,0.0,650.0,69.7,0.0,24635.0,278.95,0.0,17355.0,83.65,0.0,63960.0,244.75,0.0,10205.0,98.9,0.0,29705.0,212.9,0.0,53820.0,117.55,0.0,136240.0,184.05,0.0,69030.0,138.2,0.0,93145.0,156.7,0.0,192140.0,160.9,0.0,174785.0,132.35,0.0,56225.0,186.55,0.0,81770.0,111.25,0.0,160030.0,215.55,0.0,100880.0,91.9,0.0,170040.0,246.5,0.0,15860.0,75.45,0.0,94575.0,280.35,0.0,33215.0,61.65,0.0,60385.0,316.0,0.0,3055.0,50.2,0.0,95030.0,355.0,0.0,17875.0,41.45,0.0,13975.0,394.0,0.0,520.0,33.8,0.0,213070.0,442.0,0.0,3445.0,28.25,0.0,25350.0,474.0,0.0,325.0,23.9,0.0,135135.0,525.05,0.0,14755.0,19.45,0.0,28405.0,,,,16.75,0.0,65650.0,620.7,0.0,780.0,14.0,0.0,12675.0,,,,12.25,0.0,86645.0,711.3,0.0,195.0,10.9,0.0,17290.0,,,,9.65,0.0,28665.0,808.9,0.0,715.0,8.5,0.0,2990.0,862.0,0.0,520.0,7.7,0.0,38090.0,908.8,0.0,780.0,7.15,0.0,5265.0,,,,6.65,0.0,61555.0,1004.4,0.0,390.0,6.1,0.0,4030.0,1055.0,0.0,65.0,5.6,0.0,44135.0,,,,5.55,0.0,9685.0,,,,5.1,0.0,18850.0,,,,4.65,0.0,1820.0,,,,4.45,0.0,29900.0,,,,4.0,0.0,1235.0,,,,3.8,0.0,12805.0,,,,3.65,0.0,2470.0,,,
2026-02-03,2026-01-29 10:00:00+05:30,bullish,0.0215304165525127,96,131,10683.05,74,3774.0,74,4827030.0,74,51.9957604663487,2.975519805913687,53.0,0.5482246952835188,15.182017721041717,17.391263410578922,0,0.10631278446581024,-9.988584720655618,10.902940845774925,-25,0.11934793902490394,14876.300000000001,57,3171.0,57,5557630.0,57,18.0,0.0,18.0,1.0,-7.3971252134453,10.128891815450839,0,0.132967649879535,20.96307885697384,20.587838384859086,56,0.1877886302373574,0.8402225755166932,-0.08682505399568034,1.1513560098031295,0.0703537718134248,1.3925143100519048,0.16405933640722484,,,,6.15,0.0,14885.0,,,,6.55,0.0,19175.0,,,,7.2,0.0,18980.0,,,,7.7,0.0,20865.0,,,,8.7,0.0,7800.0,1275.0,5.0,65.0,9.65,0.0,21905.0,1211.45,0.0,2665.0,10.6,0.0,110825.0,,,,11.8,0.0,8255.0,,,,12.85,0.0,54080.0,,,,14.45,0.0,58955.0,,,,16.05,0.0,127335.0,,,,17.85,0.0,168675.0,,,,19.85,0.0,106210.0,,,,22.6,0.0,40300.0,,,,25.5,0.0,63180.0,,,,28.8,0.0,74230.0,735.25,0.0,1625.0,32.7,0.0,145860.0,683.75,0.0,260.0,37.35,0.0,53170.0,644.05,0.0,650.0,42.35,0.0,112450.0,605.0,0.0,65.0,48.4,0.0,78195.0,561.15,0.0,780.0,55.2,0.0,114400.0,520.0,0.0,260.0,63.7,0.0,95160.0,478.0,0.0,11180.0,72.7,0.0,197795.0,439.65,0.0,1950.0,82.8,0.0,99580.0,400.6,0.0,3380.0,94.85,0.0,203450.0,364.7,0.0,3055.0,108.4,0.0,123760.0,331.0,0.0,73905.0,123.3,0.0,362960.0,297.35,0.0,22685.0,139.7,0.0,203450.0,265.2,0.0,175565.0,159.5,0.0,567320.0,237.7,0.0,174655.0,179.8,0.0,384540.0,210.0,0.0,513175.0,202.25,0.0,738985.0,184.75,0.0,194285.0,227.2,0.0,259740.0,162.25,0.0,359905.0,253.8,0.0,345085.0,141.35,0.0,157170.0,283.55,0.0,70135.0,122.85,0.0,182975.0,315.45,0.0,80600.0,105.6,0.0,209365.0,349.7,0.0,32955.0,91.5,0.0,199160.0,383.6,0.0,59215.0,78.5,0.0,73840.0,420.4,0.0,2210.0,67.25,0.0,79950.0,460.5,0.0,6630.0,57.35,0.0,71435.0,500.35,0.0,1170.0,48.9,0.0,217035.0,541.65,0.0,2210.0,41.85,0.0,36465.0,,,,35.7,0.0,102765.0,628.7,0.0,1105.0,30.75,0.0,66170.0,669.0,0.0,65.0,26.35,0.0,82680.0,723.0,0.0,650.0,22.7,0.0,36075.0,,,,19.75,0.0,95160.0,814.0,0.0,3835.0,17.0,0.0,31135.0,,,,14.95,0.0,63570.0,908.55,3171.0,65.0,13.0,0.0,46800.0,,,,11.5,0.0,64090.0,,,,10.2,0.0,41730.0,,,,9.05,0.0,36920.0,1098.65,0.0,65.0,8.15,0.0,54340.0,,,,7.2,0.0,64610.0,,,,6.7,0.0,16900.0,,,,5.95,0.0,86775.0,,,,5.65,0.0,18655.0,,,,5.15,0.0,54860.0,,,,4.75,0.0,20540.0,,,,4.45,0.0,37115.0,,,
2026-02-10,2026-02-04 10:00:00+05:30,bullish,0.0060357919358562,98,134,16600.399999999994,66,451.0,66,6909045.0,66,-19.106430155210642,1.3005979799431209,-19.0,0.9933481152993349,9.917586294487878,13.440318778669855,0,0.1477519686150546,-17.29360437097902,12.239528385261266,-36,0.10815402038505101,7523.75,68,378.0,68,5628350.0,68,11.0,0.0,11.0,1.0,-8.688485968356623,12.201605170307548,0,0.13380297955884052,7.139584648612726,11.641695139404197,24,0.16022595115467686,0.8381374722838137,-0.08805790108564536,0.8146350182984768,-0.10215000803595962,0.4532270306739598,-0.37624745327814646,,,,8.1,0.0,17745.0,,,,8.65,0.0,12675.0,,,,9.05,0.0,50245.0,,,,9.5,0.0,15340.0,1295.0,0.0,390.0,10.05,0.0,35165.0,,,,10.65,0.0,16510.0,,,,11.15,0.0,37895.0,,,,11.9,0.0,7800.0,,,,12.6,0.0,29445.0,,,,13.45,0.0,17420.0,1010.0,0.0,195.0,14.4,0.0,58175.0,952.95,448.0,65.0,15.4,0.0,20800.0,909.0,0.0,130.0,16.75,0.0,29510.0,,,,18.2,0.0,28600.0,816.0,0.0,1365.0,19.9,0.0,174655.0,766.85,0.0,65.0,21.85,0.0,18460.0,722.7,0.0,7345.0,24.4,0.0,82290.0,672.4,0.0,65.0,27.4,0.0,54730.0,627.0,0.0,1235.0,31.1,0.0,146575.0,581.95,0.0,5265.0,35.35,0.0,112710.0,536.0,0.0,3185.0,40.4,0.0,197080.0,493.05,0.0,1690.0,46.4,0.0,89960.0,450.0,0.0,2275.0,53.95,0.0,166530.0,410.0,0.0,4680.0,62.1,0.0,86775.0,368.3,0.0,37440.0,72.85,0.0,437580.0,333.0,0.0,10270.0,84.4,0.0,301600.0,293.75,0.0,105950.0,98.2,0.0,393055.0,260.35,0.0,82680.0,113.35,0.0,228605.0,227.55,0.0,501540.0,132.15,0.0,657410.0,197.95,0.0,569205.0,152.1,0.0,558220.0,170.95,0.0,1020825.0,175.0,0.0,753090.0,147.6,0.0,293995.0,199.95,0.0,118170.0,124.95,0.0,360035.0,229.25,0.0,85150.0,105.9,0.0,288925.0,259.75,0.0,11440.0,89.15,0.0,494975.0,292.5,0.0,69940.0,74.7,0.0,93015.0,328.0,0.0,7345.0,62.4,0.0,184925.0,365.8,0.0,6370.0,51.9,0.0,119080.0,411.8,0.0,1105.0,43.3,0.0,303290.0,446.0,0.0,8775.0,36.05,0.0,93535.0,489.05,0.0,1365.0,30.25,0.0,95420.0,528.6,0.0,2925.0,25.35,0.0,78390.0,581.4,378.0,65.0,21.25,0.0,87815.0,,,,18.2,0.0,37180.0,,,,15.6,0.0,131430.0,712.85,0.0,2080.0,13.25,0.0,31720.0,,,,11.4,0.0,51220.0,,,,10.05,0.0,21645.0,,,,8.7,0.0,59735.0,,,,7.75,0.0,14040.0,,,,6.95,0.0,80665.0,,,,6.3,0.0,19435.0,,,,5.6,0.0,62335.0,,,,5.0,0.0,70070.0,,,,4.55,0.0,182845.0,1205.5,0.0,65.0,4.05,0.0,7605.0,,,,3.7,0.0,90155.0,,,,3.4,0.0,18330.0,,,,3.05,0.0,60385.0,,,,2.85,0.0,19045.0,,,,2.6,0.0,127400.0,,,
2026-02-17,2026-02-11 10:00:00+05:30,bearish,-0.0083952634987202,93,120,8342.05,51,0.0,51,10514790.0,51,,,,,4.8315406204023095,7.654123130001654,1,0.19353263355711336,-10.68387866291859,8.136941151809427,-23,0.1410924173314713,4317.8,69,0.0,69,12643995.0,69,,,,,-5.041187931504243,11.094115528649423,-1,0.1906612585658251,3.7995275371717074,9.4646509272412,11,0.12281717541340496,,,1.2024961982122324,0.09193940873841179,0.5175945960525291,-0.3178750143169152,,,,5.2,0.0,11700.0,,,,5.5,0.0,52390.0,,,,5.8,0.0,27755.0,,,,5.95,0.0,24830.0,,,,6.25,0.0,5460.0,,,,6.6,0.0,60710.0,,,,6.8,0.0,24115.0,1177.0,0.0,195.0,7.05,0.0,60515.0,,,,7.4,0.0,21905.0,,,,7.8,0.0,46735.0,,,,8.3,0.0,49530.0,975.0,0.0,130.0,8.8,0.0,105430.0,,,,9.25,0.0,34320.0,,,,9.85,0.0,77805.0,,,,10.45,0.0,31590.0,,,,11.25,0.0,57525.0,735.45,0.0,585.0,12.15,0.0,32630.0,,,,13.25,0.0,68445.0,644.0,0.0,130.0,14.65,0.0,131625.0,591.1,0.0,130.0,16.45,0.0,91000.0,542.8,0.0,65.0,18.6,0.0,116740.0,499.15,0.0,8385.0,21.7,0.0,322205.0,453.0,0.0,975.0,25.25,0.0,151580.0,407.3,0.0,7735.0,29.8,0.0,274690.0,364.4,0.0,3965.0,35.7,0.0,265915.0,321.7,0.0,39650.0,43.0,0.0,441155.0,280.8,0.0,31785.0,52.25,0.0,314275.0,242.45,0.0,196625.0,63.75,0.0,706485.0,206.4,0.0,176150.0,77.65,0.0,778700.0,173.35,0.0,1185600.0,94.25,0.0,2410720.0,142.75,0.0,1171495.0,114.25,0.0,1927835.0,116.15,0.0,2034955.0,137.25,0.0,2011425.0,92.3,0.0,761800.0,163.75,0.0,391625.0,72.75,0.0,1065350.0,193.95,0.0,440050.0,56.0,0.0,345735.0,228.0,0.0,82420.0,43.15,0.0,582530.0,264.4,0.0,149500.0,33.15,0.0,313690.0,304.35,0.0,18330.0,25.2,0.0,408330.0,345.8,0.0,25415.0,19.7,0.0,271440.0,390.0,0.0,6175.0,15.55,0.0,225615.0,436.0,0.0,4680.0,12.55,0.0,92625.0,482.4,0.0,2535.0,10.55,0.0,177580.0,530.3,0.0,2665.0,8.95,0.0,102115.0,,,,7.8,0.0,120250.0,,,,6.95,0.0,36335.0,,,,6.25,0.0,77350.0,,,,5.6,0.0,21515.0,,,,5.1,0.0,70525.0,,,,4.65,0.0,36725.0,,,,4.3,0.0,118690.0,,,,3.95,0.0,26195.0,,,,3.75,0.0,146445.0,,,,3.45,0.0,18005.0,,,,3.15,0.0,74815.0,,,,2.9,0.0,119470.0,,,,2.65,0.0,76050.0,,,,2.5,0.0,28405.0,,,,2.2,0.0,36595.0,,,,2.25,0.0,56290.0,,,,2.05,0.0,40625.0,,,,1.9,0.0,1690.0,,,
2026-02-24,2026-02-18 10:00:00+05:30,bearish,-0.0094266478614228,101,137,11119.350000000002,67,231.0,67,10408060.0,67,-16.0,0.0,-16.0,1.0,7.513158552122105,9.114884535760124,1,0.13315305638130448,-13.068740528897822,9.590071812475525,-27,0.12455764050956214,10403.25,70,553.0,70,16398265.0,70,12.0,0.0,12.0,1.0,-3.8546977378399485,8.553956162214714,1,0.1787054910992108,12.337168673251147,10.435208413502895,27,0.12784466392713814,2.393939393939394,0.4107142857142857,1.5755352102120856,0.22346237315260484,0.9355987535242616,-0.033272002453235305,,,,5.5,0.0,3770.0,,,,5.75,0.0,68965.0,,,,5.95,0.0,16835.0,1385.0,0.0,520.0,6.35,0.0,93860.0,,,,6.7,0.0,11180.0,,,,6.95,0.0,86580.0,,,,7.35,0.0,36465.0,1181.7,0.0,65.0,7.7,0.0,102505.0,,,,8.15,0.0,27690.0,,,,8.5,0.0,128830.0,,,,9.15,0.0,43745.0,980.0,0.0,65.0,9.75,0.0,145535.0,,,,10.45,0.0,42770.0,895.15,0.0,195.0,11.2,0.0,161785.0,835.15,231.0,65.0,12.25,0.0,71110.0,,,,13.25,0.0,126945.0,,,,14.65,0.0,61100.0,700.85,0.0,3315.0,16.15,0.0,432380.0,,,,18.1,0.0,96590.0,600.0,0.0,910.0,20.6,0.0,157690.0,544.65,0.0,130.0,23.15,0.0,196885.0,510.9,0.0,5005.0,26.65,0.0,321880.0,461.0,0.0,130.0,31.0,0.0,236470.0,422.55,0.0,15795.0,36.35,0.0,612820.0,379.0,0.0,2145.0,43.0,0.0,214500.0,336.55,0.0,38545.0,51.25,0.0,788970.0,296.45,0.0,17485.0,61.1,0.0,446355.0,257.4,0.0,250120.0,73.15,0.0,1158495.0,223.35,0.0,82160.0,87.45,0.0,998335.0,190.25,0.0,474435.0,104.65,0.0,1736540.0,159.55,0.0,819780.0,124.75,0.0,1791530.0,133.7,0.0,1385865.0,147.95,0.0,2930460.0,110.3,0.0,966030.0,174.1,0.0,1227135.0,89.55,0.0,854425.0,204.1,0.0,949325.0,72.3,0.0,456040.0,236.55,0.0,143390.0,57.85,0.0,600470.0,271.45,0.0,194740.0,46.2,0.0,260065.0,310.5,0.0,31200.0,36.75,0.0,549315.0,350.45,0.0,100295.0,29.05,0.0,171080.0,399.0,0.0,3770.0,23.3,0.0,342550.0,441.1,0.0,9620.0,18.75,0.0,261105.0,482.95,0.0,455.0,15.35,0.0,394940.0,529.6,0.0,1820.0,12.7,0.0,132925.0,590.15,553.0,195.0,10.65,0.0,189605.0,634.0,0.0,650.0,9.2,0.0,81640.0,675.0,0.0,65.0,8.0,0.0,248560.0,732.0,0.0,65.0,7.0,0.0,37570.0,,,,6.3,0.0,211900.0,821.1,0.0,6695.0,5.5,0.0,93665.0,,,,4.95,0.0,129090.0,,,,4.65,0.0,46085.0,,,,4.2,0.0,297180.0,,,,3.9,0.0,58565.0,,,,3.55,0.0,184405.0,1132.75,0.0,130.0,3.4,0.0,30615.0,,,,3.1,0.0,63050.0,,,,2.95,0.0,69875.0,,,,2.75,0.0,156650.0,1330.0,0.0,65.0,2.35,0.0,46345.0,,,,2.2,0.0,114465.0,,,,2.05,0.0,49985.0,,,
2026-03-02,2026-02-24 10:00:00+05:30,bearish,-0.0255050653498716,88,115,5170.599999999999,51,585.0,51,1032395.0,51,37.0,0.0,37.0,1.0,13.454385191714412,12.566167384868454,0,0.08398917081155953,-5.598924689591151,9.656027138410527,-20,0.20414458670173677,12381.350000000002,64,874.0,64,837200.0,64,31.35011441647597,3.4173579307973387,30.0,0.8649885583524027,-13.317313664596274,15.618675462995723,0,0.10163043478260869,16.057534113808266,14.895823541237371,40,0.157902813505797,1.494017094017094,0.19808087731322824,0.8109299250771265,-0.10440496471160866,2.3945673616214758,0.41082329883574203,,,,6.4,0.0,54990.0,,,,6.8,0.0,65.0,,,,7.1,0.0,2340.0,,,,,,,,,,8.1,0.0,2535.0,,,,8.75,0.0,3770.0,,,,9.05,0.0,16575.0,,,,10.2,0.0,3835.0,,,,11.0,0.0,10400.0,,,,12.1,0.0,1365.0,1055.55,0.0,325.0,13.3,0.0,44395.0,,,,14.75,0.0,4225.0,,,,16.35,0.0,2730.0,,,,18.25,0.0,5590.0,,,,20.35,0.0,13715.0,,,,22.75,0.0,4550.0,,,,25.75,0.0,13650.0,,,,29.15,0.0,2795.0,,,,33.15,0.0,40820.0,,,,38.2,0.0,4290.0,591.45,0.0,3120.0,43.65,0.0,41535.0,,,,49.95,0.0,5005.0,504.05,0.0,585.0,56.6,0.0,7085.0,,,,65.65,0.0,4030.0,423.5,0.0,4550.0,75.2,0.0,28925.0,,,,86.3,0.0,15015.0,347.65,0.0,4485.0,98.75,0.0,31005.0,313.55,0.0,1950.0,113.3,0.0,16835.0,278.35,0.0,7670.0,129.5,0.0,54405.0,247.5,0.0,6825.0,147.3,0.0,46020.0,216.1,0.0,86710.0,167.7,0.0,85085.0,188.85,0.0,35750.0,189.75,0.0,55445.0,162.3,0.0,65650.0,213.9,0.0,40105.0,139.1,0.0,47645.0,239.1,0.0,8710.0,117.9,0.0,56550.0,268.15,0.0,9620.0,98.55,0.0,26325.0,298.55,0.0,1560.0,81.9,0.0,43485.0,331.0,0.0,4355.0,68.15,0.0,20865.0,366.25,0.0,65.0,55.5,0.0,50635.0,407.35,0.0,3575.0,45.1,0.0,22620.0,442.95,0.0,455.0,36.4,0.0,85280.0,483.3,0.0,5655.0,29.0,0.0,25675.0,527.05,0.0,65.0,23.05,0.0,51090.0,571.05,0.0,2340.0,18.95,0.0,12610.0,,,,15.15,0.0,33930.0,661.1,0.0,195.0,12.65,0.0,6435.0,,,,10.4,0.0,13780.0,756.25,0.0,195.0,8.7,0.0,10985.0,,,,7.55,0.0,15860.0,857.0,0.0,390.0,6.65,0.0,325.0,,,,6.2,0.0,32955.0,951.65,0.0,195.0,5.45,0.0,2665.0,,,,5.05,0.0,2730.0,,,,4.65,0.0,1495.0,,,,4.35,0.0,14170.0,,,,3.9,0.0,845.0,,,,3.7,0.0,2925.0,,,,3.35,0.0,1625.0,,,,3.25,0.0,11245.0,,,,3.05,0.0,325.0,,,,2.85,0.0,59930.0,1447.4,756.0,65.0
2026-03-10,2026-03-04 10:00:00+05:30,bearish,-0.0026391732234911,93,141,14119.749999999998,85,294.0,85,8622510.0,85,-18.602040816326532,3.1060828928265156,-21.0,0.6190476190476191,16.38114945648077,15.438818194046211,1,0.08103034963137185,-6.986189557180545,10.51545655379369,-21,0.07961189114538147,31413.949999999997,56,2339.0,56,15844335.0,56,26.28687473279179,6.459480276642523,31.0,0.5690466011115861,-7.666777431807646,8.59448001210936,-1,0.11259071459925582,17.645063737607018,13.698474665094533,37,0.05882736809602104,7.95578231292517,0.7766805924800607,1.8375548419195802,0.2951678077005842,2.2248233856831745,0.3798109971295985,,,,,,,,,,,,,,,,,,,,,,,,,,,,,,,,,,65.4,0.0,772655.0,,,,25.35,0.0,65.0,,,,73.05,0.0,197860.0,,,,25.35,0.0,8515.0,1124.1,182.0,910.0,22.55,0.0,65.0,,,,87.5,0.0,720005.0,,,,92.75,0.0,634270.0,,,,98.65,0.0,440635.0,952.15,0.0,2340.0,105.0,0.0,1003145.0,911.2,0.0,65.0,111.55,0.0,243685.0,865.0,101.0,65.0,118.8,0.0,375635.0,,,,126.55,0.0,230750.0,779.15,0.0,65.0,134.6,0.0,325455.0,744.9,11.0,65.0,142.9,0.0,176150.0,701.0,0.0,1885.0,152.35,0.0,533130.0,663.15,0.0,2535.0,163.0,0.0,276575.0,624.05,0.0,780.0,173.1,0.0,358475.0,583.2,0.0,3510.0,185.4,0.0,231140.0,549.0,0.0,27430.0,197.6,0.0,1426295.0,512.45,0.0,5785.0,212.0,0.0,228800.0,479.3,0.0,20020.0,225.05,0.0,593450.0,443.0,0.0,12610.0,241.4,0.0,245895.0,409.75,0.0,99060.0,259.0,0.0,668785.0,377.5,0.0,67210.0,276.0,0.0,551915.0,347.2,0.0,439920.0,296.5,0.0,1783925.0,318.0,0.0,393185.0,317.0,0.0,1264055.0,290.0,0.0,698685.0,338.1,0.0,1362205.0,264.05,0.0,224575.0,361.05,0.0,255255.0,238.55,0.0,395980.0,386.65,0.0,468650.0,215.25,0.0,110305.0,414.45,0.0,58110.0,193.95,0.0,281060.0,440.05,0.0,116740.0,173.5,0.0,117390.0,470.7,0.0,28795.0,155.15,0.0,212355.0,502.95,0.0,63505.0,137.25,0.0,123890.0,535.05,0.0,16510.0,121.8,0.0,244400.0,569.45,0.0,57785.0,107.8,0.0,124280.0,604.75,0.0,16380.0,94.75,0.0,248950.0,641.0,0.0,40690.0,83.6,0.0,132405.0,681.95,0.0,18460.0,73.0,0.0,568035.0,720.0,0.0,26325.0,64.15,0.0,124345.0,760.1,0.0,715.0,56.1,0.0,151905.0,803.6,0.0,2600.0,49.2,0.0,106145.0,,,,43.1,0.0,336895.0,890.0,0.0,2665.0,37.9,0.0,131885.0,937.9,878.0,1755.0,33.25,0.0,198380.0,979.25,0.0,975.0,29.3,0.0,87945.0,1028.25,0.0,195.0,25.6,0.0,121095.0,1070.9,0.0,1170.0,22.7,0.0,55900.0,1122.1,0.0,6500.0,20.2,0.0,303940.0,1166.0,0.0,4290.0,17.9,0.0,59800.0,1220.0,0.0,130.0,15.8,0.0,155220.0,1262.0,0.0,325.0,14.3,0.0,46670.0,,,,12.65,0.0,104390.0,1371.0,0.0,975.0,11.55,0.0,85670.0,1431.95,0.0,130.0,10.25,0.0,230750.0,,,,9.3,0.0,119015.0,,,
2026-03-17,2026-03-11 10:00:00+05:30,bearish,-0.0237408195540392,118,158,13119.65,81,916.0,81,3639545.0,81,47.10043668122271,25.73926112241932,52.0,0.5327510917030568,11.592431196756737,14.6400942856949,1,0.1095494079617095,-8.628374232544315,10.111869266686359,-23,0.0922280701085776,17021.550000000003,77,1621.0,77,6168045.0,77,23.0,0.0,23.0,1.0,-6.869189508182901,11.661559157874796,1,0.16269903997133614,9.608869345036144,12.106344457081738,23,0.0663864336679092,1.769650655021834,0.2778872684272763,1.6947296983551516,0.257810532454966,1.2974088485592226,0.12945403633564698,,,,19.55,0.0,7345.0,,,,21.1,0.0,40105.0,,,,22.5,0.0,20020.0,,,,24.5,0.0,58500.0,,,,26.4,0.0,21515.0,,,,28.5,0.0,48555.0,,,,30.95,0.0,10010.0,1210.0,0.0,260.0,33.55,0.0,141115.0,,,,36.35,0.0,50245.0,,,,39.4,0.0,40170.0,,,,42.85,0.0,45305.0,1022.0,0.0,130.0,46.6,0.0,97890.0,,,,50.75,0.0,42445.0,,,,55.3,0.0,49205.0,886.4,0.0,195.0,60.45,0.0,89180.0,842.5,0.0,585.0,65.7,0.0,107510.0,795.6,131.0,130.0,72.0,0.0,46150.0,750.05,0.0,1950.0,78.6,0.0,164905.0,,,,86.15,0.0,72085.0,668.3,0.0,3835.0,94.0,0.0,101790.0,628.2,0.0,390.0,102.5,0.0,102700.0,585.95,0.0,1040.0,112.4,0.0,171405.0,549.6,0.0,520.0,123.05,0.0,90285.0,512.0,0.0,12545.0,134.6,0.0,246545.0,472.0,0.0,1495.0,147.5,0.0,91065.0,439.0,0.0,5915.0,161.35,0.0,198315.0,402.8,0.0,5720.0,175.8,0.0,124735.0,370.0,0.0,49530.0,192.3,0.0,489645.0,337.15,0.0,27105.0,209.85,0.0,170820.0,306.95,0.0,139490.0,228.75,0.0,516100.0,277.3,0.0,282490.0,249.55,0.0,586885.0,250.35,0.0,398710.0,272.3,0.0,1003535.0,223.85,0.0,179140.0,296.2,0.0,315640.0,199.95,0.0,370240.0,322.0,0.0,312910.0,177.05,0.0,94510.0,348.85,0.0,47775.0,156.55,0.0,191685.0,379.0,0.0,57980.0,137.5,0.0,52260.0,409.35,0.0,10140.0,120.3,0.0,175175.0,442.0,0.0,34320.0,104.6,0.0,48620.0,479.0,0.0,845.0,90.3,0.0,117325.0,511.8,0.0,10075.0,78.1,0.0,57265.0,550.25,0.0,1495.0,67.1,0.0,113360.0,588.9,0.0,4290.0,57.4,0.0,80925.0,629.15,0.0,130.0,49.1,0.0,85345.0,670.0,0.0,1625.0,42.1,0.0,61490.0,716.1,0.0,65.0,36.0,0.0,54730.0,756.6,0.0,975.0,30.75,0.0,28665.0,805.8,0.0,260.0,26.4,0.0,124085.0,848.05,0.0,1560.0,22.65,0.0,37635.0,895.4,0.0,325.0,19.4,0.0,81900.0,939.7,0.0,780.0,16.7,0.0,28600.0,985.3,0.0,195.0,14.45,0.0,42445.0,1033.7,0.0,260.0,12.75,0.0,40170.0,,,,11.0,0.0,32045.0,1130.0,1621.0,195.0,9.85,0.0,16640.0,,,,8.7,0.0,58500.0,,,,7.9,0.0,25870.0,,,,6.95,0.0,53235.0,,,,6.35,0.0,21905.0,,,,5.75,0.0,43550.0,,,,5.15,0.0,41340.0,,,
2026-03-24,2026-03-18 10:00:00+05:30,bearish,-0.0328709243747137,118,159,13338.2,82,1192.0,82,5918575.0,82,58.36241610738255,4.959182067627158,54.0,0.5637583892617449,6.629388830926363,9.836378915959704,0,0.16014496732743946,-10.977182078541334,9.46072808721412,-24,0.09065691022776687,19415.15,77,306.0,77,6410560.0,77,28.0,0.0,28.0,1.0,-10.061262978585335,12.820013742713135,0,0.1267845554834523,17.335415899439354,17.728702660749345,46,0.11931661614769909,0.25671140939597314,-0.5914552736982643,1.0831255834385811,0.039904259301240516,1.45560495419172,0.18553674662286454,,,,19.15,0.0,75400.0,,,,20.45,0.0,14105.0,,,,21.8,0.0,77155.0,,,,23.25,0.0,14690.0,,,,24.95,0.0,87295.0,,,,26.85,0.0,24700.0,1209.2,0.0,585.0,28.6,0.0,107185.0,,,,30.8,0.0,20670.0,,,,33.1,0.0,49010.0,,,,35.75,0.0,35100.0,1024.5,0.0,65.0,38.5,0.0,91455.0,976.9,0.0,195.0,41.55,0.0,39650.0,927.05,0.0,325.0,44.9,0.0,123890.0,,,,48.55,0.0,45630.0,835.8,0.0,65.0,52.8,0.0,156845.0,,,,57.3,0.0,54340.0,749.25,0.0,2665.0,62.3,0.0,266500.0,699.75,0.0,130.0,67.85,0.0,48230.0,658.45,0.0,520.0,74.0,0.0,124410.0,612.25,0.0,390.0,80.95,0.0,89050.0,574.8,0.0,5330.0,88.8,0.0,368160.0,531.8,0.0,1300.0,97.15,0.0,124605.0,493.2,0.0,13780.0,106.25,0.0,286130.0,453.35,0.0,5850.0,116.9,0.0,119990.0,415.3,0.0,29185.0,128.9,0.0,260845.0,377.65,0.0,11310.0,141.7,0.0,135720.0,342.9,0.0,104195.0,156.45,0.0,404430.0,308.85,0.0,64285.0,172.0,0.0,176670.0,277.1,0.0,347490.0,190.1,0.0,519090.0,247.25,0.0,315185.0,209.7,0.0,533065.0,218.35,0.0,947830.0,231.9,0.0,812760.0,192.25,0.0,397345.0,255.45,0.0,242125.0,168.55,0.0,552435.0,281.45,0.0,170755.0,146.9,0.0,214045.0,309.7,0.0,41925.0,127.45,0.0,267670.0,340.1,0.0,67600.0,109.1,0.0,146510.0,371.9,0.0,9555.0,93.95,0.0,584415.0,406.2,0.0,23790.0,79.95,0.0,144300.0,443.0,0.0,2730.0,67.7,0.0,154310.0,480.95,0.0,8320.0,57.3,0.0,79755.0,520.95,0.0,1105.0,48.2,0.0,204815.0,561.25,0.0,2275.0,40.75,0.0,75010.0,604.0,0.0,650.0,34.4,0.0,120055.0,645.0,0.0,1040.0,29.1,0.0,35555.0,,,,24.55,0.0,108940.0,735.0,0.0,1300.0,20.95,0.0,56550.0,,,,17.85,0.0,124345.0,835.15,0.0,585.0,15.2,0.0,34385.0,,,,12.95,0.0,65455.0,922.0,0.0,1170.0,11.35,0.0,43745.0,973.15,0.0,130.0,9.75,0.0,66560.0,,,,8.7,0.0,34060.0,,,,7.55,0.0,39845.0,1123.7,0.0,260.0,6.7,0.0,39455.0,,,,5.95,0.0,26780.0,,,,5.35,0.0,12675.0,,,,4.65,0.0,76960.0,1315.45,0.0,325.0,4.2,0.0,17160.0,,,,3.7,0.0,12220.0,1435.5,306.0,0.0,3.4,0.0,25870.0,,,,3.05,0.0,39130.0,,,
2026-03-30,2026-03-23 10:00:00+05:30,bearish,-0.0117734523143098,106,162,15253.95,86,3868.0,86,705640.0,86,38.56695966907963,47.7544933847026,57.0,0.3099793174767322,19.70679808400884,18.57271687980722,18,0.1414885777450258,-11.509061587326562,23.245334832332816,-52,0.1708967185548661,82483.7,76,13741.0,76,1199185.0,76,54.418310166654535,13.94530562161134,64.0,0.6706207699585183,-9.440403273890183,20.922049746936676,-12,0.12911268903463602,52.753653146015516,40.81238126650909,148,0.08979956039799379,3.552481902792141,0.5606791981373161,1.6994288872512897,0.2591025422282887,5.407366616515722,0.6878592845234155,,,,69.1,0.0,17550.0,,,,74.1,0.0,3250.0,,,,77.15,0.0,13065.0,,,,82.75,0.0,845.0,,,,87.15,0.0,18915.0,,,,92.1,0.0,1560.0,,,,,,,,,,104.2,0.0,2275.0,,,,109.35,0.0,29380.0,,,,,,,,,,,,,,,,,,,,,,139.5,0.0,11765.0,,,,147.65,0.0,17615.0,,,,157.2,0.0,19890.0,,,,,,,,,,178.35,0.0,7605.0,,,,188.1,0.0,11180.0,804.1,0.0,4225.0,199.85,0.0,154830.0,,,,214.25,0.0,7540.0,730.85,0.0,130.0,226.15,0.0,10075.0,690.05,0.0,130.0,242.05,0.0,1820.0,659.75,0.0,455.0,254.1,0.0,18005.0,,,,272.9,0.0,1235.0,591.0,0.0,585.0,286.2,0.0,14365.0,559.6,0.0,130.0,304.05,0.0,8970.0,530.0,0.0,390.0,322.3,0.0,20020.0,497.7,0.0,1170.0,344.05,0.0,5915.0,468.9,0.0,13390.0,362.2,0.0,138385.0,439.6,0.0,3640.0,382.9,0.0,13260.0,410.65,0.0,34125.0,406.05,0.0,68445.0,385.0,0.0,9620.0,427.0,0.0,11570.0,358.6,0.0,66625.0,452.1,0.0,107055.0,334.15,0.0,5655.0,476.1,0.0,3315.0,308.65,0.0,28925.0,502.35,0.0,34060.0,285.55,0.0,7215.0,528.35,0.0,1300.0,263.9,0.0,9230.0,555.0,0.0,7670.0,243.6,0.0,2145.0,585.1,0.0,3250.0,223.65,0.0,44460.0,615.65,0.0,41990.0,205.35,0.0,3900.0,653.4,0.0,780.0,187.8,0.0,17355.0,677.45,0.0,12545.0,170.9,0.0,4875.0,715.3,0.0,2080.0,155.55,0.0,35230.0,744.35,0.0,107445.0,141.8,0.0,8710.0,784.8,0.0,585.0,128.4,0.0,17875.0,818.15,0.0,21385.0,115.5,0.0,7085.0,854.7,0.0,650.0,104.0,0.0,13520.0,898.6,0.0,2665.0,93.6,0.0,4290.0,953.15,0.0,1170.0,83.7,0.0,99840.0,974.5,0.0,5395.0,75.75,0.0,3835.0,,,,67.25,0.0,16250.0,1061.35,0.0,650.0,60.25,0.0,975.0,,,,53.9,0.0,10790.0,1149.0,0.0,585.0,48.25,0.0,2600.0,1198.95,0.0,845.0,42.95,0.0,13585.0,1227.55,0.0,1560.0,38.65,0.0,2470.0,,,,35.0,0.0,6825.0,1329.95,0.0,455.0,31.8,0.0,2665.0,,,,28.9,0.0,36595.0,1417.8,0.0,9100.0,25.9,0.0,2470.0,,,,23.7,0.0,8515.0,1520.0,1620.0,390.0
2026-04-07,2026-03-30 10:00:00+05:30,bullish,0.0225052731188122,99,127,14307.550000000001,84,618.0,84,677040.0,84,60.95145631067961,23.54066039969815,70.0,0.5339805825242718,24.903321812596005,16.214064736011267,18,0.09168586789554531,-3.9990494529112257,16.231601800192568,-32,0.11811945441392831,21858.4,43,8865.0,43,443040.0,43,38.0,0.0,38.0,1.0,-19.6924882629108,15.172624916611854,-32,0.22344483568075119,15.540041814588442,21.92037778879623,58,0.1301559126011053,14.344660194174757,0.8696614995254667,0.6543778801843319,-0.20891364902506965,1.5277528297996512,0.20878339985538882,,,,,,,,,,,,,,,,79.0,0.0,8255.0,,,,,,,,,,,,,,,,,,,,,,,,,,,,,,,1249.5,0.0,130.0,115.65,0.0,98085.0,,,,,,,,,,,,,,,,141.8,0.0,2600.0,,,,152.0,0.0,12025.0,,,,162.05,0.0,975.0,,,,173.3,0.0,4030.0,,,,185.05,0.0,845.0,,,,195.55,0.0,2275.0,888.85,56.0,65.0,,,,855.0,0.0,1300.0,220.0,0.0,25155.0,,,,234.5,0.0,715.0,,,,247.45,0.0,8190.0,,,,264.5,0.0,1300.0,714.9,0.0,65.0,278.45,0.0,5135.0,,,,295.05,0.0,390.0,645.45,0.0,1105.0,311.75,0.0,10660.0,612.9,0.0,65.0,329.7,0.0,1300.0,581.6,0.0,520.0,348.75,0.0,6500.0,,,,366.5,0.0,975.0,523.0,0.0,39325.0,388.0,0.0,29055.0,495.0,0.0,1365.0,408.75,0.0,4290.0,467.3,0.0,23270.0,429.75,0.0,22620.0,438.65,0.0,4485.0,451.0,0.0,7735.0,414.05,0.0,11440.0,474.05,0.0,12675.0,386.25,0.0,3185.0,502.65,0.0,1560.0,363.0,0.0,10075.0,525.9,0.0,5655.0,339.4,0.0,845.0,552.6,0.0,455.0,316.35,0.0,8710.0,577.1,0.0,455.0,292.85,0.0,520.0,605.95,0.0,195.0,273.8,0.0,30940.0,633.15,0.0,4875.0,253.3,0.0,520.0,666.45,0.0,130.0,232.7,0.0,19565.0,691.4,0.0,1365.0,214.3,0.0,1170.0,,,,197.0,0.0,6110.0,758.4,0.0,3055.0,180.8,0.0,585.0,,,,165.0,0.0,4810.0,828.75,0.0,520.0,150.0,0.0,6305.0,,,,137.15,0.0,14040.0,893.95,0.0,130.0,124.6,0.0,1885.0,,,,111.9,0.0,62075.0,970.0,0.0,650.0,102.0,0.0,3055.0,,,,91.3,0.0,20020.0,,,,82.45,0.0,1365.0,,,,72.45,0.0,13065.0,,,,65.2,0.0,390.0,1170.0,0.0,65.0,57.85,0.0,13845.0,,,,51.45,0.0,8450.0,,,,45.95,0.0,41990.0,,,,40.65,0.0,1300.0,,,,36.15,0.0,58240.0,1386.25,0.0,1430.0,32.45,0.0,3705.0,,,,29.0,0.0,22295.0,,,
2026-04-13,2026-04-07 10:00:00+05:30,bullish,0.0416481900971412,105,136,11528.55,67,1714.0,67,817570.0,67,47.62485414235706,7.448766322542975,41.0,0.558343057176196,15.387740499284465,15.59541742971961,12,0.1347591031960566,-3.4029301169704778,9.830699304582735,-18,0.08587376556462001,20226.0,69,783.0,69,607815.0,69,-33.26053639846743,31.182953119124527,-53.0,0.7139208173690932,-17.970591380601004,17.87244611963895,-8,0.08640787081595551,17.717487392465145,25.112946576742143,62,0.15277365766834766,0.45682613768961494,-0.37284741690028034,0.7434409286055017,-0.1471567330931643,1.7544270528383883,0.27389618180701664,,,,35.8,0.0,2925.0,,,,38.9,0.0,2145.0,,,,42.85,0.0,39325.0,,,,46.3,0.0,1950.0,,,,50.45,0.0,3575.0,,,,54.5,0.0,845.0,,,,59.5,0.0,9945.0,,,,65.0,0.0,455.0,,,,70.6,0.0,18590.0,,,,77.15,0.0,975.0,,,,84.0,0.0,3315.0,,,,,,,990.0,0.0,1820.0,99.4,0.0,36530.0,,,,107.3,0.0,2860.0,,,,116.0,0.0,7540.0,,,,124.85,0.0,2145.0,,,,135.85,0.0,12220.0,790.55,0.0,130.0,146.65,0.0,20345.0,753.1,0.0,1495.0,158.55,0.0,21190.0,,,,170.2,0.0,975.0,679.15,0.0,2080.0,183.05,0.0,8580.0,645.0,0.0,130.0,198.1,0.0,2925.0,608.0,0.0,4160.0,213.3,0.0,52520.0,570.0,0.0,845.0,226.5,0.0,3640.0,539.5,0.0,2860.0,243.4,0.0,14430.0,504.3,0.0,910.0,260.75,0.0,5655.0,475.1,0.0,10790.0,280.95,0.0,24050.0,445.45,0.0,4615.0,298.6,0.0,12415.0,415.6,0.0,39325.0,317.5,0.0,40690.0,387.1,0.0,25090.0,340.7,0.0,19565.0,360.4,0.0,77090.0,362.6,0.0,51155.0,332.65,0.0,12285.0,384.55,0.0,4615.0,306.7,0.0,67925.0,410.7,0.0,24440.0,282.15,0.0,6955.0,435.3,0.0,325.0,258.2,0.0,19565.0,459.8,0.0,4875.0,237.25,0.0,6500.0,491.95,0.0,390.0,217.0,0.0,26975.0,517.75,0.0,1560.0,196.85,0.0,2535.0,546.0,0.0,390.0,177.95,0.0,20150.0,577.0,0.0,195.0,161.55,0.0,4290.0,610.6,0.0,1170.0,144.3,0.0,26455.0,645.0,0.0,195.0,129.5,0.0,3055.0,,,,116.4,0.0,110175.0,715.7,0.0,1040.0,103.1,0.0,9295.0,,,,91.4,0.0,15470.0,,,,79.9,0.0,2145.0,,,,71.85,0.0,11245.0,865.85,224.0,65.0,62.85,0.0,2275.0,,,,54.75,0.0,7150.0,,,,46.9,0.0,3380.0,,,,41.25,0.0,8255.0,1040.0,0.0,65.0,35.75,0.0,2145.0,,,,30.45,0.0,44525.0,1128.5,0.0,130.0,25.85,0.0,3965.0,,,,22.2,0.0,6695.0,,,,18.5,0.0,4095.0,,,,15.8,0.0,8450.0,1310.0,0.0,130.0,13.2,0.0,1040.0,,,,11.5,0.0,11245.0,,,,10.0,0.0,4940.0,,,,8.5,0.0,13325.0,,,
2026-04-21,2026-04-15 10:00:00+05:30,bullish,0.0148574543292259,113,145,13623.099999999999,57,3634.0,57,3081065.0,57,-31.69455145844799,15.765366067154662,-44.0,0.6197028068244359,6.540326153456678,8.247885726957639,0,0.1614522900360752,-15.293226211361583,15.235100514324452,-44,0.16369255162187757,10914.75,88,119.0,88,3790995.0,88,20.0,0.0,20.0,1.0,-15.995010544725066,16.552256287638183,0,0.13241774257154124,13.322233674614628,16.477093709009825,36,0.16162990448704737,0.03274628508530545,-0.936584066080469,1.2304170798084428,0.10330672316597934,0.8011942949842548,-0.11037438080353408,,,,8.35,0.0,18655.0,,,,9.25,0.0,12870.0,,,,10.15,0.0,52585.0,,,,11.25,0.0,14755.0,,,,12.4,0.0,160030.0,,,,13.7,0.0,10400.0,1250.55,0.0,130.0,15.0,0.0,275275.0,,,,16.85,0.0,16510.0,,,,18.7,0.0,97695.0,,,,20.8,0.0,19825.0,,,,23.25,0.0,107445.0,1012.7,111.0,325.0,25.65,0.0,10075.0,959.8,0.0,0.0,28.7,0.0,39585.0,,,,32.3,0.0,20085.0,,,,35.9,0.0,81770.0,,,,40.2,0.0,19045.0,778.0,0.0,3835.0,45.2,0.0,191165.0,,,,50.8,0.0,49855.0,687.4,0.0,3380.0,57.05,0.0,97240.0,649.85,1271.0,130.0,63.8,0.0,18135.0,602.5,0.0,3185.0,71.25,0.0,171015.0,564.7,0.0,1300.0,80.0,0.0,41860.0,521.15,0.0,9490.0,90.0,0.0,107315.0,484.5,0.0,650.0,100.55,0.0,50245.0,444.0,0.0,9165.0,112.6,0.0,77285.0,407.2,0.0,2860.0,125.1,0.0,38545.0,371.8,0.0,45370.0,139.65,0.0,200590.0,338.55,0.0,12480.0,155.4,0.0,59670.0,305.9,0.0,110565.0,173.0,0.0,150995.0,273.65,0.0,102180.0,193.1,0.0,139620.0,245.5,0.0,497445.0,213.1,0.0,501995.0,217.0,0.0,338845.0,236.5,0.0,122915.0,192.4,0.0,277745.0,259.7,0.0,100945.0,168.1,0.0,98020.0,286.9,0.0,11960.0,146.75,0.0,148460.0,313.4,0.0,27040.0,126.0,0.0,55445.0,344.0,0.0,3120.0,108.0,0.0,235560.0,375.0,0.0,16120.0,91.55,0.0,86320.0,406.7,0.0,1430.0,77.0,0.0,77675.0,442.2,0.0,650.0,64.6,0.0,48620.0,,,,53.6,0.0,127725.0,520.9,0.0,845.0,44.4,0.0,32175.0,,,,36.3,0.0,130390.0,,,,29.7,0.0,18395.0,,,,24.05,0.0,44785.0,688.6,0.0,195.0,19.7,0.0,19955.0,,,,15.85,0.0,104260.0,779.25,0.0,650.0,12.95,0.0,12220.0,,,,10.6,0.0,40300.0,,,,8.6,0.0,29380.0,,,,7.05,0.0,119470.0,970.35,119.0,65.0,5.95,0.0,7605.0,,,,4.8,0.0,67860.0,,,,4.2,0.0,10205.0,,,,3.55,0.0,21125.0,,,,3.1,0.0,11895.0,,,,2.65,0.0,67470.0,,,,2.15,0.0,3770.0,,,,1.8,0.0,5525.0,,,,1.7,0.0,1625.0,,,,1.5,0.0,1560.0,1414.7,0.0,130.0
2026-04-28,2026-04-22 10:00:00+05:30,bearish,-0.0158799814624183,127,190,42192.6,91,10560.0,91,11629085.0,91,-10.792897727272727,33.41565601603482,-26.0,0.22698863636363636,9.714022212409661,11.227838031453734,2,0.10539995193086989,-36.85288652512526,22.71690550506451,-78,0.09148523674767614,35539.9,99,1936.0,99,14868945.0,99,-6.162190082644628,45.620826947808446,-51.0,0.2944214876033058,-8.013289443198559,11.673673482381952,0,0.12155906152050465,28.574392443422745,18.837249652747026,62,0.08835140222679298,0.18333333333333332,-0.6901408450704225,1.278599735060841,0.12226795727833352,0.8423254314737656,-0.08558453671244327,,,,7.45,0.0,62270.0,1404.0,351.0,65.0,8.25,0.0,22490.0,1366.1,0.0,3900.0,8.95,0.0,237835.0,,,,10.2,0.0,40560.0,1268.0,2397.0,455.0,11.25,0.0,69355.0,,,,12.7,0.0,159965.0,1170.0,0.0,455.0,14.15,0.0,100945.0,,,,16.2,0.0,83655.0,1050.0,0.0,65.0,18.15,0.0,187395.0,,,,20.75,0.0,104585.0,955.75,1487.0,195.0,23.55,0.0,240435.0,,,,26.65,0.0,121290.0,889.0,0.0,11375.0,30.6,0.0,513045.0,,,,34.5,0.0,147225.0,794.4,0.0,1235.0,39.1,0.0,388960.0,,,,44.7,0.0,140530.0,708.2,0.0,2145.0,50.5,0.0,377130.0,660.0,384.0,260.0,57.6,0.0,235560.0,622.7,0.0,3185.0,65.25,0.0,429780.0,581.3,0.0,390.0,74.35,0.0,209690.0,539.45,0.0,6825.0,83.75,0.0,413660.0,497.05,516.0,2535.0,94.1,0.0,303485.0,465.9,0.0,82420.0,106.35,0.0,1096225.0,425.0,0.0,6500.0,119.65,0.0,303225.0,392.75,0.0,45500.0,134.75,0.0,408265.0,360.0,0.0,20150.0,150.55,0.0,291200.0,326.0,0.0,99775.0,169.0,0.0,649870.0,297.0,0.0,131235.0,187.1,0.0,399815.0,268.55,0.0,386815.0,207.95,0.0,1121315.0,240.55,0.0,404170.0,231.85,0.0,941135.0,214.45,0.0,1156155.0,255.85,0.0,1807455.0,191.0,0.0,664690.0,282.45,0.0,838565.0,169.2,0.0,1225705.0,309.85,0.0,1184040.0,148.1,0.0,301145.0,341.45,0.0,201955.0,130.65,0.0,585715.0,371.0,0.0,244400.0,114.25,0.0,186615.0,404.0,0.0,42120.0,98.8,0.0,612495.0,439.0,0.0,78780.0,85.0,0.0,180960.0,477.0,0.0,6045.0,72.95,0.0,465400.0,514.15,0.0,32370.0,62.45,0.0,151385.0,554.7,0.0,3510.0,52.9,0.0,245895.0,594.0,0.0,5720.0,45.2,0.0,140530.0,638.0,0.0,1950.0,38.45,0.0,875875.0,677.6,0.0,15340.0,32.2,0.0,175240.0,724.35,0.0,390.0,27.0,0.0,225355.0,780.3,0.0,520.0,22.75,0.0,156065.0,,,,19.0,0.0,268060.0,862.7,0.0,455.0,15.95,0.0,251550.0,,,,13.35,0.0,201240.0,961.35,0.0,130.0,11.15,0.0,72215.0,,,,9.35,0.0,113620.0,,,,7.95,0.0,47190.0,,,,6.75,0.0,317330.0,1150.0,0.0,1885.0,5.75,0.0,62400.0,,,,4.9,0.0,267280.0,,,,4.25,0.0,84760.0,,,,3.45,0.0,199095.0,1359.0,0.0,65.0,3.05,0.0,18005.0,,,,2.5,0.0,193700.0,,,,2.1,0.0,51415.0,1500.15,0.0,130.0,1.85,0.0,39325.0,,,
2026-05-05,2026-04-28 10:00:00+05:30,bearish,-0.0050322198692989,97,127,9299.549999999997,61,0.0,61,1541540.0,61,,,,,11.890917524034407,13.502535639564186,1,0.1276775172879069,-7.73269674339081,9.116232922773053,-23,0.12688786016527684,11441.6,66,2040.0,66,925925.0,66,-40.719607843137254,31.143497855407034,-59.0,0.3333333333333333,-12.853562653562653,12.378761382252492,-3,0.0972972972972973,14.17983498811355,14.747878156237027,37,0.15819465808977765,,1.0,0.6006493506493507,-0.24949290060851928,1.230339102429688,0.10327537286987477,,,,,,,,,,5.6,0.0,3770.0,,,,6.05,0.0,1885.0,,,,6.4,0.0,56810.0,,,,7.3,0.0,390.0,,,,7.95,0.0,20735.0,,,,9.05,0.0,8385.0,1180.0,0.0,390.0,10.05,0.0,61295.0,,,,11.55,0.0,455.0,,,,13.0,0.0,27495.0,,,,15.0,0.0,1625.0,,,,17.15,0.0,14820.0,,,,19.8,0.0,3640.0,,,,22.85,0.0,22880.0,,,,26.25,0.0,3705.0,,,,30.25,0.0,72215.0,764.15,0.0,130.0,34.95,0.0,20670.0,712.05,0.0,845.0,40.2,0.0,43225.0,671.55,0.0,65.0,46.1,0.0,30290.0,630.2,0.0,130.0,52.45,0.0,17095.0,,,,60.55,0.0,10660.0,543.95,0.0,650.0,69.1,0.0,26975.0,509.0,0.0,455.0,80.0,0.0,8320.0,465.4,0.0,12545.0,90.8,0.0,39130.0,430.35,0.0,715.0,103.15,0.0,15925.0,391.35,0.0,13520.0,117.75,0.0,27365.0,358.3,0.0,4290.0,133.0,0.0,12870.0,324.8,0.0,71825.0,151.05,0.0,90090.0,294.85,0.0,34905.0,170.0,0.0,16185.0,264.7,0.0,140725.0,190.0,0.0,64610.0,237.4,0.0,116025.0,211.75,0.0,34255.0,211.15,0.0,196820.0,236.0,0.0,45305.0,187.1,0.0,18330.0,262.0,0.0,8645.0,164.45,0.0,50050.0,289.55,0.0,15990.0,143.6,0.0,25870.0,317.4,0.0,650.0,124.9,0.0,43615.0,348.8,0.0,5590.0,107.4,0.0,12740.0,,,,92.8,0.0,72085.0,416.0,0.0,8450.0,79.0,0.0,9360.0,450.0,0.0,455.0,66.7,0.0,41535.0,490.0,0.0,2990.0,56.1,0.0,8515.0,525.0,0.0,65.0,46.6,0.0,33150.0,567.95,0.0,1040.0,38.95,0.0,15925.0,,,,32.3,0.0,23530.0,,,,26.85,0.0,4680.0,,,,22.35,0.0,17810.0,739.8,484.0,260.0,18.6,0.0,8320.0,,,,15.45,0.0,52325.0,832.6,0.0,390.0,12.75,0.0,3705.0,,,,10.35,0.0,31005.0,,,,8.5,0.0,1365.0,,,,6.85,0.0,32695.0,1018.45,0.0,65.0,5.9,0.0,2535.0,,,,5.15,0.0,18460.0,,,,4.45,0.0,4810.0,,,,3.8,0.0,19630.0,,,,3.35,0.0,2795.0,,,,2.9,0.0,124670.0,1320.0,0.0,65.0,2.65,0.0,2665.0,,,,2.35,0.0,7345.0,,,,2.15,0.0,195.0,,,
2026-05-12,2026-05-06 10:00:00+05:30,bearish,-0.0315257284408837,96,129,10567.1,63,286.0,63,7315880.0,63,44.0,0.0,44.0,1.0,6.282731537422702,8.143347159852858,1,0.17335098443386168,-9.76975707620823,8.989778626076065,-23,0.1114970048546905,9934.85,66,0.0,66,9676745.0,66,,,,,-5.848454723153291,9.089354443324854,1,0.14460647666131535,11.432819821134693,11.159316857447633,27,0.13185906178754586,0.0,-1.0,1.3227041722936954,0.13893468490006694,0.9401680688173671,-0.030838529993488423,,,,3.0,0.0,20540.0,,,,3.25,0.0,60060.0,,,,3.5,0.0,22230.0,,,,3.95,0.0,73970.0,,,,4.4,0.0,17420.0,,,,5.0,0.0,56810.0,,,,5.65,0.0,45890.0,1178.2,0.0,195.0,6.45,0.0,136630.0,,,,7.25,0.0,43680.0,1089.0,0.0,65.0,8.15,0.0,55835.0,,,,9.3,0.0,40950.0,,,,10.7,0.0,217230.0,,,,12.45,0.0,76505.0,,,,14.3,0.0,171600.0,,,,16.8,0.0,98995.0,802.45,0.0,325.0,19.45,0.0,143780.0,,,,22.85,0.0,97240.0,712.65,0.0,2275.0,26.6,0.0,308685.0,660.0,0.0,65.0,31.25,0.0,83590.0,621.65,0.0,1625.0,36.35,0.0,174265.0,576.45,0.0,130.0,42.45,0.0,125775.0,536.5,0.0,2860.0,49.55,0.0,334490.0,494.4,0.0,2210.0,57.9,0.0,139815.0,454.15,0.0,10400.0,67.25,0.0,312260.0,416.75,0.0,3770.0,78.15,0.0,198575.0,377.3,0.0,27885.0,90.2,0.0,524355.0,342.65,0.0,20280.0,104.65,0.0,277615.0,308.4,0.0,193765.0,119.95,0.0,766675.0,275.4,0.0,89440.0,138.4,0.0,345670.0,245.1,0.0,545350.0,157.15,0.0,1161615.0,217.0,0.0,598390.0,179.0,0.0,1145755.0,190.45,0.0,1268215.0,202.25,0.0,1399320.0,165.9,0.0,419380.0,227.95,0.0,249405.0,143.85,0.0,548145.0,255.9,0.0,266370.0,123.55,0.0,264095.0,285.0,0.0,74295.0,105.4,0.0,416585.0,317.25,0.0,78780.0,89.2,0.0,214630.0,350.1,0.0,9425.0,75.25,0.0,490815.0,387.45,0.0,54535.0,62.7,0.0,131040.0,426.6,0.0,1755.0,51.95,0.0,244075.0,465.85,0.0,3835.0,42.95,0.0,137020.0,505.7,0.0,1495.0,35.25,0.0,300235.0,550.0,0.0,1820.0,28.65,0.0,85085.0,600.35,0.0,65.0,23.25,0.0,155740.0,635.35,0.0,585.0,18.9,0.0,71565.0,,,,15.2,0.0,120835.0,,,,12.4,0.0,26195.0,,,,10.1,0.0,157820.0,824.9,0.0,585.0,8.3,0.0,43940.0,,,,6.8,0.0,26455.0,,,,5.75,0.0,26975.0,,,,4.85,0.0,133705.0,,,,4.05,0.0,31395.0,,,,3.45,0.0,46020.0,,,,2.95,0.0,173940.0,,,,2.65,0.0,37570.0,1220.0,0.0,130.0,2.45,0.0,10855.0,,,,2.1,0.0,24310.0,1310.0,0.0,195.0,1.85,0.0,39195.0,,,,1.65,0.0,71175.0,,,,1.5,0.0,3185.0,,,
2026-05-19,2026-05-13 10:00:00+05:30,bullish,0.0105621674585973,103,141,10510.15,72,1076565.0,72,5003960.0,72,20.800809983605262,15.864048400404695,13.0,0.06651618806110174,11.607814610828225,12.370556596711635,1,0.09120076899095916,-7.438209730593761,11.096688797655897,-27,0.13483156757991085,19454.95,69,877534.0,69,4566575.0,69,-11.071814881246766,15.271223709706044,-1.0,0.06894091852851285,-8.218575190377909,11.12953828502903,1,0.10907408725357626,19.37612792631181,17.714022260708997,53,0.1339453455290299,0.8151240287395559,-0.10185307909169392,0.9125922269562506,-0.045701206881329,1.8510630200330158,0.2985072634498133,,,,9.9,3474.0,12675.0,,,,10.7,5568.0,37570.0,,,,11.7,2540.0,31590.0,1417.1,264.0,520.0,12.7,52733.0,173745.0,,,,13.95,3495.0,12415.0,,,,15.15,9607.0,46215.0,,,,16.7,5147.0,29120.0,,,,18.3,16074.0,60255.0,,,,20.05,4516.0,27365.0,,,,21.95,16415.0,60645.0,,,,24.3,4370.0,39130.0,,,,26.85,15819.0,43745.0,,,,29.9,5393.0,43160.0,,,,33.25,44385.0,146445.0,,,,36.8,4947.0,38545.0,839.05,0.0,195.0,41.2,15242.0,79235.0,,,,46.15,6708.0,59800.0,,,,51.5,17192.0,79235.0,703.3,0.0,130.0,57.75,6557.0,67860.0,668.15,460.0,260.0,64.7,36379.0,115765.0,622.8,31.0,65.0,72.85,8045.0,73320.0,589.25,384.0,650.0,81.45,21542.0,136045.0,540.2,148.0,5850.0,90.65,9742.0,88595.0,509.05,4817.0,6305.0,102.0,59923.0,323830.0,468.5,273.0,325.0,114.0,7628.0,72020.0,437.4,1311.0,9555.0,127.4,24712.0,131755.0,399.15,891.0,12480.0,142.25,10780.0,119990.0,365.6,4834.0,55185.0,157.9,35497.0,265655.0,332.05,3360.0,34060.0,175.1,21822.0,197405.0,302.45,20676.0,198380.0,195.0,60498.0,424970.0,273.05,13882.0,391170.0,215.2,25216.0,408200.0,245.5,44851.0,456365.0,238.4,44083.0,498095.0,219.6,19736.0,183560.0,263.45,11688.0,126230.0,195.85,60390.0,354445.0,289.4,37847.0,125905.0,174.3,13563.0,177970.0,314.3,4219.0,22880.0,154.5,31692.0,199420.0,347.1,15956.0,56355.0,137.35,15803.0,120965.0,376.15,5088.0,10400.0,119.35,30616.0,228280.0,411.05,14133.0,13975.0,104.25,11497.0,123760.0,447.0,2601.0,6175.0,90.5,38683.0,242060.0,479.1,8542.0,15145.0,78.6,10323.0,94575.0,519.8,1368.0,1365.0,68.0,39526.0,154570.0,558.5,7108.0,5135.0,58.95,9161.0,78325.0,602.25,0.0,520.0,51.6,71609.0,312130.0,638.65,16495.0,4680.0,43.75,8474.0,75530.0,690.6,359.0,65.0,37.75,25235.0,125840.0,731.6,3037.0,130.0,32.45,7484.0,47775.0,775.7,429.0,715.0,27.75,36667.0,112645.0,828.5,7349.0,2145.0,24.05,10742.0,50375.0,,,,20.55,32817.0,108485.0,910.35,9870.0,2730.0,18.2,13438.0,34905.0,,,,15.45,33647.0,78715.0,,,,13.65,10452.0,28340.0,,,,11.9,53504.0,76830.0,1104.2,0.0,65.0,10.35,7074.0,44330.0,,,,9.0,23598.0,88790.0,1208.3,1814.0,195.0,7.95,6924.0,17810.0,,,,7.1,16856.0,17940.0,,,,6.15,4972.0,12805.0,,,,5.45,25801.0,36790.0,1400.0,0.0,65.0,4.85,5112.0,8190.0,,,
