expiry,entry_date,side,selected_credit,other_credit,selection_margin,atm,entry_spot,lot_size,target_fraction,stop_multiple,initial_net_credit_per_lot,target_rupees,stop_rupees,trigger_timestamp,exit_timestamp,exit_reason,trigger_pnl,gross_pnl,fees_proxy,net_pnl,peak_mtm,trough_mtm,runup_to_drawdown,orders,ce6,ce7,ce8,pe6,pe7,pe8
2025-01-09,2025-01-03,PUT,37.71000000000001,34.25,3.460000000000008,24050,24057.9,75,0.9,0.0,37.41000000000001,2525.175000000001,,2025-01-09 10:25:00,2025-01-09 10:26:00,target,2584.1642875605,2595.7499999999995,103.0256668095,2492.7243331904992,2584.1642875605,-13502.5857124395,16086.75,6,24350,24400,24450,23750,23700,23650
2025-01-16,2025-01-10,CALL,47.150000000000006,45.39999999999999,1.7500000000000142,23350,23369.6,75,0.9,0.0,46.85000000000001,3162.3750000000005,,2025-01-14 14:29:00,2025-01-14 14:30:00,target,3164.6716017225,3187.5,89.39823873,3098.10176127,3164.6716017225,-3514.0783982775,6678.75,6,23650,23700,23750,23050,23000,22950
2025-01-23,2025-01-17,PUT,34.2,20.450000000000003,13.75,23250,23226.4,75,0.9,0.0,33.900000000000006,2288.2500000000005,,2025-01-23 09:16:00,2025-01-23 09:17:00,target,2318.58796659,2339.9999999999995,84.79732672499999,2255.202673275,2318.58796659,-2946.41203341,5265.0,6,23550,23600,23650,22950,22900,22850
2025-01-30,2025-01-24,PUT,51.70000000000002,40.650000000000006,11.050000000000011,23150,23144.25,75,0.9,0.0,51.40000000000002,3469.5000000000014,,2025-01-30 09:59:00,2025-01-30 10:00:00,target,3471.587241960002,3503.250000000002,90.4151469495,3412.834853050502,3471.587241960002,-4428.91275804,7900.500000000002,6,23450,23500,23550,22850,22800,22750
2025-02-06,2025-02-01,PUT,83.9,77.04999999999998,6.850000000000023,23550,23558.05,75,0.9,0.0,83.60000000000001,5643.000000000001,,2025-02-04 14:36:00,2025-02-04 14:37:00,target,5651.250234,5681.25,98.48202237750002,5582.7679776225,5651.250234,-1905.749766,7557.0,6,23850,23900,23950,23250,23200,23150
2025-02-13,2025-02-07,PUT,39.7,37.81,1.8900000000000008,23600,23606.55,75,0.9,0.0,39.400000000000006,2659.5000000000005,,2025-02-13 11:00:00,2025-02-13 11:01:00,target,3074.6469762,3007.4999999999995,100.528090275,2906.9719097249995,3074.6469762,-21206.6030238,24281.25,6,23900,23950,24000,23300,23250,23200
2025-02-20,2025-02-14,PUT,31.700000000000003,28.00999999999999,3.690000000000012,23050,23050.5,75,0.9,0.0,31.4,2119.5,,2025-02-20 09:17:00,2025-02-20 09:18:00,target,2165.45873847,2197.5,86.498976495,2111.001023505,2165.45873847,-4498.29126153,6663.75,6,23350,23400,23450,22750,22700,22650
2025-03-06,2025-02-28,PUT,16.150000000000006,14.15,2.000000000000007,22250,22235.4,75,0.9,0.0,15.850000000000003,1069.8750000000005,,2025-03-06 09:15:00,2025-03-06 09:16:00,target,1097.7107584725,1121.25,77.9353642275,1043.3146357725,1097.7107584725,-1932.2892415275,3030.0,6,22550,22600,22650,21950,21900,21850
2025-03-13,2025-03-07,PUT,21.499999999999996,14.699999999999996,6.799999999999997,22550,22548.85,75,0.9,0.0,21.199999999999992,1430.999999999999,,2025-03-13 09:15:00,2025-03-13 09:16:00,target,1467.263792895,1488.75,80.37934085250001,1408.3706591475,1467.263792895,-1217.736207105,2685.0,6,22850,22900,22950,22250,22200,22150
2025-03-27,2025-03-21,PUT,14.35,11.399999999999991,2.95000000000001,23250,23263.75,75,0.9,0.0,14.05,948.375,,2025-03-27 13:18:00,2025-03-27 13:19:00,target,952.3279565475,971.25,76.9842045975,894.2657954025,952.3279565475,-210.1720434525,1162.5,6,23550,23600,23650,22950,22900,22850
2025-05-08,2025-05-02,PUT,58.3,42.68999999999998,15.610000000000014,24550,24571.2,75,0.9,0.0,58.0,3915.0,,2025-05-08 09:15:00,2025-05-08 09:16:00,target,4023.395967495,4072.5,89.31854386500001,3983.181456135,4023.395967495,-6232.854032505,10256.25,6,24850,24900,24950,24250,24200,24150
2025-05-15,2025-05-09,PUT,140.59999999999997,60.79999999999998,79.79999999999998,24000,24012.6,75,0.9,0.0,140.29999999999995,9470.249999999996,,2025-05-12 09:15:00,2025-05-12 09:16:00,target,9676.444682295,9712.5,110.960665425,9601.539334575,9676.444682295,-2001.055317705,11677.5,6,24300,24350,24400,23700,23650,23600
2025-05-22,2025-05-16,PUT,56.440000000000026,40.69999999999999,15.740000000000038,25000,24991.55,75,0.9,0.0,56.14000000000003,3789.4500000000016,,2025-05-22 10:17:00,2025-05-22 10:18:00,target,3887.055514923004,3978.000000000003,106.753063002,3871.246936998003,3887.055514923004,-2060.4444850769964,5947.5,6,25300,25350,25400,24700,24650,24600
2025-05-29,2025-05-23,PUT,51.79999999999998,51.04999999999998,0.75,24800,24795.45,75,0.9,0.0,51.49999999999999,3476.249999999999,,2025-05-28 14:11:00,2025-05-28 14:12:00,target,3479.8196614500007,3505.500000000001,90.649783617,3414.8502163830008,3479.8196614500007,-1155.18033855,4635.000000000001,6,25100,25150,25200,24500,24450,24400
2025-06-05,2025-05-30,CALL,61.7,43.41,18.290000000000006,24800,24806.85,75,0.9,0.0,61.400000000000006,4144.5,,2025-06-04 09:17:00,2025-06-04 09:18:00,target,4158.703856115001,4192.500000000001,93.66421944,4098.835780560001,4158.703856115001,-161.296143885,4320.000000000001,6,25100,25150,25200,24500,24450,24400
2025-06-12,2025-06-06,CALL,39.35,35.650000000000006,3.6999999999999886,24700,24713.25,75,0.9,0.0,39.05,2635.875,,2025-06-12 10:20:00,2025-06-12 10:21:00,target,2642.5696410975,2640.0,99.38081358,2540.61918642,2642.5696410975,-8824.9303589025,11467.5,6,25000,25050,25100,24400,24350,24300
2025-06-19,2025-06-13,PUT,59.8,35.94999999999999,23.85000000000001,24650,24641.2,75,0.9,0.0,59.5,4016.25,,2025-06-18 09:17:00,2025-06-18 09:18:00,target,4029.377388945,4068.75,91.36983333749998,3977.3801666625,4029.377388945,-575.622611055,4605.0,6,24950,25000,25050,24350,24300,24250
2025-06-26,2025-06-20,PUT,30.0,21.90000000000001,8.099999999999994,24850,24864.35,75,0.9,0.0,29.7,2004.75,,2025-06-25 09:18:00,2025-06-25 09:19:00,target,2005.5324183749997,2032.4999999999995,81.748043145,1950.7519568549997,2005.5324183749997,-683.217581625,2688.7499999999995,6,25150,25200,25250,24550,24500,24450
2025-07-03,2025-06-27,PUT,33.75000000000001,23.65,10.100000000000009,25550,25544.5,75,0.9,0.0,33.45000000000001,2257.875000000001,,2025-07-02 09:15:00,2025-07-02 09:16:00,target,2277.8249119275,2306.25,83.7666039975,2222.4833960025003,2277.8249119275,20.3249119275,2257.5,6,25850,25900,25950,25250,25200,25150
2025-07-10,2025-07-04,CALL,21.450000000000003,20.60000000000001,0.8499999999999943,25400,25414.05,75,0.9,0.0,21.15,1427.6250000000002,,2025-07-10 09:15:00,2025-07-10 09:16:00,target,1492.8428614124996,1514.9999999999995,80.98813578,1434.0118642199996,1492.8428614124996,-322.1571385875,1814.9999999999995,6,25700,25750,25800,25100,25050,25000
2025-07-17,2025-07-11,PUT,14.75,12.85,1.8999999999999984,25300,25287.05,75,0.9,0.0,14.45,975.375,,2025-07-17 09:15:00,2025-07-17 09:16:00,target,1004.8761500925,1027.5,77.39840437500001,950.101595625,1004.8761500925,-1665.1238499075,2670.0,6,25600,25650,25700,25000,24950,24900
2025-07-24,2025-07-18,PUT,13.85,13.35,0.5,25050,25040.3,75,0.9,0.0,13.55,914.625,,2025-07-23 09:43:00,2025-07-23 09:44:00,target,915.1319757524998,933.7499999999998,77.05664666250001,856.6933533374997,915.1319757524998,-1289.8680242475,2205.0,6,25350,25400,25450,24750,24700,24650
2025-07-31,2025-07-25,PUT,16.75,12.700000000000005,4.049999999999997,24950,24928.85,75,0.9,0.0,16.45,1110.375,,2025-07-31 09:44:00,2025-07-31 09:45:00,target,1150.5096227025,1166.249999999999,82.04946266249999,1084.200537337499,1150.5096227025,-2074.4903772975,3225.0,6,25250,25300,25350,24650,24600,24550
2025-08-07,2025-08-01,PUT,26.000000000000007,21.15000000000001,4.850000000000001,24700,24696.55,75,0.9,0.0,25.700000000000006,1734.7500000000005,,2025-08-06 13:07:00,2025-08-06 13:08:00,target,1736.151980715,1758.75,82.3577396775,1676.3922603225,1736.151980715,-2013.848019285,3750.0,6,25000,25050,25100,24400,24350,24300
2025-08-14,2025-08-08,PUT,18.999999999999996,13.35,5.649999999999992,24500,24477.15,75,0.9,0.0,18.699999999999992,1262.249999999999,,2025-08-14 09:15:00,2025-08-14 09:16:00,target,1284.601655609999,1301.2499999999989,78.5385555975,1222.711444402499,1284.601655609999,-1190.3983443900008,2475.0,6,24800,24850,24900,24200,24150,24100
2025-09-09,2025-09-03,PUT,12.650000000000002,8.900000000000002,3.75,24600,24578.4,75,0.9,0.0,12.35,833.6250000000001,,2025-09-09 13:16:00,2025-09-09 13:17:00,target,836.5859703674997,851.2499999999998,76.4728567725,774.7771432274998,836.5859703674997,-194.6640296325,1031.2499999999998,6,24900,24950,25000,24300,24250,24200
2025-09-16,2025-09-10,PUT,13.199999999999996,9.650000000000002,3.5499999999999936,25000,25000.45,75,0.9,0.0,12.899999999999997,870.7499999999997,,2025-09-16 11:48:00,2025-09-16 11:49:00,target,874.229794485,885.0,76.325395155,808.674604845,874.229794485,-104.520205515,978.75,6,25300,25350,25400,24700,24650,24600
2025-09-23,2025-09-17,PUT,9.349999999999998,8.499999999999993,0.850000000000005,25300,25320.35,75,0.9,0.0,9.049999999999995,610.8749999999998,,2025-09-23 09:17:00,2025-09-23 09:18:00,target,617.2476846524997,629.9999999999998,74.82136216500001,555.1786378349998,617.2476846524997,-87.7523153475,704.9999999999998,6,25600,25650,25700,25000,24950,24900
2025-09-30,2025-09-24,CALL,9.799999999999995,9.7,0.0999999999999978,25100,25091.7,75,0.9,0.0,9.499999999999996,641.2499999999998,,2025-09-30 12:59:00,2025-09-30 13:00:00,target,642.1393011899997,659.9999999999998,75.853751895,584.1462481049997,642.1393011899997,-100.36069881,742.4999999999998,6,25400,25450,25500,24800,24750,24700
2025-10-14,2025-10-08,PUT,8.5,7.200000000000003,1.2999999999999972,25150,25163.5,75,0.9,0.0,8.2,553.5,,2025-10-14 11:21:00,2025-10-14 11:22:00,target,553.5251176499997,562.4999999999998,74.649194565,487.85080543499976,553.5251176499997,-815.22488235,1368.7499999999998,6,25450,25500,25550,24850,24800,24750
2025-11-04,2025-10-29,CALL,26.25,20.700000000000003,5.549999999999997,26000,25983.6,75,0.9,0.0,25.95,1751.625,,2025-11-03 14:01:00,2025-11-03 14:02:00,target,1753.6484733225,1770.0,82.2551376,1687.7448624,1753.6484733225,-1208.8515266775,2962.5,6,26300,26350,26400,25700,25650,25600
2025-11-18,2025-11-12,PUT,19.8,15.499999999999991,4.300000000000004,25850,25859.4,75,0.9,0.0,19.5,1316.2499999999998,,2025-11-18 09:15:00,2025-11-18 09:16:00,target,1318.4619857099997,1342.4999999999998,78.513247065,1263.9867529349997,1318.4619857099997,-237.78801429,1556.2499999999998,6,26150,26200,26250,25550,25500,25450
2025-11-25,2025-11-19,CALL,18.749999999999996,17.75,0.9999999999999928,25900,25920.15,75,0.9,0.0,18.449999999999992,1245.374999999999,,2025-11-24 09:41:00,2025-11-24 09:42:00,target,1256.8932475575,1278.75,85.5828061575,1193.1671938425,1256.8932475575,-4379.3567524425,5636.25,6,26200,26250,26300,25600,25550,25500
2025-12-02,2025-11-26,PUT,16.849999999999994,15.4,1.4499999999999955,26100,26077.45,75,0.9,0.0,16.549999999999994,1117.1249999999995,,2025-12-01 12:32:00,2025-12-01 12:33:00,target,1124.0607830624997,1143.7499999999998,78.2739374625,1065.4760625374995,1124.0607830624997,-147.1892169375,1271.2499999999998,6,26400,26450,26500,25800,25750,25700
2025-12-09,2025-12-03,CALL,15.900000000000006,14.550000000000004,1.3500000000000014,25950,25951.5,75,0.9,0.0,15.600000000000003,1053.0000000000005,,2025-12-08 09:15:00,2025-12-08 09:16:00,target,1164.540130485,1181.25,83.83447143749999,1097.4155285625,1164.540130485,-425.459869515,1590.0,6,26250,26300,26350,25650,25600,25550
2025-12-16,2025-12-10,PUT,12.75,10.9,1.8500000000000012,25900,25878.25,75,0.9,0.0,12.45,840.375,,2025-12-16 10:02:00,2025-12-16 10:03:00,target,844.0614183524998,858.7499999999998,76.53923781750001,782.2107621824998,844.0614183524998,-1195.9385816475,2040.0,6,26200,26250,26300,25600,25550,25500
2025-12-23,2025-12-17,PUT,10.349999999999998,10.049999999999995,0.3000000000000007,25850,25868.35,75,0.9,0.0,10.049999999999995,678.3749999999998,,2025-12-23 12:54:00,2025-12-23 12:55:00,target,680.0062134675,693.7499999999999,75.4901736225,618.2598263775,680.0062134675,-249.9937865325,930.0,6,26150,26200,26250,25550,25500,25450
2026-01-13,2026-01-07,PUT,6.149999999999999,4.349999999999998,1.8000000000000007,26150,26138.95,65,0.9,0.0,5.849999999999999,342.225,,2026-01-13 09:16:00,2026-01-13 09:17:00,target,475.3386781185,429.6499999999999,80.3788730739,349.2711269260999,475.3386781185,-13899.4113218815,14374.75,6,26450,26500,26550,25850,25800,25750
2026-02-03,2026-01-29,PUT,61.19999999999999,53.70000000000002,7.499999999999972,25200,25185.3,65,0.9,0.0,60.89999999999999,3562.65,,2026-02-03 09:21:00,2026-02-03 09:22:00,target,3574.460402551,3607.5,88.838791316,3518.661208684,3574.460402551,-11612.789597449,15187.25,6,25500,25550,25600,24900,24850,24800
2026-02-10,2026-02-04,PUT,43.650000000000006,32.50000000000001,11.15,25800,25779.55,65,0.9,0.0,43.35000000000001,2535.9750000000004,,2026-02-10 09:15:00,2026-02-10 09:16:00,target,2613.555003103501,2652.000000000001,84.04328060899999,2567.956719391001,2613.555003103501,-447.9449968965,3061.500000000001,6,26100,26150,26200,25500,25450,25400
2026-02-17,2026-02-11,PUT,19.200000000000003,11.799999999999995,7.400000000000006,25950,25943.2,65,0.9,0.0,18.9,1105.6500000000003,,2026-02-17 09:19:00,2026-02-17 09:20:00,target,1141.560361629,1160.2499999999995,86.6881806915,1073.5618193084997,1141.560361629,-8094.939638371,9236.5,6,26250,26300,26350,25650,25600,25550
2026-02-24,2026-02-18,PUT,24.50000000000001,19.64999999999999,4.850000000000023,25650,25666.6,65,0.9,0.0,24.200000000000014,1415.700000000001,,2026-02-24 09:15:00,2026-02-24 09:16:00,target,1468.410717045,1491.75,79.3025364125,1412.4474635875,1468.410717045,-3065.339282955,4533.75,6,25950,26000,26050,25350,25300,25250
2026-03-10,2026-03-04,PUT,171.70000000000005,119.09999999999997,52.60000000000008,24350,24325.8,65,0.9,0.0,171.40000000000003,10026.9,,2026-03-10 09:15:00,2026-03-10 09:16:00,target,10254.823427939002,10312.250000000002,118.0870336445,10194.1629663555,10254.823427939002,-9573.426572061,19828.25,6,24650,24700,24750,24050,24000,23950
2026-03-17,2026-03-11,PUT,110.3,87.5,22.80000000000001,24150,24154.6,65,0.9,0.0,110.0,6435.000000000001,,,2026-03-17 15:29:00,expiry,,-620.7500000000036,135.0324231835,-755.7824231835036,3609.025190913,-41530.224809087,45139.25,6,24450,24500,24550,23850,23800,23750
2026-03-24,2026-03-18,PUT,94.55,53.75,40.80000000000001,23700,23691.15,65,0.9,0.0,94.25,5513.625000000001,,,2026-03-24 15:29:00,expiry,,-15863.25,164.3041463135,-16027.5541463135,1925.9486773855,-46291.0513226145,48217.0,6,24000,24050,24100,23400,23350,23300
2026-04-21,2026-04-15,PUT,77.75,60.70000000000002,17.049999999999983,24200,24216.8,65,0.9,0.0,77.45,4530.825,,2026-04-21 09:15:00,2026-04-21 09:16:00,target,4903.564261601501,4946.500000000001,98.137244896,4848.362755104001,4903.564261601501,-660.4357383985,5564.000000000001,6,24500,24550,24600,23900,23850,23800
2026-04-28,2026-04-22,PUT,91.4,59.60000000000002,31.799999999999983,24400,24382.9,65,0.9,0.0,91.1,5329.350000000001,,2026-04-28 09:16:00,2026-04-28 09:17:00,target,5516.023952542,5557.500000000002,115.83854361500002,5441.661456385002,5516.023952542,-9531.476047458,15047.5,6,24700,24750,24800,24100,24050,24000
2026-05-12,2026-05-06,CALL,48.70000000000002,46.85000000000001,1.8500000000000083,24150,24140.6,65,0.9,0.0,48.40000000000002,2831.400000000001,,2026-05-11 11:48:00,2026-05-11 11:49:00,target,2834.054316651001,2869.750000000001,91.9914937065,2777.758506293501,2834.054316651001,-5294.195683349,8128.250000000002,6,24450,24500,24550,23850,23800,23750
2026-05-19,2026-05-13,CALL,88.64999999999998,78.8,9.84999999999998,23350,23371.15,65,0.9,0.0,88.34999999999998,5168.474999999999,,2026-05-19 11:11:00,2026-05-19 11:12:00,target,5200.7242587485,5268.25,119.4747527045,5148.7752472955,5200.7242587485,-6931.5257412515,12132.25,6,23650,23700,23750,23050,23000,22950
2026-05-26,2026-05-20,PUT,82.39999999999999,53.85,28.55,23550,23541.8,65,0.9,0.0,82.1,4802.85,,2026-05-22 15:18:00,2026-05-22 15:19:00,target,4807.138808978,4852.25,102.5332046655,4749.716795334501,4807.138808978,-737.361191022,5544.5,6,23850,23900,23950,23250,23200,23150
2026-06-09,2026-06-03,CALL,57.6,46.60000000000001,10.999999999999986,23250,23253.15,65,0.9,0.0,57.3,3352.05,,2026-06-08 12:31:00,2026-06-08 12:32:00,target,3354.9296729380017,3389.750000000002,95.93355200850002,3293.8164479915017,3354.9296729380017,-5166.570327062,8521.500000000002,6,23550,23600,23650,22950,22900,22850
2026-06-16,2026-06-10,PUT,43.55,39.30000000000001,4.249999999999986,23350,23366.6,65,0.9,0.0,43.25,2530.125,,2026-06-15 09:15:00,2026-06-15 09:16:00,target,2573.7125463064995,2603.2499999999995,88.3359270775,2514.9140729225,2573.7125463064995,-2704.2874536935,5278.0,6,23650,23700,23750,23050,23000,22950
2026-06-23,2026-06-17,PUT,31.90000000000001,28.099999999999994,3.8000000000000114,24050,24067.9,65,0.9,0.0,31.600000000000005,1848.6000000000004,,2026-06-22 09:15:00,2026-06-22 09:16:00,target,1862.308874191,1888.25,85.3524046785,1802.8975953215,1862.308874191,-123.441125809,1985.75,6,24350,24400,24450,23750,23700,23650
2026-07-07,2026-07-01,PUT,26.450000000000003,22.200000000000003,4.25,24000,23981.15,65,0.9,0.0,26.15,1529.7750000000003,,2026-07-06 09:15:00,2026-07-06 09:16:00,target,1542.217763702499,1563.249999999999,82.83275466250001,1480.417245337499,1542.217763702499,-300.5322362975009,1842.75,6,24300,24350,24400,23700,23650,23600
2026-07-14,2026-07-08,PUT,23.599999999999994,14.650000000000006,8.949999999999989,24250,24250.85,65,0.9,0.0,23.299999999999997,1363.0499999999995,,2026-07-14 09:16:00,2026-07-14 09:17:00,target,1507.316664645,1534.0,84.348467452,1449.651532548,1507.316664645,-10494.933335355,12002.25,6,24550,24600,24650,23950,23900,23850
2026-07-21,2026-07-15,PUT,34.3,14.5,19.8,24200,24185.0,65,0.9,0.0,34.0,1989.0,,2026-07-21 09:15:00,2026-07-21 09:16:00,target,2092.296967227,2125.5,85.183896644,2040.316103356,2092.296967227,-3136.953032773,5229.25,6,24500,24550,24600,23900,23850,23800
2025-01-09,2025-01-03,PUT,37.71000000000001,34.25,3.460000000000008,24050,24057.9,75,0.9,0.5,37.41000000000001,2525.175000000001,-1402.8750000000005,2025-01-06 10:44:00,2025-01-06 10:45:00,stop,-1428.3357124395,-1506.75,101.9840789895,-1608.7340789895,1545.4142875605,-1428.3357124395,2973.75,6,24350,24400,24450,23750,23700,23650
2025-01-16,2025-01-10,CALL,47.150000000000006,45.39999999999999,1.7500000000000142,23350,23369.6,75,0.9,0.5,46.85000000000001,3162.3750000000005,-1756.8750000000002,2025-01-10 11:05:00,2025-01-10 11:06:00,stop,-2055.3283982775,-1991.9999999999995,109.650933657,-2101.650933657,0.4216017225000001,-2055.3283982775,2055.75,6,23650,23700,23750,23050,23000,22950
2025-01-23,2025-01-17,PUT,34.2,20.450000000000003,13.75,23250,23226.4,75,0.9,0.5,33.900000000000006,2288.2500000000005,-1271.2500000000002,2025-01-17 10:49:00,2025-01-17 10:50:00,stop,-1381.91203341,-1222.5,97.15892583,-1319.65892583,-47.66203340999999,-1381.91203341,1334.25,6,23550,23600,23650,22950,22900,22850
2025-01-30,2025-01-24,PUT,51.70000000000002,40.650000000000006,11.050000000000011,23150,23144.25,75,0.9,0.5,51.40000000000002,3469.5000000000014,-1927.500000000001,2025-01-27 09:17:00,2025-01-27 09:18:00,stop,-2224.662758039998,-2159.9999999999973,109.60152258,-2269.601522579997,2425.337241960002,-2224.662758039998,4650.0,6,23450,23500,23550,22850,22800,22750
2025-02-06,2025-02-01,PUT,83.9,77.04999999999998,6.850000000000023,23550,23558.05,75,0.9,0.5,83.60000000000001,5643.000000000001,-3135.0000000000005,2025-02-04 14:36:00,2025-02-04 14:37:00,target,5651.250234,5681.25,98.48202237750002,5582.7679776225,5651.250234,-1905.749766,7557.0,6,23850,23900,23950,23250,23200,23150
2025-02-13,2025-02-07,PUT,39.7,37.81,1.8900000000000008,23600,23606.55,75,0.9,0.5,39.400000000000006,2659.5000000000005,-1477.5000000000002,2025-02-10 10:10:00,2025-02-10 10:11:00,stop,-1582.8530238,-1612.499999999999,102.18446157,-1714.6844615699993,1589.6469762,-1582.8530238,3172.5,6,23900,23950,24000,23300,23250,23200
2025-02-20,2025-02-14,PUT,31.700000000000003,28.00999999999999,3.690000000000012,23050,23050.5,75,0.9,0.5,31.4,2119.5,-1177.5,2025-02-14 10:37:00,2025-02-14 10:38:00,stop,-1317.54126153,-1365.0,96.30900477,-1461.30900477,441.20873847,-1317.54126153,1758.75,6,23350,23400,23450,22750,22700,22650
2025-03-06,2025-02-28,PUT,16.150000000000006,14.15,2.000000000000007,22250,22235.4,75,0.9,0.5,15.850000000000003,1069.8750000000005,-594.3750000000002,2025-02-28 12:52:00,2025-02-28 12:53:00,stop,-796.0392415275,-765.0000000000005,86.01726018,-851.0172601800004,292.2107584725,-796.0392415275,1088.25,6,22550,22600,22650,21950,21900,21850
2025-03-13,2025-03-07,PUT,21.499999999999996,14.699999999999996,6.799999999999997,22550,22548.85,75,0.9,0.5,21.199999999999992,1430.999999999999,-794.9999999999997,2025-03-11 09:16:00,2025-03-11 09:17:00,stop,-1131.486207105,-1109.999999999999,92.730810615,-1202.730810614999,998.513792895,-1131.486207105,2130.0,6,22850,22900,22950,22250,22200,22150
2025-03-27,2025-03-21,PUT,14.35,11.399999999999991,2.95000000000001,23250,23263.75,75,0.9,0.5,14.05,948.375,-526.875,2025-03-27 13:18:00,2025-03-27 13:19:00,target,952.3279565475,971.25,76.9842045975,894.2657954025,952.3279565475,-210.1720434525,1162.5,6,23550,23600,23650,22950,22900,22850
2025-05-08,2025-05-02,PUT,58.3,42.68999999999998,15.610000000000014,24550,24571.2,75,0.9,0.5,58.0,3915.0,-2175.0,2025-05-02 11:24:00,2025-05-02 11:25:00,stop,-2329.104032505,-2253.75,109.4201094825,-2363.1701094825,150.39596749499998,-2329.104032505,2479.5,6,24850,24900,24950,24250,24200,24150
2025-05-15,2025-05-09,PUT,140.59999999999997,60.79999999999998,79.79999999999998,24000,24012.6,75,0.9,0.5,140.29999999999995,9470.249999999996,-5261.249999999998,2025-05-12 09:15:00,2025-05-12 09:16:00,target,9676.444682295,9712.5,110.960665425,9601.539334575,9676.444682295,-2001.055317705,11677.5,6,24300,24350,24400,23700,23650,23600
2025-05-22,2025-05-16,PUT,56.440000000000026,40.69999999999999,15.740000000000038,25000,24991.55,75,0.9,0.5,56.14000000000003,3789.4500000000016,-2105.250000000001,2025-05-22 10:17:00,2025-05-22 10:18:00,target,3887.055514923004,3978.000000000003,106.753063002,3871.246936998003,3887.055514923004,-2060.4444850769964,5947.5,6,25300,25350,25400,24700,24650,24600
2025-05-29,2025-05-23,PUT,51.79999999999998,51.04999999999998,0.75,24800,24795.45,75,0.9,0.5,51.49999999999999,3476.249999999999,-1931.2499999999995,2025-05-28 14:11:00,2025-05-28 14:12:00,target,3479.8196614500007,3505.500000000001,90.649783617,3414.8502163830008,3479.8196614500007,-1155.18033855,4635.000000000001,6,25100,25150,25200,24500,24450,24400
2025-06-05,2025-05-30,CALL,61.7,43.41,18.290000000000006,24800,24806.85,75,0.9,0.5,61.400000000000006,4144.5,-2302.5,2025-06-04 09:17:00,2025-06-04 09:18:00,target,4158.703856115001,4192.500000000001,93.66421944,4098.835780560001,4158.703856115001,-161.296143885,4320.000000000001,6,25100,25150,25200,24500,24450,24400
2025-06-12,2025-06-06,CALL,39.35,35.650000000000006,3.6999999999999886,24700,24713.25,75,0.9,0.5,39.05,2635.875,-1464.375,2025-06-06 10:07:00,2025-06-06 10:08:00,stop,-1538.6803589025,-1496.25,101.9515253625,-1598.2015253625,268.8196410975,-1538.6803589025,1807.5,6,25000,25050,25100,24400,24350,24300
2025-06-19,2025-06-13,PUT,59.8,35.94999999999999,23.85000000000001,24650,24641.2,75,0.9,0.5,59.5,4016.25,-2231.25,2025-06-18 09:17:00,2025-06-18 09:18:00,target,4029.377388945,4068.75,91.36983333749998,3977.3801666625,4029.377388945,-575.622611055,4605.0,6,24950,25000,25050,24350,24300,24250
2025-06-26,2025-06-20,PUT,30.0,21.90000000000001,8.099999999999994,24850,24864.35,75,0.9,0.5,29.7,2004.75,-1113.75,2025-06-25 09:18:00,2025-06-25 09:19:00,target,2005.5324183749997,2032.4999999999995,81.748043145,1950.7519568549997,2005.5324183749997,-683.217581625,2688.7499999999995,6,25150,25200,25250,24550,24500,24450
2025-07-03,2025-06-27,PUT,33.75000000000001,23.65,10.100000000000009,25550,25544.5,75,0.9,0.5,33.45000000000001,2257.875000000001,-1254.3750000000005,2025-07-02 09:15:00,2025-07-02 09:16:00,target,2277.8249119275,2306.25,83.7666039975,2222.4833960025003,2277.8249119275,20.3249119275,2257.5,6,25850,25900,25950,25250,25200,25150
2025-07-10,2025-07-04,CALL,21.450000000000003,20.60000000000001,0.8499999999999943,25400,25414.05,75,0.9,0.5,21.15,1427.6250000000002,-793.1250000000001,2025-07-10 09:15:00,2025-07-10 09:16:00,target,1492.8428614124996,1514.9999999999995,80.98813578,1434.0118642199996,1492.8428614124996,-322.1571385875,1814.9999999999995,6,25700,25750,25800,25100,25050,25000
2025-07-17,2025-07-11,PUT,14.75,12.85,1.8999999999999984,25300,25287.05,75,0.9,0.5,14.45,975.375,-541.875,2025-07-11 10:45:00,2025-07-11 10:46:00,stop,-630.1238499075,-611.25,84.4151819775,-695.6651819775,-105.1238499075,-630.1238499075,525.0,6,25600,25650,25700,25000,24950,24900
2025-07-24,2025-07-18,PUT,13.85,13.35,0.5,25050,25040.3,75,0.9,0.5,13.55,914.625,-508.125,2025-07-18 10:15:00,2025-07-18 10:16:00,stop,-678.6180242475,-667.5000000000005,83.48509083,-750.9850908300004,-108.6180242475,-678.6180242475,570.0,6,25350,25400,25450,24750,24700,24650
2025-07-31,2025-07-25,PUT,16.75,12.700000000000005,4.049999999999997,24950,24928.85,75,0.9,0.5,16.45,1110.375,-616.875,2025-07-25 10:31:00,2025-07-25 10:32:00,stop,-630.7403772975,-618.7500000000005,85.5478997925,-704.2978997925004,18.009622702500003,-630.7403772975,648.75,6,25250,25300,25350,24650,24600,24550
2025-08-07,2025-08-01,PUT,26.000000000000007,21.15000000000001,4.850000000000001,24700,24696.55,75,0.9,0.5,25.700000000000006,1734.7500000000005,-963.7500000000002,2025-08-01 15:06:00,2025-08-01 15:07:00,stop,-978.848019285,-941.2499999999992,91.7564713575,-1033.006471357499,569.901980715,-978.848019285,1548.75,6,25000,25050,25100,24400,24350,24300
2025-08-14,2025-08-08,PUT,18.999999999999996,13.35,5.649999999999992,24500,24477.15,75,0.9,0.5,18.699999999999992,1262.249999999999,-701.2499999999997,2025-08-08 15:12:00,2025-08-08 15:13:00,stop,-1051.6483443900008,-1023.750000000001,88.6141391325,-1112.364139132501,182.10165560999909,-1051.6483443900008,1233.75,6,24800,24850,24900,24200,24150,24100
2025-09-09,2025-09-03,PUT,12.650000000000002,8.900000000000002,3.75,24600,24578.4,75,0.9,0.5,12.35,833.6250000000001,-463.12500000000006,2025-09-09 13:16:00,2025-09-09 13:17:00,target,836.5859703674997,851.2499999999998,76.4728567725,774.7771432274998,836.5859703674997,-194.6640296325,1031.2499999999998,6,24900,24950,25000,24300,24250,24200
2025-09-16,2025-09-10,PUT,13.199999999999996,9.650000000000002,3.5499999999999936,25000,25000.45,75,0.9,0.5,12.899999999999997,870.7499999999997,-483.74999999999983,2025-09-16 11:48:00,2025-09-16 11:49:00,target,874.229794485,885.0,76.325395155,808.674604845,874.229794485,-104.520205515,978.75,6,25300,25350,25400,24700,24650,24600
2025-09-23,2025-09-17,PUT,9.349999999999998,8.499999999999993,0.850000000000005,25300,25320.35,75,0.9,0.5,9.049999999999995,610.8749999999998,-339.3749999999999,2025-09-23 09:17:00,2025-09-23 09:18:00,target,617.2476846524997,629.9999999999998,74.82136216500001,555.1786378349998,617.2476846524997,-87.7523153475,704.9999999999998,6,25600,25650,25700,25000,24950,24900
2025-09-30,2025-09-24,CALL,9.799999999999995,9.7,0.0999999999999978,25100,25091.7,75,0.9,0.5,9.499999999999996,641.2499999999998,-356.2499999999999,2025-09-30 12:59:00,2025-09-30 13:00:00,target,642.1393011899997,659.9999999999998,75.853751895,584.1462481049997,642.1393011899997,-100.36069881,742.4999999999998,6,25400,25450,25500,24800,24750,24700
2025-10-14,2025-10-08,PUT,8.5,7.200000000000003,1.2999999999999972,25150,25163.5,75,0.9,0.5,8.2,553.5,-307.5,2025-10-08 10:57:00,2025-10-08 10:58:00,stop,-308.97488235000003,-296.25,78.7188642825,-374.9688642825,-68.97488235000023,-308.97488235000003,239.9999999999998,6,25450,25500,25550,24850,24800,24750
2025-11-04,2025-10-29,CALL,26.25,20.700000000000003,5.549999999999997,26000,25983.6,75,0.9,0.5,25.95,1751.625,-973.125,2025-10-29 10:32:00,2025-10-29 10:33:00,stop,-1156.3515266775,-1128.75,95.0955143175,-1223.8455143175,-98.8515266775,-1156.3515266775,1057.5,6,26300,26350,26400,25700,25650,25600
2025-11-18,2025-11-12,PUT,19.8,15.499999999999991,4.300000000000004,25850,25859.4,75,0.9,0.5,19.5,1316.2499999999998,-731.2499999999999,2025-11-18 09:15:00,2025-11-18 09:16:00,target,1318.4619857099997,1342.4999999999998,78.513247065,1263.9867529349997,1318.4619857099997,-237.78801429,1556.2499999999998,6,26150,26200,26250,25550,25500,25450
2025-11-25,2025-11-19,CALL,18.749999999999996,17.75,0.9999999999999928,25900,25920.15,75,0.9,0.5,18.449999999999992,1245.374999999999,-691.8749999999997,2025-11-19 12:01:00,2025-11-19 12:02:00,stop,-779.3567524425,-753.75,90.7110535425,-844.4610535425,143.1432475575,-779.3567524425,922.5,6,26200,26250,26300,25600,25550,25500
2025-12-02,2025-11-26,PUT,16.849999999999994,15.4,1.4499999999999955,26100,26077.45,75,0.9,0.5,16.549999999999994,1117.1249999999995,-620.6249999999998,2025-12-01 12:32:00,2025-12-01 12:33:00,target,1124.0607830624997,1143.7499999999998,78.2739374625,1065.4760625374995,1124.0607830624997,-147.1892169375,1271.2499999999998,6,26400,26450,26500,25800,25750,25700
2025-12-09,2025-12-03,CALL,15.900000000000006,14.550000000000004,1.3500000000000014,25950,25951.5,75,0.9,0.5,15.600000000000003,1053.0000000000005,-585.0000000000002,2025-12-08 09:15:00,2025-12-08 09:16:00,target,1164.540130485,1181.25,83.83447143749999,1097.4155285625,1164.540130485,-425.459869515,1590.0,6,26250,26300,26350,25650,25600,25550
2025-12-16,2025-12-10,PUT,12.75,10.9,1.8500000000000012,25900,25878.25,75,0.9,0.5,12.45,840.375,-466.875,2025-12-10 10:59:00,2025-12-10 11:00:00,stop,-472.1885816475,-457.5000000000002,82.854932805,-540.3549328050002,150.3114183525,-472.1885816475,622.5,6,26200,26250,26300,25600,25550,25500
2025-12-23,2025-12-17,PUT,10.349999999999998,10.049999999999995,0.3000000000000007,25850,25868.35,75,0.9,0.5,10.049999999999995,678.3749999999998,-376.8749999999999,2025-12-23 12:54:00,2025-12-23 12:55:00,target,680.0062134675,693.7499999999999,75.4901736225,618.2598263775,680.0062134675,-249.9937865325,930.0,6,26150,26200,26250,25550,25500,25450
2026-01-13,2026-01-07,PUT,6.149999999999999,4.349999999999998,1.8000000000000007,26150,26138.95,65,0.9,0.5,5.849999999999999,342.225,-190.125,2026-01-08 10:59:00,2026-01-08 11:00:00,stop,-197.4113218815,-178.75000000000023,77.3322854805,-256.0822854805002,108.08867811849976,-197.4113218815,305.4999999999998,6,26450,26500,26550,25850,25800,25750
2026-02-03,2026-01-29,PUT,61.19999999999999,53.70000000000002,7.499999999999972,25200,25185.3,65,0.9,0.5,60.89999999999999,3562.65,-1979.25,2026-02-01 12:27:00,2026-02-01 12:28:00,stop,-2025.289597449,-2005.2499999999995,108.5051311065,-2113.7551311064994,2719.710402551,-2025.289597449,4745.0,6,25500,25550,25600,24900,24850,24800
2026-02-10,2026-02-04,PUT,43.650000000000006,32.50000000000001,11.15,25800,25779.55,65,0.9,0.5,43.35000000000001,2535.9750000000004,-1408.8750000000002,2026-02-10 09:15:00,2026-02-10 09:16:00,target,2613.555003103501,2652.000000000001,84.04328060899999,2567.956719391001,2613.555003103501,-447.9449968965,3061.500000000001,6,26100,26150,26200,25500,25450,25400
2026-02-17,2026-02-11,PUT,19.200000000000003,11.799999999999995,7.400000000000006,25950,25943.2,65,0.9,0.5,18.9,1105.6500000000003,-614.2500000000001,2026-02-12 14:51:00,2026-02-12 14:52:00,stop,-616.689638371,-591.5,85.07427261000001,-676.57427261,257.560361629,-616.689638371,874.25,6,26250,26300,26350,25650,25600,25550
2026-02-24,2026-02-18,PUT,24.50000000000001,19.64999999999999,4.850000000000023,25650,25666.6,65,0.9,0.5,24.200000000000014,1415.700000000001,-786.5000000000005,2026-02-19 12:12:00,2026-02-19 12:13:00,stop,-826.089282955,-799.5,86.792025881,-886.2920258810001,821.660717045,-826.089282955,1647.75,6,25950,26000,26050,25350,25300,25250
2026-03-10,2026-03-04,PUT,171.70000000000005,119.09999999999997,52.60000000000008,24350,24325.8,65,0.9,0.5,171.40000000000003,10026.9,-5570.500000000001,2026-03-09 09:16:00,2026-03-09 09:17:00,stop,-5725.426572061,-5648.500000000004,161.746063468,-5810.246063468004,8769.573427939002,-5725.426572061,14495.000000000002,6,24650,24700,24750,24050,24000,23950
2026-03-17,2026-03-11,PUT,110.3,87.5,22.80000000000001,24150,24154.6,65,0.9,0.5,110.0,6435.000000000001,-3575.0000000000005,2026-03-11 11:23:00,2026-03-11 11:24:00,stop,-3677.474809087,-3704.999999999998,129.958293025,-3834.958293024998,-8.224809087000004,-3677.474809087,3669.25,6,24450,24500,24550,23850,23800,23750
2026-03-24,2026-03-18,PUT,94.55,53.75,40.80000000000001,23700,23691.15,65,0.9,0.5,94.25,5513.625000000001,-3063.1250000000005,2026-03-19 09:15:00,2026-03-19 09:16:00,stop,-6527.3013226145,-6503.250000000004,132.5746315485,-6635.824631548504,1925.9486773855,-6527.3013226145,8453.25,6,24000,24050,24100,23400,23350,23300
2026-04-21,2026-04-15,PUT,77.75,60.70000000000002,17.049999999999983,24200,24216.8,65,0.9,0.5,77.45,4530.825,-2517.125,2026-04-21 09:15:00,2026-04-21 09:16:00,target,4903.564261601501,4946.500000000001,98.137244896,4848.362755104001,4903.564261601501,-660.4357383985,5564.000000000001,6,24500,24550,24600,23900,23850,23800
2026-04-28,2026-04-22,PUT,91.4,59.60000000000002,31.799999999999983,24400,24382.9,65,0.9,0.5,91.1,5329.350000000001,-2960.7500000000005,2026-04-24 09:39:00,2026-04-24 09:40:00,stop,-3060.726047458,-3002.999999999998,140.02882599100002,-3143.028825990998,1794.773952542,-3060.726047458,4855.5,6,24700,24750,24800,24100,24050,24000
2026-05-12,2026-05-06,CALL,48.70000000000002,46.85000000000001,1.8500000000000083,24150,24140.6,65,0.9,0.5,48.40000000000002,2831.400000000001,-1573.000000000001,2026-05-06 14:22:00,2026-05-06 14:23:00,stop,-1959.695683349,-1910.9999999999984,113.731832034,-2024.7318320339984,812.5543166510009,-1959.695683349,2772.250000000001,6,24450,24500,24550,23850,23800,23750
2026-05-19,2026-05-13,CALL,88.64999999999998,78.8,9.84999999999998,23350,23371.15,65,0.9,0.5,88.34999999999998,5168.474999999999,-2871.3749999999995,2026-05-13 12:57:00,2026-05-13 12:58:00,stop,-3041.2757412515,-2895.749999999997,138.2082931145,-3033.9582931144964,250.9742587485,-3041.2757412515,3292.25,6,23650,23700,23750,23050,23000,22950
2026-05-26,2026-05-20,PUT,82.39999999999999,53.85,28.55,23550,23541.8,65,0.9,0.5,82.1,4802.85,-2668.25,2026-05-22 15:18:00,2026-05-22 15:19:00,target,4807.138808978,4852.25,102.5332046655,4749.716795334501,4807.138808978,-737.361191022,5544.5,6,23850,23900,23950,23250,23200,23150
2026-06-09,2026-06-03,CALL,57.6,46.60000000000001,10.999999999999986,23250,23253.15,65,0.9,0.5,57.3,3352.05,-1862.25,2026-06-03 13:47:00,2026-06-03 13:48:00,stop,-2199.3203270619983,-2157.999999999998,118.635798894,-2276.6357988939985,689.9296729380018,-2199.3203270619983,2889.25,6,23550,23600,23650,22950,22900,22850
2026-06-16,2026-06-10,PUT,43.55,39.30000000000001,4.249999999999986,23350,23366.6,65,0.9,0.5,43.25,2530.125,-1405.625,2026-06-11 09:15:00,2026-06-11 09:16:00,stop,-2304.5374536935,-2271.75,110.9971254035,-2382.7471254035,779.7125463065,-2304.5374536935,3084.25,6,23650,23700,23750,23050,23000,22950
2026-06-23,2026-06-17,PUT,31.90000000000001,28.099999999999994,3.8000000000000114,24050,24067.9,65,0.9,0.5,31.600000000000005,1848.6000000000004,-1027.0000000000002,2026-06-22 09:15:00,2026-06-22 09:16:00,target,1862.308874191,1888.25,85.3524046785,1802.8975953215,1862.308874191,-123.441125809,1985.75,6,24350,24400,24450,23750,23700,23650
2026-07-07,2026-07-01,PUT,26.450000000000003,22.200000000000003,4.25,24000,23981.15,65,0.9,0.5,26.15,1529.7750000000003,-849.8750000000001,2026-07-06 09:15:00,2026-07-06 09:16:00,target,1542.217763702499,1563.249999999999,82.83275466250001,1480.417245337499,1542.217763702499,-300.5322362975009,1842.75,6,24300,24350,24400,23700,23650,23600
2026-07-14,2026-07-08,PUT,23.599999999999994,14.650000000000006,8.949999999999989,24250,24250.85,65,0.9,0.5,23.299999999999997,1363.0499999999995,-757.2499999999998,2026-07-08 13:47:00,2026-07-08 13:48:00,stop,-1648.433335355,-1628.25,97.3616551525,-1725.6116551525,369.816664645,-1648.433335355,2018.25,6,24550,24600,24650,23950,23900,23850
2026-07-21,2026-07-15,PUT,34.3,14.5,19.8,24200,24185.0,65,0.9,0.5,34.0,1989.0,-1105.0,2026-07-15 12:56:00,2026-07-15 12:57:00,stop,-2337.453032773,-2313.999999999999,105.522262367,-2419.522262366999,282.046967227,-2337.453032773,2619.5,6,24500,24550,24600,23900,23850,23800
2025-01-09,2025-01-03,PUT,37.71000000000001,34.25,3.460000000000008,24050,24057.9,75,0.9,0.75,37.41000000000001,2525.175000000001,-2104.312500000001,2025-01-06 10:51:00,2025-01-06 10:52:00,stop,-2369.5857124395,-2290.499999999999,104.458791537,-2394.958791537,1545.4142875605,-2369.5857124395,3915.0,6,24350,24400,24450,23750,23700,23650
2025-01-16,2025-01-10,CALL,47.150000000000006,45.39999999999999,1.7500000000000142,23350,23369.6,75,0.9,0.75,46.85000000000001,3162.3750000000005,-2635.3125000000005,2025-01-10 11:15:00,2025-01-10 11:16:00,stop,-3420.3283982775,-3341.25,113.9330700975,-3455.1830700975,0.4216017225000001,-3420.3283982775,3420.75,6,23650,23700,23750,23050,23000,22950
2025-01-23,2025-01-17,PUT,34.2,20.450000000000003,13.75,23250,23226.4,75,0.9,0.75,33.900000000000006,2288.2500000000005,-1906.8750000000005,2025-01-17 10:50:00,2025-01-17 10:51:00,stop,-1997.66203341,-1904.25,99.0793760445,-2003.3293760445,-47.66203340999999,-1997.66203341,1950.0,6,23550,23600,23650,22950,22900,22850
2025-01-30,2025-01-24,PUT,51.70000000000002,40.650000000000006,11.050000000000011,23150,23144.25,75,0.9,0.75,51.40000000000002,3469.5000000000014,-2891.250000000001,2025-01-27 10:19:00,2025-01-27 10:20:00,stop,-3348.912758039998,-2958.749999999998,112.2362762475,-3070.986276247498,2425.337241960002,-3348.912758039998,5774.25,6,23450,23500,23550,22850,22800,22750
2025-02-06,2025-02-01,PUT,83.9,77.04999999999998,6.850000000000023,23550,23558.05,75,0.9,0.75,83.60000000000001,5643.000000000001,-4702.500000000001,2025-02-04 14:36:00,2025-02-04 14:37:00,target,5651.250234,5681.25,98.48202237750002,5582.7679776225,5651.250234,-1905.749766,7557.0,6,23850,23900,23950,23250,23200,23150
2025-02-13,2025-02-07,PUT,39.7,37.81,1.8900000000000008,23600,23606.55,75,0.9,0.75,39.400000000000006,2659.5000000000005,-2216.2500000000005,2025-02-11 09:24:00,2025-02-11 09:25:00,stop,-2231.6030238,-2144.9999999999973,105.028518795,-2250.028518794997,1589.6469762,-2231.6030238,3821.25,6,23900,23950,24000,23300,23250,23200
2025-02-20,2025-02-14,PUT,31.700000000000003,28.00999999999999,3.690000000000012,23050,23050.5,75,0.9,0.75,31.4,2119.5,-1766.25,2025-02-14 10:42:00,2025-02-14 10:43:00,stop,-1895.79126153,-1855.5,97.886492172,-1953.386492172,441.20873847,-1895.79126153,2337.0,6,23350,23400,23450,22750,22700,22650
2025-03-06,2025-02-28,PUT,16.150000000000006,14.15,2.000000000000007,22250,22235.4,75,0.9,0.75,15.850000000000003,1069.8750000000005,-891.5625000000003,2025-02-28 12:54:00,2025-02-28 12:55:00,stop,-1212.2892415275,-1181.25,87.4920258825,-1268.7420258825,292.2107584725,-1212.2892415275,1504.5,6,22550,22600,22650,21950,21900,21850
2025-03-13,2025-03-07,PUT,21.499999999999996,14.699999999999996,6.799999999999997,22550,22548.85,75,0.9,0.75,21.199999999999992,1430.999999999999,-1192.4999999999995,2025-03-11 09:21:00,2025-03-11 09:22:00,stop,-1217.736207105,-1192.5,93.18577497,-1285.68577497,998.513792895,-1217.736207105,2216.25,6,22850,22900,22950,22250,22200,22150
2025-03-27,2025-03-21,PUT,14.35,11.399999999999991,2.95000000000001,23250,23263.75,75,0.9,0.75,14.05,948.375,-790.3125,2025-03-27 13:18:00,2025-03-27 13:19:00,target,952.3279565475,971.25,76.9842045975,894.2657954025,952.3279565475,-210.1720434525,1162.5,6,23550,23600,23650,22950,22900,22850
2025-05-08,2025-05-02,PUT,58.3,42.68999999999998,15.610000000000014,24550,24571.2,75,0.9,0.75,58.0,3915.0,-3262.5,2025-05-02 11:32:00,2025-05-02 11:33:00,stop,-3267.354032505,-3145.499999999998,112.075290297,-3257.575290296998,150.39596749499998,-3267.354032505,3417.75,6,24850,24900,24950,24250,24200,24150
2025-05-15,2025-05-09,PUT,140.59999999999997,60.79999999999998,79.79999999999998,24000,24012.6,75,0.9,0.75,140.29999999999995,9470.249999999996,-7891.874999999997,2025-05-12 09:15:00,2025-05-12 09:16:00,target,9676.444682295,9712.5,110.960665425,9601.539334575,9676.444682295,-2001.055317705,11677.5,6,24300,24350,24400,23700,23650,23600
2025-05-22,2025-05-16,PUT,56.440000000000026,40.69999999999999,15.740000000000038,25000,24991.55,75,0.9,0.75,56.14000000000003,3789.4500000000016,-3157.8750000000014,2025-05-22 10:17:00,2025-05-22 10:18:00,target,3887.055514923004,3978.000000000003,106.753063002,3871.246936998003,3887.055514923004,-2060.4444850769964,5947.5,6,25300,25350,25400,24700,24650,24600
2025-05-29,2025-05-23,PUT,51.79999999999998,51.04999999999998,0.75,24800,24795.45,75,0.9,0.75,51.49999999999999,3476.249999999999,-2896.874999999999,2025-05-28 14:11:00,2025-05-28 14:12:00,target,3479.8196614500007,3505.500000000001,90.649783617,3414.8502163830008,3479.8196614500007,-1155.18033855,4635.000000000001,6,25100,25150,25200,24500,24450,24400
2025-06-05,2025-05-30,CALL,61.7,43.41,18.290000000000006,24800,24806.85,75,0.9,0.75,61.400000000000006,4144.5,-3453.75,2025-06-04 09:17:00,2025-06-04 09:18:00,target,4158.703856115001,4192.500000000001,93.66421944,4098.835780560001,4158.703856115001,-161.296143885,4320.000000000001,6,25100,25150,25200,24500,24450,24400
2025-06-12,2025-06-06,CALL,39.35,35.650000000000006,3.6999999999999886,24700,24713.25,75,0.9,0.75,39.05,2635.875,-2196.5625,2025-06-06 10:38:00,2025-06-06 10:39:00,stop,-2198.6803589025,-2205.0,104.901817725,-2309.901817725,268.8196410975,-2198.6803589025,2467.5,6,25000,25050,25100,24400,24350,24300
2025-06-19,2025-06-13,PUT,59.8,35.94999999999999,23.85000000000001,24650,24641.2,75,0.9,0.75,59.5,4016.25,-3346.875,2025-06-18 09:17:00,2025-06-18 09:18:00,target,4029.377388945,4068.75,91.36983333749998,3977.3801666625,4029.377388945,-575.622611055,4605.0,6,24950,25000,25050,24350,24300,24250
2025-06-26,2025-06-20,PUT,30.0,21.90000000000001,8.099999999999994,24850,24864.35,75,0.9,0.75,29.7,2004.75,-1670.625,2025-06-25 09:18:00,2025-06-25 09:19:00,target,2005.5324183749997,2032.4999999999995,81.748043145,1950.7519568549997,2005.5324183749997,-683.217581625,2688.7499999999995,6,25150,25200,25250,24550,24500,24450
2025-07-03,2025-06-27,PUT,33.75000000000001,23.65,10.100000000000009,25550,25544.5,75,0.9,0.75,33.45000000000001,2257.875000000001,-1881.562500000001,2025-07-02 09:15:00,2025-07-02 09:16:00,target,2277.8249119275,2306.25,83.7666039975,2222.4833960025003,2277.8249119275,20.3249119275,2257.5,6,25850,25900,25950,25250,25200,25150
2025-07-10,2025-07-04,CALL,21.450000000000003,20.60000000000001,0.8499999999999943,25400,25414.05,75,0.9,0.75,21.15,1427.6250000000002,-1189.6875000000002,2025-07-10 09:15:00,2025-07-10 09:16:00,target,1492.8428614124996,1514.9999999999995,80.98813578,1434.0118642199996,1492.8428614124996,-322.1571385875,1814.9999999999995,6,25700,25750,25800,25100,25050,25000
2025-07-17,2025-07-11,PUT,14.75,12.85,1.8999999999999984,25300,25287.05,75,0.9,0.75,14.45,975.375,-812.8125,2025-07-11 10:49:00,2025-07-11 10:50:00,stop,-900.1238499075,-896.25,85.2041671425,-981.4541671425,-105.1238499075,-900.1238499075,795.0,6,25600,25650,25700,25000,24950,24900
2025-07-24,2025-07-18,PUT,13.85,13.35,0.5,25050,25040.3,75,0.9,0.75,13.55,914.625,-762.1875,2025-07-18 10:16:00,2025-07-18 10:17:00,stop,-978.6180242475,-963.75,84.5509656975,-1048.3009656975,-108.6180242475,-978.6180242475,870.0,6,25350,25400,25450,24750,24700,24650
2025-07-31,2025-07-25,PUT,16.75,12.700000000000005,4.049999999999997,24950,24928.85,75,0.9,0.75,16.45,1110.375,-925.3125,2025-07-25 12:23:00,2025-07-25 12:24:00,stop,-1024.4903772975,-1008.75,87.1783125975,-1095.9283125974998,18.009622702500003,-1024.4903772975,1042.5,6,25250,25300,25350,24650,24600,24550
2025-08-07,2025-08-01,PUT,26.000000000000007,21.15000000000001,4.850000000000001,24700,24696.55,75,0.9,0.75,25.700000000000006,1734.7500000000005,-1445.6250000000005,2025-08-01 15:08:00,2025-08-01 15:09:00,stop,-1590.098019285,-1560.0,93.767431515,-1653.767431515,569.901980715,-1590.098019285,2160.0,6,25000,25050,25100,24400,24350,24300
2025-08-14,2025-08-08,PUT,18.999999999999996,13.35,5.649999999999992,24500,24477.15,75,0.9,0.75,18.699999999999992,1262.249999999999,-1051.8749999999995,2025-08-08 15:13:00,2025-08-08 15:14:00,stop,-1190.3983443900008,-1147.500000000001,89.017725465,-1236.517725465001,182.10165560999909,-1190.3983443900008,1372.5,6,24800,24850,24900,24200,24150,24100
2025-09-09,2025-09-03,PUT,12.650000000000002,8.900000000000002,3.75,24600,24578.4,75,0.9,0.75,12.35,833.6250000000001,-694.6875000000001,2025-09-09 13:16:00,2025-09-09 13:17:00,target,836.5859703674997,851.2499999999998,76.4728567725,774.7771432274998,836.5859703674997,-194.6640296325,1031.2499999999998,6,24900,24950,25000,24300,24250,24200
2025-09-16,2025-09-10,PUT,13.199999999999996,9.650000000000002,3.5499999999999936,25000,25000.45,75,0.9,0.75,12.899999999999997,870.7499999999997,-725.6249999999998,2025-09-16 11:48:00,2025-09-16 11:49:00,target,874.229794485,885.0,76.325395155,808.674604845,874.229794485,-104.520205515,978.75,6,25300,25350,25400,24700,24650,24600
2025-09-23,2025-09-17,PUT,9.349999999999998,8.499999999999993,0.850000000000005,25300,25320.35,75,0.9,0.75,9.049999999999995,610.8749999999998,-509.06249999999983,2025-09-23 09:17:00,2025-09-23 09:18:00,target,617.2476846524997,629.9999999999998,74.82136216500001,555.1786378349998,617.2476846524997,-87.7523153475,704.9999999999998,6,25600,25650,25700,25000,24950,24900
2025-09-30,2025-09-24,CALL,9.799999999999995,9.7,0.0999999999999978,25100,25091.7,75,0.9,0.75,9.499999999999996,641.2499999999998,-534.3749999999998,2025-09-30 12:59:00,2025-09-30 13:00:00,target,642.1393011899997,659.9999999999998,75.853751895,584.1462481049997,642.1393011899997,-100.36069881,742.4999999999998,6,25400,25450,25500,24800,24750,24700
2025-10-14,2025-10-08,PUT,8.5,7.200000000000003,1.2999999999999972,25150,25163.5,75,0.9,0.75,8.2,553.5,-461.25,2025-10-08 11:06:00,2025-10-08 11:07:00,stop,-473.97488235,-453.7500000000002,79.6603165125,-533.4103165125002,-68.97488235000023,-473.97488235,404.9999999999998,6,25450,25500,25550,24850,24800,24750
2025-11-04,2025-10-29,CALL,26.25,20.700000000000003,5.549999999999997,26000,25983.6,75,0.9,0.75,25.95,1751.625,-1459.6875,2025-11-03 14:01:00,2025-11-03 14:02:00,target,1753.6484733225,1770.0,82.2551376,1687.7448624,1753.6484733225,-1208.8515266775,2962.5,6,26300,26350,26400,25700,25650,25600
2025-11-18,2025-11-12,PUT,19.8,15.499999999999991,4.300000000000004,25850,25859.4,75,0.9,0.75,19.5,1316.2499999999998,-1096.8749999999998,2025-11-18 09:15:00,2025-11-18 09:16:00,target,1318.4619857099997,1342.4999999999998,78.513247065,1263.9867529349997,1318.4619857099997,-237.78801429,1556.2499999999998,6,26150,26200,26250,25550,25500,25450
2025-11-25,2025-11-19,CALL,18.749999999999996,17.75,0.9999999999999928,25900,25920.15,75,0.9,0.75,18.449999999999992,1245.374999999999,-1037.8124999999995,2025-11-19 12:31:00,2025-11-19 12:32:00,stop,-1150.6067524425,-1117.4999999999995,92.183395725,-1209.6833957249996,143.1432475575,-1150.6067524425,1293.75,6,26200,26250,26300,25600,25550,25500
2025-12-02,2025-11-26,PUT,16.849999999999994,15.4,1.4499999999999955,26100,26077.45,75,0.9,0.75,16.549999999999994,1117.1249999999995,-930.9374999999995,2025-12-01 12:32:00,2025-12-01 12:33:00,target,1124.0607830624997,1143.7499999999998,78.2739374625,1065.4760625374995,1124.0607830624997,-147.1892169375,1271.2499999999998,6,26400,26450,26500,25800,25750,25700
2025-12-09,2025-12-03,CALL,15.900000000000006,14.550000000000004,1.3500000000000014,25950,25951.5,75,0.9,0.75,15.600000000000003,1053.0000000000005,-877.5000000000003,2025-12-08 09:15:00,2025-12-08 09:16:00,target,1164.540130485,1181.25,83.83447143749999,1097.4155285625,1164.540130485,-425.459869515,1590.0,6,26250,26300,26350,25650,25600,25550
2025-12-16,2025-12-10,PUT,12.75,10.9,1.8500000000000012,25900,25878.25,75,0.9,0.75,12.45,840.375,-700.3125,2025-12-10 12:31:00,2025-12-10 12:32:00,stop,-862.1885816475,-866.2500000000005,84.4797376125,-950.7297376125003,150.3114183525,-862.1885816475,1012.5,6,26200,26250,26300,25600,25550,25500
2025-12-23,2025-12-17,PUT,10.349999999999998,10.049999999999995,0.3000000000000007,25850,25868.35,75,0.9,0.75,10.049999999999995,678.3749999999998,-565.3124999999998,2025-12-23 12:54:00,2025-12-23 12:55:00,target,680.0062134675,693.7499999999999,75.4901736225,618.2598263775,680.0062134675,-249.9937865325,930.0,6,26150,26200,26250,25550,25500,25450
2026-01-13,2026-01-07,PUT,6.149999999999999,4.349999999999998,1.8000000000000007,26150,26138.95,65,0.9,0.75,5.849999999999999,342.225,-285.18749999999994,2026-01-08 11:11:00,2026-01-08 11:12:00,stop,-288.4113218815,-263.2500000000002,77.65986321150001,-340.90986321150024,108.08867811849976,-288.4113218815,396.4999999999998,6,26450,26500,26550,25850,25800,25750
2026-02-03,2026-01-29,PUT,61.19999999999999,53.70000000000002,7.499999999999972,25200,25185.3,65,0.9,0.75,60.89999999999999,3562.65,-2968.8749999999995,2026-02-01 12:29:00,2026-02-01 12:30:00,stop,-4982.789597449,-4962.749999999998,116.6351836995,-5079.385183699498,2719.710402551,-4982.789597449,7702.5,6,25500,25550,25600,24900,24850,24800
2026-02-10,2026-02-04,PUT,43.650000000000006,32.50000000000001,11.15,25800,25779.55,65,0.9,0.75,43.35000000000001,2535.9750000000004,-2113.3125000000005,2026-02-10 09:15:00,2026-02-10 09:16:00,target,2613.555003103501,2652.000000000001,84.04328060899999,2567.956719391001,2613.555003103501,-447.9449968965,3061.500000000001,6,26100,26150,26200,25500,25450,25400
2026-02-17,2026-02-11,PUT,19.200000000000003,11.799999999999995,7.400000000000006,25950,25943.2,65,0.9,0.75,18.9,1105.6500000000003,-921.3750000000002,2026-02-13 09:15:00,2026-02-13 09:16:00,stop,-2283.939638371,-2265.25,92.7726200135,-2358.0226200135,257.560361629,-2283.939638371,2541.5,6,26250,26300,26350,25650,25600,25550
2026-02-24,2026-02-18,PUT,24.50000000000001,19.64999999999999,4.850000000000023,25650,25666.6,65,0.9,0.75,24.200000000000014,1415.700000000001,-1179.750000000001,2026-02-19 14:47:00,2026-02-19 14:48:00,stop,-1277.839282955,-1238.25,89.1742586755,-1327.4242586755,821.660717045,-1277.839282955,2099.5,6,25950,26000,26050,25350,25300,25250
2026-03-10,2026-03-04,PUT,171.70000000000005,119.09999999999997,52.60000000000008,24350,24325.8,65,0.9,0.75,171.40000000000003,10026.9,-8355.750000000002,2026-03-09 09:18:00,2026-03-09 09:19:00,stop,-9144.426572061,-9022.0,170.379578137,-9192.379578137,8769.573427939002,-9144.426572061,17914.0,6,24650,24700,24750,24050,24000,23950
2026-03-17,2026-03-11,PUT,110.3,87.5,22.80000000000001,24150,24154.6,65,0.9,0.75,110.0,6435.000000000001,-5362.500000000001,2026-03-11 11:52:00,2026-03-11 11:53:00,stop,-5585.224809087,-5544.5,134.726914376,-5679.226914376,-8.224809087000004,-5585.224809087,5577.0,6,24450,24500,24550,23850,23800,23750
2026-03-24,2026-03-18,PUT,94.55,53.75,40.80000000000001,23700,23691.15,65,0.9,0.75,94.25,5513.625000000001,-4594.687500000001,2026-03-19 09:15:00,2026-03-19 09:16:00,stop,-6527.3013226145,-6503.250000000004,132.5746315485,-6635.824631548504,1925.9486773855,-6527.3013226145,8453.25,6,24000,24050,24100,23400,23350,23300
2026-04-21,2026-04-15,PUT,77.75,60.70000000000002,17.049999999999983,24200,24216.8,65,0.9,0.75,77.45,4530.825,-3775.6875,2026-04-21 09:15:00,2026-04-21 09:16:00,target,4903.564261601501,4946.500000000001,98.137244896,4848.362755104001,4903.564261601501,-660.4357383985,5564.000000000001,6,24500,24550,24600,23900,23850,23800
2026-04-28,2026-04-22,PUT,91.4,59.60000000000002,31.799999999999983,24400,24382.9,65,0.9,0.75,91.1,5329.350000000001,-4441.125000000001,2026-04-24 09:46:00,2026-04-24 09:47:00,stop,-4841.726047458,-4836.0,146.21737492900002,-4982.217374929,1794.773952542,-4841.726047458,6636.5,6,24700,24750,24800,24100,24050,24000
2026-05-12,2026-05-06,CALL,48.70000000000002,46.85000000000001,1.8500000000000083,24150,24140.6,65,0.9,0.75,48.40000000000002,2831.400000000001,-2359.500000000001,2026-05-06 14:25:00,2026-05-06 14:26:00,stop,-2651.945683349,-2609.75,116.6355606475,-2726.3855606475,812.5543166510009,-2651.945683349,3464.500000000001,6,24450,24500,24550,23850,23800,23750
2026-05-19,2026-05-13,CALL,88.64999999999998,78.8,9.84999999999998,23350,23371.15,65,0.9,0.75,88.34999999999998,5168.474999999999,-4307.062499999999,2026-05-14 13:03:00,2026-05-14 13:04:00,stop,-4620.7757412515,-4524.0,145.44500319899998,-4669.445003199,1853.2242587485,-4620.7757412515,6474.0,6,23650,23700,23750,23050,23000,22950
2026-05-26,2026-05-20,PUT,82.39999999999999,53.85,28.55,23550,23541.8,65,0.9,0.75,82.1,4802.85,-4002.375,2026-05-22 15:18:00,2026-05-22 15:19:00,target,4807.138808978,4852.25,102.5332046655,4749.716795334501,4807.138808978,-737.361191022,5544.5,6,23850,23900,23950,23250,23200,23150
2026-06-09,2026-06-03,CALL,57.6,46.60000000000001,10.999999999999986,23250,23253.15,65,0.9,0.75,57.3,3352.05,-2793.375,2026-06-03 13:48:00,2026-06-03 13:49:00,stop,-3210.0703270619983,-3191.4999999999964,122.04475505500002,-3313.5447550549966,689.9296729380018,-3210.0703270619983,3900.0,6,23550,23600,23650,22950,22900,22850
2026-06-16,2026-06-10,PUT,43.55,39.30000000000001,4.249999999999986,23350,23366.6,65,0.9,0.75,43.25,2530.125,-2108.4375,2026-06-11 09:15:00,2026-06-11 09:16:00,stop,-2304.5374536935,-2271.75,110.9971254035,-2382.7471254035,779.7125463065,-2304.5374536935,3084.25,6,23650,23700,23750,23050,23000,22950
2026-06-23,2026-06-17,PUT,31.90000000000001,28.099999999999994,3.8000000000000114,24050,24067.9,65,0.9,0.75,31.600000000000005,1848.6000000000004,-1540.5000000000005,2026-06-22 09:15:00,2026-06-22 09:16:00,target,1862.308874191,1888.25,85.3524046785,1802.8975953215,1862.308874191,-123.441125809,1985.75,6,24350,24400,24450,23750,23700,23650
2026-07-07,2026-07-01,PUT,26.450000000000003,22.200000000000003,4.25,24000,23981.15,65,0.9,0.75,26.15,1529.7750000000003,-1274.8125000000002,2026-07-06 09:15:00,2026-07-06 09:16:00,target,1542.217763702499,1563.249999999999,82.83275466250001,1480.417245337499,1542.217763702499,-300.5322362975009,1842.75,6,24300,24350,24400,23700,23650,23600
2026-07-14,2026-07-08,PUT,23.599999999999994,14.650000000000006,8.949999999999989,24250,24250.85,65,0.9,0.75,23.299999999999997,1363.0499999999995,-1135.8749999999995,2026-07-08 13:47:00,2026-07-08 13:48:00,stop,-1648.433335355,-1628.25,97.3616551525,-1725.6116551525,369.816664645,-1648.433335355,2018.25,6,24550,24600,24650,23950,23900,23850
2026-07-21,2026-07-15,PUT,34.3,14.5,19.8,24200,24185.0,65,0.9,0.75,34.0,1989.0,-1657.5,2026-07-15 12:56:00,2026-07-15 12:57:00,stop,-2337.453032773,-2313.999999999999,105.522262367,-2419.522262366999,282.046967227,-2337.453032773,2619.5,6,24500,24550,24600,23900,23850,23800
2025-01-09,2025-01-03,PUT,37.71000000000001,34.25,3.460000000000008,24050,24057.9,75,0.9,1.0,37.41000000000001,2525.175000000001,-2805.750000000001,2025-01-06 11:04:00,2025-01-06 11:05:00,stop,-2970.3357124395,-2935.499999999999,106.613879307,-3042.1138793069995,1545.4142875605,-2970.3357124395,4515.75,6,24350,24400,24450,23750,23700,23650
2025-01-16,2025-01-10,CALL,47.150000000000006,45.39999999999999,1.7500000000000142,23350,23369.6,75,0.9,1.0,46.85000000000001,3162.3750000000005,-3513.7500000000005,2025-01-10 11:18:00,2025-01-10 11:19:00,stop,-3514.0783982775,-3558.749999999998,114.2319298875,-3672.981929887498,0.4216017225000001,-3514.0783982775,3514.5,6,23650,23700,23750,23050,23000,22950
2025-01-23,2025-01-17,PUT,34.2,20.450000000000003,13.75,23250,23226.4,75,0.9,1.0,33.900000000000006,2288.2500000000005,-2542.5000000000005,2025-01-17 10:57:00,2025-01-17 10:58:00,stop,-2770.16203341,-2625.0,101.184479205,-2726.184479205,-47.66203340999999,-2770.16203341,2722.5,6,23550,23600,23650,22950,22900,22850
2025-01-30,2025-01-24,PUT,51.70000000000002,40.650000000000006,11.050000000000011,23150,23144.25,75,0.9,1.0,51.40000000000002,3469.5000000000014,-3855.000000000002,2025-01-27 10:27:00,2025-01-27 10:28:00,stop,-3922.66275804,-3922.5,114.99317856,-4037.49317856,2425.337241960002,-3922.66275804,6348.000000000002,6,23450,23500,23550,22850,22800,22750
2025-02-06,2025-02-01,PUT,83.9,77.04999999999998,6.850000000000023,23550,23558.05,75,0.9,1.0,83.60000000000001,5643.000000000001,-6270.000000000001,2025-02-04 14:36:00,2025-02-04 14:37:00,target,5651.250234,5681.25,98.48202237750002,5582.7679776225,5651.250234,-1905.749766,7557.0,6,23850,23900,23950,23250,23200,23150
2025-02-13,2025-02-07,PUT,39.7,37.81,1.8900000000000008,23600,23606.55,75,0.9,1.0,39.400000000000006,2659.5000000000005,-2955.0000000000005,2025-02-11 12:56:00,2025-02-11 12:57:00,stop,-3295.8530238,-3370.5,111.896450247,-3482.396450247,1589.6469762,-3295.8530238,4885.5,6,23900,23950,24000,23300,23250,23200
2025-02-20,2025-02-14,PUT,31.700000000000003,28.00999999999999,3.690000000000012,23050,23050.5,75,0.9,1.0,31.4,2119.5,-2355.0,2025-02-14 10:48:00,2025-02-14 10:49:00,stop,-2570.04126153,-2572.5,99.98992833,-2672.48992833,441.20873847,-2570.04126153,3011.25,6,23350,23400,23450,22750,22700,22650
2025-03-06,2025-02-28,PUT,16.150000000000006,14.15,2.000000000000007,22250,22235.4,75,0.9,1.0,15.850000000000003,1069.8750000000005,-1188.7500000000005,2025-02-28 12:54:00,2025-02-28 12:55:00,stop,-1212.2892415275,-1181.25,87.4920258825,-1268.7420258825,292.2107584725,-1212.2892415275,1504.5,6,22550,22600,22650,21950,21900,21850
2025-03-13,2025-03-07,PUT,21.499999999999996,14.699999999999996,6.799999999999997,22550,22548.85,75,0.9,1.0,21.199999999999992,1430.999999999999,-1589.999999999999,2025-03-13 09:15:00,2025-03-13 09:16:00,target,1467.263792895,1488.75,80.37934085250001,1408.3706591475,1467.263792895,-1217.736207105,2685.0,6,22850,22900,22950,22250,22200,22150
2025-03-27,2025-03-21,PUT,14.35,11.399999999999991,2.95000000000001,23250,23263.75,75,0.9,1.0,14.05,948.375,-1053.75,2025-03-27 13:18:00,2025-03-27 13:19:00,target,952.3279565475,971.25,76.9842045975,894.2657954025,952.3279565475,-210.1720434525,1162.5,6,23550,23600,23650,22950,22900,22850
2025-05-08,2025-05-02,PUT,58.3,42.68999999999998,15.610000000000014,24550,24571.2,75,0.9,1.0,58.0,3915.0,-4350.0,2025-05-02 12:12:00,2025-05-02 12:13:00,stop,-4537.854032505,-4158.75,115.5234615225,-4274.2734615225,150.39596749499998,-4537.854032505,4688.25,6,24850,24900,24950,24250,24200,24150
2025-05-15,2025-05-09,PUT,140.59999999999997,60.79999999999998,79.79999999999998,24000,24012.6,75,0.9,1.0,140.29999999999995,9470.249999999996,-10522.499999999996,2025-05-12 09:15:00,2025-05-12 09:16:00,target,9676.444682295,9712.5,110.960665425,9601.539334575,9676.444682295,-2001.055317705,11677.5,6,24300,24350,24400,23700,23650,23600
2025-05-22,2025-05-16,PUT,56.440000000000026,40.69999999999999,15.740000000000038,25000,24991.55,75,0.9,1.0,56.14000000000003,3789.4500000000016,-4210.500000000002,2025-05-22 10:17:00,2025-05-22 10:18:00,target,3887.055514923004,3978.000000000003,106.753063002,3871.246936998003,3887.055514923004,-2060.4444850769964,5947.5,6,25300,25350,25400,24700,24650,24600
2025-05-29,2025-05-23,PUT,51.79999999999998,51.04999999999998,0.75,24800,24795.45,75,0.9,1.0,51.49999999999999,3476.249999999999,-3862.499999999999,2025-05-28 14:11:00,2025-05-28 14:12:00,target,3479.8196614500007,3505.500000000001,90.649783617,3414.8502163830008,3479.8196614500007,-1155.18033855,4635.000000000001,6,25100,25150,25200,24500,24450,24400
2025-06-05,2025-05-30,CALL,61.7,43.41,18.290000000000006,24800,24806.85,75,0.9,1.0,61.400000000000006,4144.5,-4605.0,2025-06-04 09:17:00,2025-06-04 09:18:00,target,4158.703856115001,4192.500000000001,93.66421944,4098.835780560001,4158.703856115001,-161.296143885,4320.000000000001,6,25100,25150,25200,24500,24450,24400
2025-06-12,2025-06-06,CALL,39.35,35.650000000000006,3.6999999999999886,24700,24713.25,75,0.9,1.0,39.05,2635.875,-2928.75,2025-06-06 10:40:00,2025-06-06 10:41:00,stop,-3263.6803589025,-3239.999999999998,107.86468071,-3347.864680709998,268.8196410975,-3263.6803589025,3532.5,6,25000,25050,25100,24400,24350,24300
2025-06-19,2025-06-13,PUT,59.8,35.94999999999999,23.85000000000001,24650,24641.2,75,0.9,1.0,59.5,4016.25,-4462.5,2025-06-18 09:17:00,2025-06-18 09:18:00,target,4029.377388945,4068.75,91.36983333749998,3977.3801666625,4029.377388945,-575.622611055,4605.0,6,24950,25000,25050,24350,24300,24250
2025-06-26,2025-06-20,PUT,30.0,21.90000000000001,8.099999999999994,24850,24864.35,75,0.9,1.0,29.7,2004.75,-2227.5,2025-06-25 09:18:00,2025-06-25 09:19:00,target,2005.5324183749997,2032.4999999999995,81.748043145,1950.7519568549997,2005.5324183749997,-683.217581625,2688.7499999999995,6,25150,25200,25250,24550,24500,24450
2025-07-03,2025-06-27,PUT,33.75000000000001,23.65,10.100000000000009,25550,25544.5,75,0.9,1.0,33.45000000000001,2257.875000000001,-2508.750000000001,2025-07-02 09:15:00,2025-07-02 09:16:00,target,2277.8249119275,2306.25,83.7666039975,2222.4833960025003,2277.8249119275,20.3249119275,2257.5,6,25850,25900,25950,25250,25200,25150
2025-07-10,2025-07-04,CALL,21.450000000000003,20.60000000000001,0.8499999999999943,25400,25414.05,75,0.9,1.0,21.15,1427.6250000000002,-1586.2500000000002,2025-07-10 09:15:00,2025-07-10 09:16:00,target,1492.8428614124996,1514.9999999999995,80.98813578,1434.0118642199996,1492.8428614124996,-322.1571385875,1814.9999999999995,6,25700,25750,25800,25100,25050,25000
2025-07-17,2025-07-11,PUT,14.75,12.85,1.8999999999999984,25300,25287.05,75,0.9,1.0,14.45,975.375,-1083.75,2025-07-11 10:58:00,2025-07-11 10:59:00,stop,-1192.6238499075,-1192.5,86.28398502,-1278.78398502,-105.1238499075,-1192.6238499075,1087.5,6,25600,25650,25700,25000,24950,24900
2025-07-24,2025-07-18,PUT,13.85,13.35,0.5,25050,25040.3,75,0.9,1.0,13.55,914.625,-1016.25,2025-07-18 10:17:00,2025-07-18 10:18:00,stop,-1121.1180242475,-1113.7500000000005,85.1683946925,-1198.9183946925004,-108.6180242475,-1121.1180242475,1012.5,6,25350,25400,25450,24750,24700,24650
2025-07-31,2025-07-25,PUT,16.75,12.700000000000005,4.049999999999997,24950,24928.85,75,0.9,1.0,16.45,1110.375,-1233.75,2025-07-28 13:04:00,2025-07-28 13:05:00,stop,-1249.4903772975,-1215.0,89.47996481999999,-1304.47996482,363.0096227025,-1249.4903772975,1612.5,6,25250,25300,25350,24650,24600,24550
2025-08-07,2025-08-01,PUT,26.000000000000007,21.15000000000001,4.850000000000001,24700,24696.55,75,0.9,1.0,25.700000000000006,1734.7500000000005,-1927.5000000000005,2025-08-01 15:11:00,2025-08-01 15:12:00,stop,-2002.598019285,-1972.5,95.45664687,-2067.95664687,569.901980715,-2002.598019285,2572.5,6,25000,25050,25100,24400,24350,24300
2025-08-14,2025-08-08,PUT,18.999999999999996,13.35,5.649999999999992,24500,24477.15,75,0.9,1.0,18.699999999999992,1262.249999999999,-1402.499999999999,2025-08-14 09:15:00,2025-08-14 09:16:00,target,1284.601655609999,1301.2499999999989,78.5385555975,1222.711444402499,1284.601655609999,-1190.3983443900008,2475.0,6,24800,24850,24900,24200,24150,24100
2025-09-09,2025-09-03,PUT,12.650000000000002,8.900000000000002,3.75,24600,24578.4,75,0.9,1.0,12.35,833.6250000000001,-926.25,2025-09-09 13:16:00,2025-09-09 13:17:00,target,836.5859703674997,851.2499999999998,76.4728567725,774.7771432274998,836.5859703674997,-194.6640296325,1031.2499999999998,6,24900,24950,25000,24300,24250,24200
2025-09-16,2025-09-10,PUT,13.199999999999996,9.650000000000002,3.5499999999999936,25000,25000.45,75,0.9,1.0,12.899999999999997,870.7499999999997,-967.4999999999995,2025-09-16 11:48:00,2025-09-16 11:49:00,target,874.229794485,885.0,76.325395155,808.674604845,874.229794485,-104.520205515,978.75,6,25300,25350,25400,24700,24650,24600
2025-09-23,2025-09-17,PUT,9.349999999999998,8.499999999999993,0.850000000000005,25300,25320.35,75,0.9,1.0,9.049999999999995,610.8749999999998,-678.7499999999998,2025-09-23 09:17:00,2025-09-23 09:18:00,target,617.2476846524997,629.9999999999998,74.82136216500001,555.1786378349998,617.2476846524997,-87.7523153475,704.9999999999998,6,25600,25650,25700,25000,24950,24900
2025-09-30,2025-09-24,CALL,9.799999999999995,9.7,0.0999999999999978,25100,25091.7,75,0.9,1.0,9.499999999999996,641.2499999999998,-712.4999999999998,2025-09-30 12:59:00,2025-09-30 13:00:00,target,642.1393011899997,659.9999999999998,75.853751895,584.1462481049997,642.1393011899997,-100.36069881,742.4999999999998,6,25400,25450,25500,24800,24750,24700
2025-10-14,2025-10-08,PUT,8.5,7.200000000000003,1.2999999999999972,25150,25163.5,75,0.9,1.0,8.2,553.5,-615.0,2025-10-08 11:18:00,2025-10-08 11:19:00,stop,-717.72488235,-708.75,80.8891134825,-789.6391134825001,-68.97488235000023,-717.72488235,648.7499999999998,6,25450,25500,25550,24850,24800,24750
2025-11-04,2025-10-29,CALL,26.25,20.700000000000003,5.549999999999997,26000,25983.6,75,0.9,1.0,25.95,1751.625,-1946.25,2025-11-03 14:01:00,2025-11-03 14:02:00,target,1753.6484733225,1770.0,82.2551376,1687.7448624,1753.6484733225,-1208.8515266775,2962.5,6,26300,26350,26400,25700,25650,25600
2025-11-18,2025-11-12,PUT,19.8,15.499999999999991,4.300000000000004,25850,25859.4,75,0.9,1.0,19.5,1316.2499999999998,-1462.4999999999998,2025-11-18 09:15:00,2025-11-18 09:16:00,target,1318.4619857099997,1342.4999999999998,78.513247065,1263.9867529349997,1318.4619857099997,-237.78801429,1556.2499999999998,6,26150,26200,26250,25550,25500,25450
2025-11-25,2025-11-19,CALL,18.749999999999996,17.75,0.9999999999999928,25900,25920.15,75,0.9,1.0,18.449999999999992,1245.374999999999,-1383.749999999999,2025-11-19 14:17:00,2025-11-19 14:18:00,stop,-1431.8567524425,-1428.749999999999,93.2977676325,-1522.047767632499,143.1432475575,-1431.8567524425,1575.0,6,26200,26250,26300,25600,25550,25500
2025-12-02,2025-11-26,PUT,16.849999999999994,15.4,1.4499999999999955,26100,26077.45,75,0.9,1.0,16.549999999999994,1117.1249999999995,-1241.2499999999995,2025-12-01 12:32:00,2025-12-01 12:33:00,target,1124.0607830624997,1143.7499999999998,78.2739374625,1065.4760625374995,1124.0607830624997,-147.1892169375,1271.2499999999998,6,26400,26450,26500,25800,25750,25700
2025-12-09,2025-12-03,CALL,15.900000000000006,14.550000000000004,1.3500000000000014,25950,25951.5,75,0.9,1.0,15.600000000000003,1053.0000000000005,-1170.0000000000005,2025-12-08 09:15:00,2025-12-08 09:16:00,target,1164.540130485,1181.25,83.83447143749999,1097.4155285625,1164.540130485,-425.459869515,1590.0,6,26250,26300,26350,25650,25600,25550
2025-12-16,2025-12-10,PUT,12.75,10.9,1.8500000000000012,25900,25878.25,75,0.9,1.0,12.45,840.375,-933.75,2025-12-10 12:36:00,2025-12-10 12:37:00,stop,-1000.9385816475,-993.75,85.2056801775,-1078.9556801775002,150.3114183525,-1000.9385816475,1151.25,6,26200,26250,26300,25600,25550,25500
2025-12-23,2025-12-17,PUT,10.349999999999998,10.049999999999995,0.3000000000000007,25850,25868.35,75,0.9,1.0,10.049999999999995,678.3749999999998,-753.7499999999998,2025-12-23 12:54:00,2025-12-23 12:55:00,target,680.0062134675,693.7499999999999,75.4901736225,618.2598263775,680.0062134675,-249.9937865325,930.0,6,26150,26200,26250,25550,25500,25450
2026-01-13,2026-01-07,PUT,6.149999999999999,4.349999999999998,1.8000000000000007,26150,26138.95,65,0.9,1.0,5.849999999999999,342.225,-380.25,2026-01-08 11:18:00,2026-01-08 11:19:00,stop,-431.4113218815,-393.90000000000055,78.27863648740001,-472.1786364874005,108.08867811849976,-431.4113218815,539.4999999999998,6,26450,26500,26550,25850,25800,25750
2026-02-03,2026-01-29,PUT,61.19999999999999,53.70000000000002,7.499999999999972,25200,25185.3,65,0.9,1.0,60.89999999999999,3562.65,-3958.5,2026-02-01 12:29:00,2026-02-01 12:30:00,stop,-4982.789597449,-4962.749999999998,116.6351836995,-5079.385183699498,2719.710402551,-4982.789597449,7702.5,6,25500,25550,25600,24900,24850,24800
2026-02-10,2026-02-04,PUT,43.650000000000006,32.50000000000001,11.15,25800,25779.55,65,0.9,1.0,43.35000000000001,2535.9750000000004,-2817.7500000000005,2026-02-10 09:15:00,2026-02-10 09:16:00,target,2613.555003103501,2652.000000000001,84.04328060899999,2567.956719391001,2613.555003103501,-447.9449968965,3061.500000000001,6,26100,26150,26200,25500,25450,25400
2026-02-17,2026-02-11,PUT,19.200000000000003,11.799999999999995,7.400000000000006,25950,25943.2,65,0.9,1.0,18.9,1105.6500000000003,-1228.5000000000002,2026-02-13 09:15:00,2026-02-13 09:16:00,stop,-2283.939638371,-2265.25,92.7726200135,-2358.0226200135,257.560361629,-2283.939638371,2541.5,6,26250,26300,26350,25650,25600,25550
2026-02-24,2026-02-18,PUT,24.50000000000001,19.64999999999999,4.850000000000023,25650,25666.6,65,0.9,1.0,24.200000000000014,1415.700000000001,-1573.000000000001,2026-02-19 15:07:00,2026-02-19 15:08:00,stop,-1931.089282955,-1907.7499999999973,91.5744800965,-1999.3244800964972,821.660717045,-1931.089282955,2752.75,6,25950,26000,26050,25350,25300,25250
2026-03-10,2026-03-04,PUT,171.70000000000005,119.09999999999997,52.60000000000008,24350,24325.8,65,0.9,1.0,171.40000000000003,10026.9,-11141.000000000002,2026-03-10 09:15:00,2026-03-10 09:16:00,target,10254.823427939002,10312.250000000002,118.0870336445,10194.1629663555,10254.823427939002,-9573.426572061,19828.25,6,24650,24700,24750,24050,24000,23950
2026-03-17,2026-03-11,PUT,110.3,87.5,22.80000000000001,24150,24154.6,65,0.9,1.0,110.0,6435.000000000001,-7150.000000000001,2026-03-11 13:17:00,2026-03-11 13:18:00,stop,-7349.974809087,-7312.500000000004,139.341723276,-7451.841723276004,-8.224809087000004,-7349.974809087,7341.75,6,24450,24500,24550,23850,23800,23750
2026-03-24,2026-03-18,PUT,94.55,53.75,40.80000000000001,23700,23691.15,65,0.9,1.0,94.25,5513.625000000001,-6126.250000000001,2026-03-19 09:15:00,2026-03-19 09:16:00,stop,-6527.3013226145,-6503.250000000004,132.5746315485,-6635.824631548504,1925.9486773855,-6527.3013226145,8453.25,6,24000,24050,24100,23400,23350,23300
2026-04-21,2026-04-15,PUT,77.75,60.70000000000002,17.049999999999983,24200,24216.8,65,0.9,1.0,77.45,4530.825,-5034.25,2026-04-21 09:15:00,2026-04-21 09:16:00,target,4903.564261601501,4946.500000000001,98.137244896,4848.362755104001,4903.564261601501,-660.4357383985,5564.000000000001,6,24500,24550,24600,23900,23850,23800
2026-04-28,2026-04-22,PUT,91.4,59.60000000000002,31.799999999999983,24400,24382.9,65,0.9,1.0,91.1,5329.350000000001,-5921.500000000001,2026-04-24 11:50:00,2026-04-24 11:51:00,stop,-5992.226047458,-5941.000000000004,150.99926297500002,-6091.999262975003,1794.773952542,-5992.226047458,7787.0,6,24700,24750,24800,24100,24050,24000
2026-05-12,2026-05-06,CALL,48.70000000000002,46.85000000000001,1.8500000000000083,24150,24140.6,65,0.9,1.0,48.40000000000002,2831.400000000001,-3146.0000000000014,2026-05-06 14:26:00,2026-05-06 14:27:00,stop,-3288.945683349,-3256.5,118.86861972900002,-3375.368619729,812.5543166510009,-3288.945683349,4101.500000000001,6,24450,24500,24550,23850,23800,23750
2026-05-19,2026-05-13,CALL,88.64999999999998,78.8,9.84999999999998,23350,23371.15,65,0.9,1.0,88.34999999999998,5168.474999999999,-5742.749999999999,2026-05-15 09:44:00,2026-05-15 09:45:00,stop,-5820.0257412515,-5785.0,150.065999319,-5935.065999319,1853.2242587485,-5820.0257412515,7673.25,6,23650,23700,23750,23050,23000,22950
2026-05-26,2026-05-20,PUT,82.39999999999999,53.85,28.55,23550,23541.8,65,0.9,1.0,82.1,4802.85,-5336.5,2026-05-22 15:18:00,2026-05-22 15:19:00,target,4807.138808978,4852.25,102.5332046655,4749.716795334501,4807.138808978,-737.361191022,5544.5,6,23850,23900,23950,23250,23200,23150
2026-06-09,2026-06-03,CALL,57.6,46.60000000000001,10.999999999999986,23250,23253.15,65,0.9,1.0,57.3,3352.05,-3724.5,2026-06-03 14:20:00,2026-06-03 14:21:00,stop,-3808.0703270619983,-3815.499999999998,124.529547677,-3940.0295476769984,689.9296729380018,-3808.0703270619983,4498.0,6,23550,23600,23650,22950,22900,22850
2026-06-16,2026-06-10,PUT,43.55,39.30000000000001,4.249999999999986,23350,23366.6,65,0.9,1.0,43.25,2530.125,-2811.25,2026-06-15 09:15:00,2026-06-15 09:16:00,target,2573.7125463064995,2603.2499999999995,88.3359270775,2514.9140729225,2573.7125463064995,-2704.2874536935,5278.0,6,23650,23700,23750,23050,23000,22950
2026-06-23,2026-06-17,PUT,31.90000000000001,28.099999999999994,3.8000000000000114,24050,24067.9,65,0.9,1.0,31.600000000000005,1848.6000000000004,-2054.0000000000005,2026-06-22 09:15:00,2026-06-22 09:16:00,target,1862.308874191,1888.25,85.3524046785,1802.8975953215,1862.308874191,-123.441125809,1985.75,6,24350,24400,24450,23750,23700,23650
2026-07-07,2026-07-01,PUT,26.450000000000003,22.200000000000003,4.25,24000,23981.15,65,0.9,1.0,26.15,1529.7750000000003,-1699.7500000000002,2026-07-06 09:15:00,2026-07-06 09:16:00,target,1542.217763702499,1563.249999999999,82.83275466250001,1480.417245337499,1542.217763702499,-300.5322362975009,1842.75,6,24300,24350,24400,23700,23650,23600
2026-07-14,2026-07-08,PUT,23.599999999999994,14.650000000000006,8.949999999999989,24250,24250.85,65,0.9,1.0,23.299999999999997,1363.0499999999995,-1514.4999999999995,2026-07-08 13:47:00,2026-07-08 13:48:00,stop,-1648.433335355,-1628.25,97.3616551525,-1725.6116551525,369.816664645,-1648.433335355,2018.25,6,24550,24600,24650,23950,23900,23850
2026-07-21,2026-07-15,PUT,34.3,14.5,19.8,24200,24185.0,65,0.9,1.0,34.0,1989.0,-2210.0,2026-07-15 12:56:00,2026-07-15 12:57:00,stop,-2337.453032773,-2313.999999999999,105.522262367,-2419.522262366999,282.046967227,-2337.453032773,2619.5,6,24500,24550,24600,23900,23850,23800
2025-01-09,2025-01-03,PUT,37.71000000000001,34.25,3.460000000000008,24050,24057.9,75,0.9,1.25,37.41000000000001,2525.175000000001,-3507.187500000001,2025-01-06 11:09:00,2025-01-06 11:10:00,stop,-3618.3357124395,-3400.4999999999973,108.221860122,-3508.721860121997,1545.4142875605,-3618.3357124395,5163.75,6,24350,24400,24450,23750,23700,23650
2025-01-16,2025-01-10,CALL,47.150000000000006,45.39999999999999,1.7500000000000142,23350,23369.6,75,0.9,1.25,46.85000000000001,3162.3750000000005,-4392.187500000001,2025-01-14 14:29:00,2025-01-14 14:30:00,target,3164.6716017225,3187.5,89.39823873,3098.10176127,3164.6716017225,-3514.0783982775,6678.75,6,23650,23700,23750,23050,23000,22950
2025-01-23,2025-01-17,PUT,34.2,20.450000000000003,13.75,23250,23226.4,75,0.9,1.25,33.900000000000006,2288.2500000000005,-3178.1250000000005,2025-01-23 09:16:00,2025-01-23 09:17:00,target,2318.58796659,2339.9999999999995,84.79732672499999,2255.202673275,2318.58796659,-2946.41203341,5265.0,6,23550,23600,23650,22950,22900,22850
2025-01-30,2025-01-24,PUT,51.70000000000002,40.650000000000006,11.050000000000011,23150,23144.25,75,0.9,1.25,51.40000000000002,3469.5000000000014,-4818.750000000002,2025-01-30 09:59:00,2025-01-30 10:00:00,target,3471.587241960002,3503.250000000002,90.4151469495,3412.834853050502,3471.587241960002,-4428.91275804,7900.500000000002,6,23450,23500,23550,22850,22800,22750
2025-02-06,2025-02-01,PUT,83.9,77.04999999999998,6.850000000000023,23550,23558.05,75,0.9,1.25,83.60000000000001,5643.000000000001,-7837.500000000001,2025-02-04 14:36:00,2025-02-04 14:37:00,target,5651.250234,5681.25,98.48202237750002,5582.7679776225,5651.250234,-1905.749766,7557.0,6,23850,23900,23950,23250,23200,23150
2025-02-13,2025-02-07,PUT,39.7,37.81,1.8900000000000008,23600,23606.55,75,0.9,1.25,39.400000000000006,2659.5000000000005,-3693.750000000001,2025-02-11 12:58:00,2025-02-11 12:59:00,stop,-3844.1030238,-3862.5,112.35916365,-3974.85916365,1589.6469762,-3844.1030238,5433.75,6,23900,23950,24000,23300,23250,23200
2025-02-20,2025-02-14,PUT,31.700000000000003,28.00999999999999,3.690000000000012,23050,23050.5,75,0.9,1.25,31.4,2119.5,-2943.75,2025-02-14 11:04:00,2025-02-14 11:05:00,stop,-2979.54126153,-2804.999999999999,101.459697465,-2906.4596974649994,441.20873847,-2979.54126153,3420.75,6,23350,23400,23450,22750,22700,22650
2025-03-06,2025-02-28,PUT,16.150000000000006,14.15,2.000000000000007,22250,22235.4,75,0.9,1.25,15.850000000000003,1069.8750000000005,-1485.9375000000005,2025-02-28 12:55:00,2025-02-28 12:56:00,stop,-1501.0392415275,-1485.0,88.630949805,-1573.630949805,292.2107584725,-1501.0392415275,1793.25,6,22550,22600,22650,21950,21900,21850
2025-03-13,2025-03-07,PUT,21.499999999999996,14.699999999999996,6.799999999999997,22550,22548.85,75,0.9,1.25,21.199999999999992,1430.999999999999,-1987.499999999999,2025-03-13 09:15:00,2025-03-13 09:16:00,target,1467.263792895,1488.75,80.37934085250001,1408.3706591475,1467.263792895,-1217.736207105,2685.0,6,22850,22900,22950,22250,22200,22150
2025-03-27,2025-03-21,PUT,14.35,11.399999999999991,2.95000000000001,23250,23263.75,75,0.9,1.25,14.05,948.375,-1317.1875,2025-03-27 13:18:00,2025-03-27 13:19:00,target,952.3279565475,971.25,76.9842045975,894.2657954025,952.3279565475,-210.1720434525,1162.5,6,23550,23600,23650,22950,22900,22850
2025-05-08,2025-05-02,PUT,58.3,42.68999999999998,15.610000000000014,24550,24571.2,75,0.9,1.25,58.0,3915.0,-5437.5,2025-05-02 12:28:00,2025-05-02 12:29:00,stop,-5655.354032505,-5991.75,120.6675969495,-6112.4175969495,150.39596749499998,-5655.354032505,5805.75,6,24850,24900,24950,24250,24200,24150
2025-05-15,2025-05-09,PUT,140.59999999999997,60.79999999999998,79.79999999999998,24000,24012.6,75,0.9,1.25,140.29999999999995,9470.249999999996,-13153.124999999996,2025-05-12 09:15:00,2025-05-12 09:16:00,target,9676.444682295,9712.5,110.960665425,9601.539334575,9676.444682295,-2001.055317705,11677.5,6,24300,24350,24400,23700,23650,23600
2025-05-22,2025-05-16,PUT,56.440000000000026,40.69999999999999,15.740000000000038,25000,24991.55,75,0.9,1.25,56.14000000000003,3789.4500000000016,-5263.125000000002,2025-05-22 10:17:00,2025-05-22 10:18:00,target,3887.055514923004,3978.000000000003,106.753063002,3871.246936998003,3887.055514923004,-2060.4444850769964,5947.5,6,25300,25350,25400,24700,24650,24600
2025-05-29,2025-05-23,PUT,51.79999999999998,51.04999999999998,0.75,24800,24795.45,75,0.9,1.25,51.49999999999999,3476.249999999999,-4828.124999999999,2025-05-28 14:11:00,2025-05-28 14:12:00,target,3479.8196614500007,3505.500000000001,90.649783617,3414.8502163830008,3479.8196614500007,-1155.18033855,4635.000000000001,6,25100,25150,25200,24500,24450,24400
2025-06-05,2025-05-30,CALL,61.7,43.41,18.290000000000006,24800,24806.85,75,0.9,1.25,61.400000000000006,4144.5,-5756.25,2025-06-04 09:17:00,2025-06-04 09:18:00,target,4158.703856115001,4192.500000000001,93.66421944,4098.835780560001,4158.703856115001,-161.296143885,4320.000000000001,6,25100,25150,25200,24500,24450,24400
2025-06-12,2025-06-06,CALL,39.35,35.650000000000006,3.6999999999999886,24700,24713.25,75,0.9,1.25,39.05,2635.875,-3660.9375,2025-06-06 10:41:00,2025-06-06 10:42:00,stop,-4189.9303589025,-4158.75,110.4063768525,-4269.1563768525,268.8196410975,-4189.9303589025,4458.75,6,25000,25050,25100,24400,24350,24300
2025-06-19,2025-06-13,PUT,59.8,35.94999999999999,23.85000000000001,24650,24641.2,75,0.9,1.25,59.5,4016.25,-5578.125,2025-06-18 09:17:00,2025-06-18 09:18:00,target,4029.377388945,4068.75,91.36983333749998,3977.3801666625,4029.377388945,-575.622611055,4605.0,6,24950,25000,25050,24350,24300,24250
2025-06-26,2025-06-20,PUT,30.0,21.90000000000001,8.099999999999994,24850,24864.35,75,0.9,1.25,29.7,2004.75,-2784.375,2025-06-25 09:18:00,2025-06-25 09:19:00,target,2005.5324183749997,2032.4999999999995,81.748043145,1950.7519568549997,2005.5324183749997,-683.217581625,2688.7499999999995,6,25150,25200,25250,24550,24500,24450
2025-07-03,2025-06-27,PUT,33.75000000000001,23.65,10.100000000000009,25550,25544.5,75,0.9,1.25,33.45000000000001,2257.875000000001,-3135.937500000001,2025-07-02 09:15:00,2025-07-02 09:16:00,target,2277.8249119275,2306.25,83.7666039975,2222.4833960025003,2277.8249119275,20.3249119275,2257.5,6,25850,25900,25950,25250,25200,25150
2025-07-10,2025-07-04,CALL,21.450000000000003,20.60000000000001,0.8499999999999943,25400,25414.05,75,0.9,1.25,21.15,1427.6250000000002,-1982.8125,2025-07-10 09:15:00,2025-07-10 09:16:00,target,1492.8428614124996,1514.9999999999995,80.98813578,1434.0118642199996,1492.8428614124996,-322.1571385875,1814.9999999999995,6,25700,25750,25800,25100,25050,25000
2025-07-17,2025-07-11,PUT,14.75,12.85,1.8999999999999984,25300,25287.05,75,0.9,1.25,14.45,975.375,-1354.6875,2025-07-11 11:01:00,2025-07-11 11:02:00,stop,-1380.1238499075,-1350.0,86.90474802,-1436.90474802,-105.1238499075,-1380.1238499075,1275.0,6,25600,25650,25700,25000,24950,24900
2025-07-24,2025-07-18,PUT,13.85,13.35,0.5,25050,25040.3,75,0.9,1.25,13.55,914.625,-1270.3125,2025-07-18 10:18:00,2025-07-18 10:19:00,stop,-1278.6180242475,-1252.5,85.745965155,-1338.245965155,-108.6180242475,-1278.6180242475,1170.0,6,25350,25400,25450,24750,24700,24650
2025-07-31,2025-07-25,PUT,16.75,12.700000000000005,4.049999999999997,24950,24928.85,75,0.9,1.25,16.45,1110.375,-1542.1875,2025-07-28 13:32:00,2025-07-28 13:33:00,stop,-1710.7403772975,-1680.0,91.75023861,-1771.75023861,363.0096227025,-1710.7403772975,2073.75,6,25250,25300,25350,24650,24600,24550
2025-08-07,2025-08-01,PUT,26.000000000000007,21.15000000000001,4.850000000000001,24700,24696.55,75,0.9,1.25,25.700000000000006,1734.7500000000005,-2409.3750000000005,2025-08-06 13:07:00,2025-08-06 13:08:00,target,1736.151980715,1758.75,82.3577396775,1676.3922603225,1736.151980715,-2013.848019285,3750.0,6,25000,25050,25100,24400,24350,24300
2025-08-14,2025-08-08,PUT,18.999999999999996,13.35,5.649999999999992,24500,24477.15,75,0.9,1.25,18.699999999999992,1262.249999999999,-1753.124999999999,2025-08-14 09:15:00,2025-08-14 09:16:00,target,1284.601655609999,1301.2499999999989,78.5385555975,1222.711444402499,1284.601655609999,-1190.3983443900008,2475.0,6,24800,24850,24900,24200,24150,24100
2025-09-09,2025-09-03,PUT,12.650000000000002,8.900000000000002,3.75,24600,24578.4,75,0.9,1.25,12.35,833.6250000000001,-1157.8125000000002,2025-09-09 13:16:00,2025-09-09 13:17:00,target,836.5859703674997,851.2499999999998,76.4728567725,774.7771432274998,836.5859703674997,-194.6640296325,1031.2499999999998,6,24900,24950,25000,24300,24250,24200
2025-09-16,2025-09-10,PUT,13.199999999999996,9.650000000000002,3.5499999999999936,25000,25000.45,75,0.9,1.25,12.899999999999997,870.7499999999997,-1209.3749999999995,2025-09-16 11:48:00,2025-09-16 11:49:00,target,874.229794485,885.0,76.325395155,808.674604845,874.229794485,-104.520205515,978.75,6,25300,25350,25400,24700,24650,24600
2025-09-23,2025-09-17,PUT,9.349999999999998,8.499999999999993,0.850000000000005,25300,25320.35,75,0.9,1.25,9.049999999999995,610.8749999999998,-848.4374999999998,2025-09-23 09:17:00,2025-09-23 09:18:00,target,617.2476846524997,629.9999999999998,74.82136216500001,555.1786378349998,617.2476846524997,-87.7523153475,704.9999999999998,6,25600,25650,25700,25000,24950,24900
2025-09-30,2025-09-24,CALL,9.799999999999995,9.7,0.0999999999999978,25100,25091.7,75,0.9,1.25,9.499999999999996,641.2499999999998,-890.6249999999998,2025-09-30 12:59:00,2025-09-30 13:00:00,target,642.1393011899997,659.9999999999998,75.853751895,584.1462481049997,642.1393011899997,-100.36069881,742.4999999999998,6,25400,25450,25500,24800,24750,24700
2025-10-14,2025-10-08,PUT,8.5,7.200000000000003,1.2999999999999972,25150,25163.5,75,0.9,1.25,8.2,553.5,-768.75,2025-10-08 11:20:00,2025-10-08 11:21:00,stop,-788.97488235,-806.2500000000009,81.1694867175,-887.419486717501,-68.97488235000023,-788.97488235,719.9999999999998,6,25450,25500,25550,24850,24800,24750
2025-11-04,2025-10-29,CALL,26.25,20.700000000000003,5.549999999999997,26000,25983.6,75,0.9,1.25,25.95,1751.625,-2432.8125,2025-11-03 14:01:00,2025-11-03 14:02:00,target,1753.6484733225,1770.0,82.2551376,1687.7448624,1753.6484733225,-1208.8515266775,2962.5,6,26300,26350,26400,25700,25650,25600
2025-11-18,2025-11-12,PUT,19.8,15.499999999999991,4.300000000000004,25850,25859.4,75,0.9,1.25,19.5,1316.2499999999998,-1828.125,2025-11-18 09:15:00,2025-11-18 09:16:00,target,1318.4619857099997,1342.4999999999998,78.513247065,1263.9867529349997,1318.4619857099997,-237.78801429,1556.2499999999998,6,26150,26200,26250,25550,25500,25450
2025-11-25,2025-11-19,CALL,18.749999999999996,17.75,0.9999999999999928,25900,25920.15,75,0.9,1.25,18.449999999999992,1245.374999999999,-1729.687499999999,2025-11-20 10:40:00,2025-11-20 10:41:00,stop,-1840.6067524425,-1826.249999999999,95.6007789225,-1921.850778922499,143.1432475575,-1840.6067524425,1983.75,6,26200,26250,26300,25600,25550,25500
2025-12-02,2025-11-26,PUT,16.849999999999994,15.4,1.4499999999999955,26100,26077.45,75,0.9,1.25,16.549999999999994,1117.1249999999995,-1551.5624999999995,2025-12-01 12:32:00,2025-12-01 12:33:00,target,1124.0607830624997,1143.7499999999998,78.2739374625,1065.4760625374995,1124.0607830624997,-147.1892169375,1271.2499999999998,6,26400,26450,26500,25800,25750,25700
2025-12-09,2025-12-03,CALL,15.900000000000006,14.550000000000004,1.3500000000000014,25950,25951.5,75,0.9,1.25,15.600000000000003,1053.0000000000005,-1462.5000000000005,2025-12-08 09:15:00,2025-12-08 09:16:00,target,1164.540130485,1181.25,83.83447143749999,1097.4155285625,1164.540130485,-425.459869515,1590.0,6,26250,26300,26350,25650,25600,25550
2025-12-16,2025-12-10,PUT,12.75,10.9,1.8500000000000012,25900,25878.25,75,0.9,1.25,12.45,840.375,-1167.1875,2025-12-11 09:45:00,2025-12-11 09:46:00,stop,-1195.9385816475,-1170.0,86.85261792,-1256.85261792,150.3114183525,-1195.9385816475,1346.25,6,26200,26250,26300,25600,25550,25500
2025-12-23,2025-12-17,PUT,10.349999999999998,10.049999999999995,0.3000000000000007,25850,25868.35,75,0.9,1.25,10.049999999999995,678.3749999999998,-942.1874999999998,2025-12-23 12:54:00,2025-12-23 12:55:00,target,680.0062134675,693.7499999999999,75.4901736225,618.2598263775,680.0062134675,-249.9937865325,930.0,6,26150,26200,26250,25550,25500,25450
2026-01-13,2026-01-07,PUT,6.149999999999999,4.349999999999998,1.8000000000000007,26150,26138.95,65,0.9,1.25,5.849999999999999,342.225,-475.3125,2026-01-08 11:20:00,2026-01-08 11:21:00,stop,-625.7613218815,-594.75,79.1364598525,-673.8864598525,108.08867811849976,-625.7613218815,733.8499999999997,6,26450,26500,26550,25850,25800,25750
2026-02-03,2026-01-29,PUT,61.19999999999999,53.70000000000002,7.499999999999972,25200,25185.3,65,0.9,1.25,60.89999999999999,3562.65,-4948.124999999999,2026-02-01 12:29:00,2026-02-01 12:30:00,stop,-4982.789597449,-4962.749999999998,116.6351836995,-5079.385183699498,2719.710402551,-4982.789597449,7702.5,6,25500,25550,25600,24900,24850,24800
2026-02-10,2026-02-04,PUT,43.650000000000006,32.50000000000001,11.15,25800,25779.55,65,0.9,1.25,43.35000000000001,2535.9750000000004,-3522.1875000000005,2026-02-10 09:15:00,2026-02-10 09:16:00,target,2613.555003103501,2652.000000000001,84.04328060899999,2567.956719391001,2613.555003103501,-447.9449968965,3061.500000000001,6,26100,26150,26200,25500,25450,25400
2026-02-17,2026-02-11,PUT,19.200000000000003,11.799999999999995,7.400000000000006,25950,25943.2,65,0.9,1.25,18.9,1105.6500000000003,-1535.6250000000002,2026-02-13 09:15:00,2026-02-13 09:16:00,stop,-2283.939638371,-2265.25,92.7726200135,-2358.0226200135,257.560361629,-2283.939638371,2541.5,6,26250,26300,26350,25650,25600,25550
2026-02-24,2026-02-18,PUT,24.50000000000001,19.64999999999999,4.850000000000023,25650,25666.6,65,0.9,1.25,24.200000000000014,1415.700000000001,-1966.250000000001,2026-02-19 15:16:00,2026-02-19 15:17:00,stop,-2135.839282955,-2086.499999999999,92.276263562,-2178.776263561999,821.660717045,-2135.839282955,2957.5,6,25950,26000,26050,25350,25300,25250
2026-03-10,2026-03-04,PUT,171.70000000000005,119.09999999999997,52.60000000000008,24350,24325.8,65,0.9,1.25,171.40000000000003,10026.9,-13926.250000000002,2026-03-10 09:15:00,2026-03-10 09:16:00,target,10254.823427939002,10312.250000000002,118.0870336445,10194.1629663555,10254.823427939002,-9573.426572061,19828.25,6,24650,24700,24750,24050,24000,23950
2026-03-17,2026-03-11,PUT,110.3,87.5,22.80000000000001,24150,24154.6,65,0.9,1.25,110.0,6435.000000000001,-8937.500000000002,2026-03-12 09:15:00,2026-03-12 09:16:00,stop,-14330.974809087,-14264.250000000004,159.0236615975,-14423.273661597505,-8.224809087000004,-14330.974809087,14322.75,6,24450,24500,24550,23850,23800,23750
2026-03-24,2026-03-18,PUT,94.55,53.75,40.80000000000001,23700,23691.15,65,0.9,1.25,94.25,5513.625000000001,-7657.812500000001,2026-03-19 09:16:00,2026-03-19 09:17:00,stop,-7671.3013226145,-7549.750000000004,135.88552063650002,-7685.635520636504,1925.9486773855,-7671.3013226145,9597.25,6,24000,24050,24100,23400,23350,23300
2026-04-21,2026-04-15,PUT,77.75,60.70000000000002,17.049999999999983,24200,24216.8,65,0.9,1.25,77.45,4530.825,-6292.8125,2026-04-21 09:15:00,2026-04-21 09:16:00,target,4903.564261601501,4946.500000000001,98.137244896,4848.362755104001,4903.564261601501,-660.4357383985,5564.000000000001,6,24500,24550,24600,23900,23850,23800
2026-04-28,2026-04-22,PUT,91.4,59.60000000000002,31.799999999999983,24400,24382.9,65,0.9,1.25,91.1,5329.350000000001,-7401.875000000001,2026-04-24 13:13:00,2026-04-24 13:14:00,stop,-7405.976047458,-7393.750000000004,156.0148426545,-7549.764842654504,1794.773952542,-7405.976047458,9200.75,6,24700,24750,24800,24100,24050,24000
2026-05-12,2026-05-06,CALL,48.70000000000002,46.85000000000001,1.8500000000000083,24150,24140.6,65,0.9,1.25,48.40000000000002,2831.400000000001,-3932.500000000002,2026-05-06 14:28:00,2026-05-06 14:29:00,stop,-4026.695683349,-3987.749999999997,121.5635331385,-4109.3135331384965,812.5543166510009,-4026.695683349,4839.250000000001,6,24450,24500,24550,23850,23800,23750
2026-05-19,2026-05-13,CALL,88.64999999999998,78.8,9.84999999999998,23350,23371.15,65,0.9,1.25,88.34999999999998,5168.474999999999,-7178.437499999999,2026-05-19 11:11:00,2026-05-19 11:12:00,target,5200.7242587485,5268.25,119.4747527045,5148.7752472955,5200.7242587485,-6931.5257412515,12132.25,6,23650,23700,23750,23050,23000,22950
2026-05-26,2026-05-20,PUT,82.39999999999999,53.85,28.55,23550,23541.8,65,0.9,1.25,82.1,4802.85,-6670.625,2026-05-22 15:18:00,2026-05-22 15:19:00,target,4807.138808978,4852.25,102.5332046655,4749.716795334501,4807.138808978,-737.361191022,5544.5,6,23850,23900,23950,23250,23200,23150
2026-06-09,2026-06-03,CALL,57.6,46.60000000000001,10.999999999999986,23250,23253.15,65,0.9,1.25,57.3,3352.05,-4655.625,2026-06-03 14:33:00,2026-06-03 14:34:00,stop,-4718.070327062,-4663.75,127.3233937905,-4791.0733937905,689.9296729380018,-4718.070327062,5408.000000000002,6,23550,23600,23650,22950,22900,22850
2026-06-16,2026-06-10,PUT,43.55,39.30000000000001,4.249999999999986,23350,23366.6,65,0.9,1.25,43.25,2530.125,-3514.0625,2026-06-15 09:15:00,2026-06-15 09:16:00,target,2573.7125463064995,2603.2499999999995,88.3359270775,2514.9140729225,2573.7125463064995,-2704.2874536935,5278.0,6,23650,23700,23750,23050,23000,22950
2026-06-23,2026-06-17,PUT,31.90000000000001,28.099999999999994,3.8000000000000114,24050,24067.9,65,0.9,1.25,31.600000000000005,1848.6000000000004,-2567.5000000000005,2026-06-22 09:15:00,2026-06-22 09:16:00,target,1862.308874191,1888.25,85.3524046785,1802.8975953215,1862.308874191,-123.441125809,1985.75,6,24350,24400,24450,23750,23700,23650
2026-07-07,2026-07-01,PUT,26.450000000000003,22.200000000000003,4.25,24000,23981.15,65,0.9,1.25,26.15,1529.7750000000003,-2124.6875000000005,2026-07-06 09:15:00,2026-07-06 09:16:00,target,1542.217763702499,1563.249999999999,82.83275466250001,1480.417245337499,1542.217763702499,-300.5322362975009,1842.75,6,24300,24350,24400,23700,23650,23600
2026-07-14,2026-07-08,PUT,23.599999999999994,14.650000000000006,8.949999999999989,24250,24250.85,65,0.9,1.25,23.299999999999997,1363.0499999999995,-1893.1249999999995,2026-07-08 13:50:00,2026-07-08 13:51:00,stop,-1908.433335355,-1901.249999999999,98.4477887595,-1999.6977887594992,369.816664645,-1908.433335355,2278.25,6,24550,24600,24650,23950,23900,23850
2026-07-21,2026-07-15,PUT,34.3,14.5,19.8,24200,24185.0,65,0.9,1.25,34.0,1989.0,-2762.5,2026-07-15 12:57:00,2026-07-15 12:58:00,stop,-3136.953032773,-3142.749999999999,108.3920835485,-3251.142083548499,282.046967227,-3136.953032773,3419.0,6,24500,24550,24600,23900,23850,23800
2025-01-09,2025-01-03,PUT,37.71000000000001,34.25,3.460000000000008,24050,24057.9,75,0.9,1.5,37.41000000000001,2525.175000000001,-4208.625000000002,2025-01-06 11:10:00,2025-01-06 11:11:00,stop,-4638.3357124395,-4521.749999999998,111.5437533945,-4633.293753394498,1545.4142875605,-4638.3357124395,6183.75,6,24350,24400,24450,23750,23700,23650
2025-01-16,2025-01-10,CALL,47.150000000000006,45.39999999999999,1.7500000000000142,23350,23369.6,75,0.9,1.5,46.85000000000001,3162.3750000000005,-5270.625000000001,2025-01-14 14:29:00,2025-01-14 14:30:00,target,3164.6716017225,3187.5,89.39823873,3098.10176127,3164.6716017225,-3514.0783982775,6678.75,6,23650,23700,23750,23050,23000,22950
2025-01-23,2025-01-17,PUT,34.2,20.450000000000003,13.75,23250,23226.4,75,0.9,1.5,33.900000000000006,2288.2500000000005,-3813.750000000001,2025-01-23 09:16:00,2025-01-23 09:17:00,target,2318.58796659,2339.9999999999995,84.79732672499999,2255.202673275,2318.58796659,-2946.41203341,5265.0,6,23550,23600,23650,22950,22900,22850
2025-01-30,2025-01-24,PUT,51.70000000000002,40.650000000000006,11.050000000000011,23150,23144.25,75,0.9,1.5,51.40000000000002,3469.5000000000014,-5782.500000000002,2025-01-30 09:59:00,2025-01-30 10:00:00,target,3471.587241960002,3503.250000000002,90.4151469495,3412.834853050502,3471.587241960002,-4428.91275804,7900.500000000002,6,23450,23500,23550,22850,22800,22750
2025-02-06,2025-02-01,PUT,83.9,77.04999999999998,6.850000000000023,23550,23558.05,75,0.9,1.5,83.60000000000001,5643.000000000001,-9405.000000000002,2025-02-04 14:36:00,2025-02-04 14:37:00,target,5651.250234,5681.25,98.48202237750002,5582.7679776225,5651.250234,-1905.749766,7557.0,6,23850,23900,23950,23250,23200,23150
2025-02-13,2025-02-07,PUT,39.7,37.81,1.8900000000000008,23600,23606.55,75,0.9,1.5,39.400000000000006,2659.5000000000005,-4432.500000000001,2025-02-11 13:00:00,2025-02-11 13:01:00,stop,-4784.6030238,-4893.75,116.1360257175,-5009.8860257175,1589.6469762,-4784.6030238,6374.25,6,23900,23950,24000,23300,23250,23200
2025-02-20,2025-02-14,PUT,31.700000000000003,28.00999999999999,3.690000000000012,23050,23050.5,75,0.9,1.5,31.4,2119.5,-3532.5,2025-02-14 12:19:00,2025-02-14 12:20:00,stop,-3579.54126153,-3562.5,103.448678655,-3665.948678655,441.20873847,-3579.54126153,4020.75,6,23350,23400,23450,22750,22700,22650
2025-03-06,2025-02-28,PUT,16.150000000000006,14.15,2.000000000000007,22250,22235.4,75,0.9,1.5,15.850000000000003,1069.8750000000005,-1783.125000000001,2025-03-03 10:08:00,2025-03-03 10:09:00,stop,-1932.2892415275,-1889.25,91.1530783545,-1980.4030783545,292.2107584725,-1932.2892415275,2224.5,6,22550,22600,22650,21950,21900,21850
2025-03-13,2025-03-07,PUT,21.499999999999996,14.699999999999996,6.799999999999997,22550,22548.85,75,0.9,1.5,21.199999999999992,1430.999999999999,-2384.999999999999,2025-03-13 09:15:00,2025-03-13 09:16:00,target,1467.263792895,1488.75,80.37934085250001,1408.3706591475,1467.263792895,-1217.736207105,2685.0,6,22850,22900,22950,22250,22200,22150
2025-03-27,2025-03-21,PUT,14.35,11.399999999999991,2.95000000000001,23250,23263.75,75,0.9,1.5,14.05,948.375,-1580.625,2025-03-27 13:18:00,2025-03-27 13:19:00,target,952.3279565475,971.25,76.9842045975,894.2657954025,952.3279565475,-210.1720434525,1162.5,6,23550,23600,23650,22950,22900,22850
2025-05-08,2025-05-02,PUT,58.3,42.68999999999998,15.610000000000014,24550,24571.2,75,0.9,1.5,58.0,3915.0,-6525.0,2025-05-08 09:15:00,2025-05-08 09:16:00,target,4023.395967495,4072.5,89.31854386500001,3983.181456135,4023.395967495,-6232.854032505,10256.25,6,24850,24900,24950,24250,24200,24150
2025-05-15,2025-05-09,PUT,140.59999999999997,60.79999999999998,79.79999999999998,24000,24012.6,75,0.9,1.5,140.29999999999995,9470.249999999996,-15783.749999999996,2025-05-12 09:15:00,2025-05-12 09:16:00,target,9676.444682295,9712.5,110.960665425,9601.539334575,9676.444682295,-2001.055317705,11677.5,6,24300,24350,24400,23700,23650,23600
2025-05-22,2025-05-16,PUT,56.440000000000026,40.69999999999999,15.740000000000038,25000,24991.55,75,0.9,1.5,56.14000000000003,3789.4500000000016,-6315.750000000003,2025-05-22 10:17:00,2025-05-22 10:18:00,target,3887.055514923004,3978.000000000003,106.753063002,3871.246936998003,3887.055514923004,-2060.4444850769964,5947.5,6,25300,25350,25400,24700,24650,24600
2025-05-29,2025-05-23,PUT,51.79999999999998,51.04999999999998,0.75,24800,24795.45,75,0.9,1.5,51.49999999999999,3476.249999999999,-5793.749999999998,2025-05-28 14:11:00,2025-05-28 14:12:00,target,3479.8196614500007,3505.500000000001,90.649783617,3414.8502163830008,3479.8196614500007,-1155.18033855,4635.000000000001,6,25100,25150,25200,24500,24450,24400
2025-06-05,2025-05-30,CALL,61.7,43.41,18.290000000000006,24800,24806.85,75,0.9,1.5,61.400000000000006,4144.5,-6907.5,2025-06-04 09:17:00,2025-06-04 09:18:00,target,4158.703856115001,4192.500000000001,93.66421944,4098.835780560001,4158.703856115001,-161.296143885,4320.000000000001,6,25100,25150,25200,24500,24450,24400
2025-06-12,2025-06-06,CALL,39.35,35.650000000000006,3.6999999999999886,24700,24713.25,75,0.9,1.5,39.05,2635.875,-4393.125,2025-06-06 10:42:00,2025-06-06 10:43:00,stop,-4669.9303589025,-4608.75,111.7218579525,-4720.471857952501,268.8196410975,-4669.9303589025,4938.75,6,25000,25050,25100,24400,24350,24300
2025-06-19,2025-06-13,PUT,59.8,35.94999999999999,23.85000000000001,24650,24641.2,75,0.9,1.5,59.5,4016.25,-6693.75,2025-06-18 09:17:00,2025-06-18 09:18:00,target,4029.377388945,4068.75,91.36983333749998,3977.3801666625,4029.377388945,-575.622611055,4605.0,6,24950,25000,25050,24350,24300,24250
2025-06-26,2025-06-20,PUT,30.0,21.90000000000001,8.099999999999994,24850,24864.35,75,0.9,1.5,29.7,2004.75,-3341.25,2025-06-25 09:18:00,2025-06-25 09:19:00,target,2005.5324183749997,2032.4999999999995,81.748043145,1950.7519568549997,2005.5324183749997,-683.217581625,2688.7499999999995,6,25150,25200,25250,24550,24500,24450
2025-07-03,2025-06-27,PUT,33.75000000000001,23.65,10.100000000000009,25550,25544.5,75,0.9,1.5,33.45000000000001,2257.875000000001,-3763.125000000002,2025-07-02 09:15:00,2025-07-02 09:16:00,target,2277.8249119275,2306.25,83.7666039975,2222.4833960025003,2277.8249119275,20.3249119275,2257.5,6,25850,25900,25950,25250,25200,25150
2025-07-10,2025-07-04,CALL,21.450000000000003,20.60000000000001,0.8499999999999943,25400,25414.05,75,0.9,1.5,21.15,1427.6250000000002,-2379.3750000000005,2025-07-10 09:15:00,2025-07-10 09:16:00,target,1492.8428614124996,1514.9999999999995,80.98813578,1434.0118642199996,1492.8428614124996,-322.1571385875,1814.9999999999995,6,25700,25750,25800,25100,25050,25000
2025-07-17,2025-07-11,PUT,14.75,12.85,1.8999999999999984,25300,25287.05,75,0.9,1.5,14.45,975.375,-1625.625,2025-07-14 09:24:00,2025-07-14 09:25:00,stop,-1665.1238499075,-1646.249999999999,89.9365872975,-1736.186587297499,-105.1238499075,-1665.1238499075,1560.0,6,25600,25650,25700,25000,24950,24900
2025-07-24,2025-07-18,PUT,13.85,13.35,0.5,25050,25040.3,75,0.9,1.5,13.55,914.625,-1524.375,2025-07-23 09:43:00,2025-07-23 09:44:00,target,915.1319757524998,933.7499999999998,77.05664666250001,856.6933533374997,915.1319757524998,-1289.8680242475,2205.0,6,25350,25400,25450,24750,24700,24650
2025-07-31,2025-07-25,PUT,16.75,12.700000000000005,4.049999999999997,24950,24928.85,75,0.9,1.5,16.45,1110.375,-1850.625,2025-07-28 13:33:00,2025-07-28 13:34:00,stop,-2051.9903772975,-2051.25,92.8494535275,-2144.0994535275,363.0096227025,-2051.9903772975,2415.0,6,25250,25300,25350,24650,24600,24550
2025-08-07,2025-08-01,PUT,26.000000000000007,21.15000000000001,4.850000000000001,24700,24696.55,75,0.9,1.5,25.700000000000006,1734.7500000000005,-2891.250000000001,2025-08-06 13:07:00,2025-08-06 13:08:00,target,1736.151980715,1758.75,82.3577396775,1676.3922603225,1736.151980715,-2013.848019285,3750.0,6,25000,25050,25100,24400,24350,24300
2025-08-14,2025-08-08,PUT,18.999999999999996,13.35,5.649999999999992,24500,24477.15,75,0.9,1.5,18.699999999999992,1262.249999999999,-2103.749999999999,2025-08-14 09:15:00,2025-08-14 09:16:00,target,1284.601655609999,1301.2499999999989,78.5385555975,1222.711444402499,1284.601655609999,-1190.3983443900008,2475.0,6,24800,24850,24900,24200,24150,24100
2025-09-09,2025-09-03,PUT,12.650000000000002,8.900000000000002,3.75,24600,24578.4,75,0.9,1.5,12.35,833.6250000000001,-1389.3750000000002,2025-09-09 13:16:00,2025-09-09 13:17:00,target,836.5859703674997,851.2499999999998,76.4728567725,774.7771432274998,836.5859703674997,-194.6640296325,1031.2499999999998,6,24900,24950,25000,24300,24250,24200
2025-09-16,2025-09-10,PUT,13.199999999999996,9.650000000000002,3.5499999999999936,25000,25000.45,75,0.9,1.5,12.899999999999997,870.7499999999997,-1451.2499999999995,2025-09-16 11:48:00,2025-09-16 11:49:00,target,874.229794485,885.0,76.325395155,808.674604845,874.229794485,-104.520205515,978.75,6,25300,25350,25400,24700,24650,24600
2025-09-23,2025-09-17,PUT,9.349999999999998,8.499999999999993,0.850000000000005,25300,25320.35,75,0.9,1.5,9.049999999999995,610.8749999999998,-1018.1249999999995,2025-09-23 09:17:00,2025-09-23 09:18:00,target,617.2476846524997,629.9999999999998,74.82136216500001,555.1786378349998,617.2476846524997,-87.7523153475,704.9999999999998,6,25600,25650,25700,25000,24950,24900
2025-09-30,2025-09-24,CALL,9.799999999999995,9.7,0.0999999999999978,25100,25091.7,75,0.9,1.5,9.499999999999996,641.2499999999998,-1068.7499999999995,2025-09-30 12:59:00,2025-09-30 13:00:00,target,642.1393011899997,659.9999999999998,75.853751895,584.1462481049997,642.1393011899997,-100.36069881,742.4999999999998,6,25400,25450,25500,24800,24750,24700
2025-10-14,2025-10-08,PUT,8.5,7.200000000000003,1.2999999999999972,25150,25163.5,75,0.9,1.5,8.2,553.5,-922.5,2025-10-14 11:21:00,2025-10-14 11:22:00,target,553.5251176499997,562.4999999999998,74.649194565,487.85080543499976,553.5251176499997,-815.22488235,1368.7499999999998,6,25450,25500,25550,24850,24800,24750
2025-11-04,2025-10-29,CALL,26.25,20.700000000000003,5.549999999999997,26000,25983.6,75,0.9,1.5,25.95,1751.625,-2919.375,2025-11-03 14:01:00,2025-11-03 14:02:00,target,1753.6484733225,1770.0,82.2551376,1687.7448624,1753.6484733225,-1208.8515266775,2962.5,6,26300,26350,26400,25700,25650,25600
2025-11-18,2025-11-12,PUT,19.8,15.499999999999991,4.300000000000004,25850,25859.4,75,0.9,1.5,19.5,1316.2499999999998,-2193.7499999999995,2025-11-18 09:15:00,2025-11-18 09:16:00,target,1318.4619857099997,1342.4999999999998,78.513247065,1263.9867529349997,1318.4619857099997,-237.78801429,1556.2499999999998,6,26150,26200,26250,25550,25500,25450
2025-11-25,2025-11-19,CALL,18.749999999999996,17.75,0.9999999999999928,25900,25920.15,75,0.9,1.5,18.449999999999992,1245.374999999999,-2075.624999999999,2025-11-20 12:33:00,2025-11-20 12:34:00,stop,-2106.8567524425,-2111.249999999999,97.3030312425,-2208.553031242499,143.1432475575,-2106.8567524425,2250.0,6,26200,26250,26300,25600,25550,25500
2025-12-02,2025-11-26,PUT,16.849999999999994,15.4,1.4499999999999955,26100,26077.45,75,0.9,1.5,16.549999999999994,1117.1249999999995,-1861.8749999999995,2025-12-01 12:32:00,2025-12-01 12:33:00,target,1124.0607830624997,1143.7499999999998,78.2739374625,1065.4760625374995,1124.0607830624997,-147.1892169375,1271.2499999999998,6,26400,26450,26500,25800,25750,25700
2025-12-09,2025-12-03,CALL,15.900000000000006,14.550000000000004,1.3500000000000014,25950,25951.5,75,0.9,1.5,15.600000000000003,1053.0000000000005,-1755.000000000001,2025-12-08 09:15:00,2025-12-08 09:16:00,target,1164.540130485,1181.25,83.83447143749999,1097.4155285625,1164.540130485,-425.459869515,1590.0,6,26250,26300,26350,25650,25600,25550
2025-12-16,2025-12-10,PUT,12.75,10.9,1.8500000000000012,25900,25878.25,75,0.9,1.5,12.45,840.375,-1400.625,2025-12-16 10:02:00,2025-12-16 10:03:00,target,844.0614183524998,858.7499999999998,76.53923781750001,782.2107621824998,844.0614183524998,-1195.9385816475,2040.0,6,26200,26250,26300,25600,25550,25500
2025-12-23,2025-12-17,PUT,10.349999999999998,10.049999999999995,0.3000000000000007,25850,25868.35,75,0.9,1.5,10.049999999999995,678.3749999999998,-1130.6249999999995,2025-12-23 12:54:00,2025-12-23 12:55:00,target,680.0062134675,693.7499999999999,75.4901736225,618.2598263775,680.0062134675,-249.9937865325,930.0,6,26150,26200,26250,25550,25500,25450
2026-01-13,2026-01-07,PUT,6.149999999999999,4.349999999999998,1.8000000000000007,26150,26138.95,65,0.9,1.5,5.849999999999999,342.225,-570.3749999999999,2026-01-08 11:20:00,2026-01-08 11:21:00,stop,-625.7613218815,-594.75,79.1364598525,-673.8864598525,108.08867811849976,-625.7613218815,733.8499999999997,6,26450,26500,26550,25850,25800,25750
2026-02-03,2026-01-29,PUT,61.19999999999999,53.70000000000002,7.499999999999972,25200,25185.3,65,0.9,1.5,60.89999999999999,3562.65,-5937.749999999999,2026-02-01 12:30:00,2026-02-01 12:31:00,stop,-8229.539597449,-8196.5,125.607033359,-8322.107033359,2719.710402551,-8229.539597449,10949.25,6,25500,25550,25600,24900,24850,24800
2026-02-10,2026-02-04,PUT,43.650000000000006,32.50000000000001,11.15,25800,25779.55,65,0.9,1.5,43.35000000000001,2535.9750000000004,-4226.625000000001,2026-02-10 09:15:00,2026-02-10 09:16:00,target,2613.555003103501,2652.000000000001,84.04328060899999,2567.956719391001,2613.555003103501,-447.9449968965,3061.500000000001,6,26100,26150,26200,25500,25450,25400
2026-02-17,2026-02-11,PUT,19.200000000000003,11.799999999999995,7.400000000000006,25950,25943.2,65,0.9,1.5,18.9,1105.6500000000003,-1842.7500000000005,2026-02-13 09:15:00,2026-02-13 09:16:00,stop,-2283.939638371,-2265.25,92.7726200135,-2358.0226200135,257.560361629,-2283.939638371,2541.5,6,26250,26300,26350,25650,25600,25550
2026-02-24,2026-02-18,PUT,24.50000000000001,19.64999999999999,4.850000000000023,25650,25666.6,65,0.9,1.5,24.200000000000014,1415.700000000001,-2359.5000000000014,2026-02-19 15:18:00,2026-02-19 15:19:00,stop,-2434.839282955,-2404.999999999999,93.372479059,-2498.372479058999,821.660717045,-2434.839282955,3256.5,6,25950,26000,26050,25350,25300,25250
2026-03-10,2026-03-04,PUT,171.70000000000005,119.09999999999997,52.60000000000008,24350,24325.8,65,0.9,1.5,171.40000000000003,10026.9,-16711.500000000004,2026-03-10 09:15:00,2026-03-10 09:16:00,target,10254.823427939002,10312.250000000002,118.0870336445,10194.1629663555,10254.823427939002,-9573.426572061,19828.25,6,24650,24700,24750,24050,24000,23950
2026-03-17,2026-03-11,PUT,110.3,87.5,22.80000000000001,24150,24154.6,65,0.9,1.5,110.0,6435.000000000001,-10725.000000000002,2026-03-12 09:15:00,2026-03-12 09:16:00,stop,-14330.974809087,-14264.250000000004,159.0236615975,-14423.273661597505,-8.224809087000004,-14330.974809087,14322.75,6,24450,24500,24550,23850,23800,23750
2026-03-24,2026-03-18,PUT,94.55,53.75,40.80000000000001,23700,23691.15,65,0.9,1.5,94.25,5513.625000000001,-9189.375000000002,2026-03-19 09:38:00,2026-03-19 09:39:00,stop,-9598.5513226145,-9623.250000000004,141.3371740385,-9764.587174038505,1925.9486773855,-9598.5513226145,11524.5,6,24000,24050,24100,23400,23350,23300
2026-04-21,2026-04-15,PUT,77.75,60.70000000000002,17.049999999999983,24200,24216.8,65,0.9,1.5,77.45,4530.825,-7551.375,2026-04-21 09:15:00,2026-04-21 09:16:00,target,4903.564261601501,4946.500000000001,98.137244896,4848.362755104001,4903.564261601501,-660.4357383985,5564.000000000001,6,24500,24550,24600,23900,23850,23800
2026-04-28,2026-04-22,PUT,91.4,59.60000000000002,31.799999999999983,24400,24382.9,65,0.9,1.5,91.1,5329.350000000001,-8882.250000000002,2026-04-24 13:43:00,2026-04-24 13:44:00,stop,-8904.226047458,-8888.75,160.4792594165,-9049.2292594165,1794.773952542,-8904.226047458,10699.0,6,24700,24750,24800,24100,24050,24000
2026-05-12,2026-05-06,CALL,48.70000000000002,46.85000000000001,1.8500000000000083,24150,24140.6,65,0.9,1.5,48.40000000000002,2831.400000000001,-4719.000000000002,2026-05-07 12:40:00,2026-05-07 12:41:00,stop,-5294.195683349,-5235.75,125.7163543565,-5361.4663543565,812.5543166510009,-5294.195683349,6106.750000000001,6,24450,24500,24550,23850,23800,23750
2026-05-19,2026-05-13,CALL,88.64999999999998,78.8,9.84999999999998,23350,23371.15,65,0.9,1.5,88.34999999999998,5168.474999999999,-8614.124999999998,2026-05-19 11:11:00,2026-05-19 11:12:00,target,5200.7242587485,5268.25,119.4747527045,5148.7752472955,5200.7242587485,-6931.5257412515,12132.25,6,23650,23700,23750,23050,23000,22950
2026-05-26,2026-05-20,PUT,82.39999999999999,53.85,28.55,23550,23541.8,65,0.9,1.5,82.1,4802.85,-8004.75,2026-05-22 15:18:00,2026-05-22 15:19:00,target,4807.138808978,4852.25,102.5332046655,4749.716795334501,4807.138808978,-737.361191022,5544.5,6,23850,23900,23950,23250,23200,23150
2026-06-09,2026-06-03,CALL,57.6,46.60000000000001,10.999999999999986,23250,23253.15,65,0.9,1.5,57.3,3352.05,-5586.75,2026-06-08 12:31:00,2026-06-08 12:32:00,target,3354.9296729380017,3389.750000000002,95.93355200850002,3293.8164479915017,3354.9296729380017,-5166.570327062,8521.500000000002,6,23550,23600,23650,22950,22900,22850
2026-06-16,2026-06-10,PUT,43.55,39.30000000000001,4.249999999999986,23350,23366.6,65,0.9,1.5,43.25,2530.125,-4216.875,2026-06-15 09:15:00,2026-06-15 09:16:00,target,2573.7125463064995,2603.2499999999995,88.3359270775,2514.9140729225,2573.7125463064995,-2704.2874536935,5278.0,6,23650,23700,23750,23050,23000,22950
2026-06-23,2026-06-17,PUT,31.90000000000001,28.099999999999994,3.8000000000000114,24050,24067.9,65,0.9,1.5,31.600000000000005,1848.6000000000004,-3081.000000000001,2026-06-22 09:15:00,2026-06-22 09:16:00,target,1862.308874191,1888.25,85.3524046785,1802.8975953215,1862.308874191,-123.441125809,1985.75,6,24350,24400,24450,23750,23700,23650
2026-07-07,2026-07-01,PUT,26.450000000000003,22.200000000000003,4.25,24000,23981.15,65,0.9,1.5,26.15,1529.7750000000003,-2549.6250000000005,2026-07-06 09:15:00,2026-07-06 09:16:00,target,1542.217763702499,1563.249999999999,82.83275466250001,1480.417245337499,1542.217763702499,-300.5322362975009,1842.75,6,24300,24350,24400,23700,23650,23600
2026-07-14,2026-07-08,PUT,23.599999999999994,14.650000000000006,8.949999999999989,24250,24250.85,65,0.9,1.5,23.299999999999997,1363.0499999999995,-2271.749999999999,2026-07-08 13:53:00,2026-07-08 13:54:00,stop,-2746.933335355,-2752.749999999999,101.3894998825,-2854.139499882499,369.816664645,-2746.933335355,3116.75,6,24550,24600,24650,23950,23900,23850
2026-07-21,2026-07-15,PUT,34.3,14.5,19.8,24200,24185.0,65,0.9,1.5,34.0,1989.0,-3315.0,2026-07-21 09:15:00,2026-07-21 09:16:00,target,2092.296967227,2125.5,85.183896644,2040.316103356,2092.296967227,-3136.953032773,5229.25,6,24500,24550,24600,23900,23850,23800
